trial,universe,n_assets,T_in,iter,es95,l1_step,note
0,reit,22,485,0,-0.019746566158598402,nan,
0,reit,22,485,1,-0.02002364964868985,0.4391785529459555,
0,reit,22,485,2,-0.020754879336277583,0.4903564453125,
0,reit,22,485,-1,,,ValueError: all target probabilities must be positive
1,sp500,20,568,0,-0.016679961651656805,nan,
1,sp500,20,568,1,-0.015431782636369977,0.2290043146417784,
1,sp500,20,568,2,-0.014435412379673548,0.2330322265625,
1,sp500,20,568,3,-0.014220586713518415,0.2264404296875,
1,sp500,20,568,4,-0.01424806408691406,0.1915283203125,
1,sp500,20,568,5,-0.014578999372209819,0.156005859375,
1,sp500,20,568,6,-0.015172976187569754,0.1240234375,
1,sp500,20,568,7,-0.015643411298479355,0.089599609375,
1,sp500,20,568,-1,,,ValueError: all target probabilities must be positive
2,sp500,37,401,0,-0.02420422822347875,nan,
2,sp500,37,401,1,-0.024293511422293527,0.21260402280490157,
2,sp500,37,401,2,-0.024237085946219306,0.2020263671875,
2,sp500,37,401,3,-0.02457942693219866,0.1815185546875,
2,sp500,37,401,-1,,,ValueError: all target probabilities must be positive
3,sp500,18,491,0,-0.018910218252703222,nan,
3,sp500,18,491,1,-0.018924710274832588,0.22795396227211162,
3,sp500,18,491,2,-0.01908196413748605,0.184326171875,
3,sp500,18,491,3,-0.019279066659109934,0.156982421875,
3,sp500,18,491,4,-0.019489647940499438,0.129150390625,
3,sp500,18,491,-1,,,ValueError: all target probabilities must be positive
4,reit,25,425,0,-0.03169175299213308,nan,
4,reit,25,425,1,-0.030482329461728835,0.49707003539660777,
4,reit,25,425,2,-0.030912110979601677,0.5201416015625,
4,reit,25,425,-1,,,ValueError: all target probabilities must be positive
5,sp500,39,623,0,-0.009986413799093598,nan,
5,sp500,39,623,1,-0.010276367021833146,0.36654365335216743,
5,sp500,39,623,2,-0.010524371294294085,0.3594970703125,
5,sp500,39,623,3,-0.011133788495744978,0.3172607421875,
5,sp500,39,623,-1,,,ValueError: all target probabilities must be positive
6,reit,22,519,0,-0.027733332735888735,nan,
6,reit,22,519,1,-0.02636939669052371,0.45112068188879617,
6,reit,22,519,2,-0.02580857595985459,0.4786376953125,
6,reit,22,519,-1,,,ValueError: all target probabilities must be positive
7,reit,15,661,0,-0.023699571335653098,nan,
7,reit,15,661,1,-0.01862176881666266,0.5525619356036352,
7,reit,15,661,2,-0.01605008966476542,0.4014892578125,
7,reit,15,661,3,-0.015769830523265294,0.2386474609375,
7,reit,15,661,-1,,,ValueError: all target probabilities must be positive
8,reit,25,315,0,-0.01805669014131933,nan,
8,reit,25,315,1,-0.019857601566935282,0.6433218619757655,
8,reit,25,315,2,-0.02292483925761276,0.5704345703125,
8,reit,25,315,-1,,,ValueError: all target probabilities must be positive
9,sp500,23,669,0,-0.01963013136727534,nan,
9,sp500,23,669,1,-0.0191000284249442,0.14704471292082796,
9,sp500,23,669,2,-0.01854042441231864,0.14501953125,
9,sp500,23,669,3,-0.018105560259137836,0.142822265625,
9,sp500,23,669,4,-0.017725869306291855,0.1229248046875,
9,sp500,23,669,5,-0.017398862644740512,0.1141357421875,
9,sp500,23,669,-1,,,ValueError: all target probabilities must be positive
10,sp500,34,609,0,-0.019040545056699793,nan,
10,sp500,34,609,1,-0.018062853044782366,0.24893050750400908,
10,sp500,34,609,2,-0.017567111703055242,0.205322265625,
10,sp500,34,609,3,-0.01732924764578683,0.1754150390625,
10,sp500,34,609,-1,,,ValueError: all target probabilities must be positive
11,sp500,21,359,0,-0.02308833229087575,nan,
11,sp500,21,359,1,-0.019859518171037947,0.3612515375502919,
11,sp500,21,359,2,-0.01785998716517857,0.334716796875,
11,sp500,21,359,3,-0.016762107535226004,0.2781982421875,
11,sp500,21,359,4,-0.017029931823730467,0.2198486328125,
11,sp500,21,359,-1,,,ValueError: all target probabilities must be positive
12,reit,13,649,0,-0.08607331107978725,nan,
12,reit,13,649,1,-0.08348525218975375,0.2530152707663824,
12,reit,13,649,2,-0.08160705268279365,0.344482421875,
12,reit,13,649,3,-0.08122537051759823,0.390625,
12,reit,13,649,-1,,,ValueError: all target probabilities must be positive
13,reit,14,339,0,-0.10116144476255197,nan,
13,reit,14,339,1,-0.08646856709800313,0.3946804108705435,
13,reit,14,339,2,-0.07673006884500792,0.3082275390625,
13,reit,14,339,-1,,,ValueError: all target probabilities must be positive
14,reit,18,515,0,-0.015944182934973784,nan,
14,reit,18,515,1,-0.01573688721906717,0.5756119819651782,
14,reit,18,515,2,-0.018237789878776774,0.501220703125,
14,reit,18,515,3,-0.019863046670148248,0.2919921875,
14,reit,18,515,-1,,,ValueError: all target probabilities must be positive
15,reit,25,303,0,-0.02761788279305989,nan,
15,reit,25,303,1,-0.02564606727413426,0.4379360563079848,
15,reit,25,303,2,-0.023925708021546994,0.57421875,
15,reit,25,303,-1,,,ValueError: all target probabilities must be positive
16,reit,16,272,0,-0.015246757311982188,nan,
16,reit,16,272,1,-0.014438926677968348,0.4475875996771921,
16,reit,16,272,2,-0.014348476897188581,0.496826171875,
16,reit,16,272,3,-0.015434914798458505,0.347900390625,
16,reit,16,272,-1,,,ValueError: all target probabilities must be positive
17,reit,22,457,0,-0.018911271048573246,nan,
17,reit,22,457,1,-0.015872553137598895,0.5515595630076016,
17,reit,22,457,2,-0.016612841353012883,0.451904296875,
17,reit,22,457,-1,,,ValueError: all target probabilities must be positive
18,reit,19,683,0,-0.010595530510061972,nan,
18,reit,19,683,1,-0.00982690826241935,0.5943800159523469,
18,reit,19,683,2,-0.01131396361984957,0.552490234375,
18,reit,19,683,-1,,,ValueError: all target probabilities must be positive
19,sp500,17,722,0,-0.01997281093811312,nan,
19,sp500,17,722,1,-0.018589103995186946,0.21131428800206,
19,sp500,17,722,2,-0.017512986206054685,0.214599609375,
19,sp500,17,722,3,-0.01709406484549386,0.2047119140625,
19,sp500,17,722,4,-0.016624159371512275,0.18798828125,
19,sp500,17,722,5,-0.016318712515694753,0.150390625,
19,sp500,17,722,-1,,,ValueError: all target probabilities must be positive
20,sp500,23,656,0,-0.016826875042557223,nan,
20,sp500,23,656,1,-0.01703382396589007,0.17264589775642694,
20,sp500,23,656,2,-0.017174467738560267,0.1614990234375,
20,sp500,23,656,3,-0.01739849179513114,0.13818359375,
20,sp500,23,656,4,-0.01768214212472098,0.1148681640625,
20,sp500,23,656,-1,,,ValueError: all target probabilities must be positive
21,reit,25,289,0,-0.09736321213714409,nan,
21,reit,25,289,1,-0.1012123890502064,0.46304053275911916,
21,reit,25,289,2,-0.10419782923710175,0.402099609375,
21,reit,25,289,3,-0.10636579429997352,0.2864990234375,
21,reit,25,289,-1,,,ValueError: all target probabilities must be positive
22,reit,22,598,0,-0.034527262111218655,nan,
22,reit,22,598,1,-0.03090057872739544,0.7267419733381882,
22,reit,22,598,2,-0.030194635681066843,0.4970703125,
22,reit,22,598,-1,,,ValueError: all target probabilities must be positive
23,reit,12,700,0,-0.016946024548580085,nan,
23,reit,12,700,1,-0.017509749995112397,0.32653021347198935,
23,reit,12,700,2,-0.018447379307668495,0.439453125,
23,reit,12,700,3,-0.01954657384493147,0.3602294921875,
23,reit,12,700,4,-0.0207889905838908,0.2635498046875,
23,reit,12,700,-1,,,ValueError: all target probabilities must be positive
24,reit,12,515,0,-0.02686491815056837,nan,
24,reit,12,515,1,-0.026765776153139537,0.20479007841519886,
24,reit,12,515,2,-0.02682670618098329,0.2237548828125,
24,reit,12,515,3,-0.027114270813005572,0.2066650390625,
24,reit,12,515,4,-0.027589992305609903,0.153564453125,
24,reit,12,515,5,-0.02808536604034283,0.1087646484375,
24,reit,12,515,6,-0.028828003789259937,0.09375,
24,reit,12,515,-1,,,ValueError: all target probabilities must be positive
25,reit,22,274,0,-0.012744067261208783,nan,
25,reit,22,274,1,-0.012805242345693187,0.4119920677090772,
25,reit,22,274,2,-0.013606351959291075,0.4796142578125,
25,reit,22,274,-1,,,ValueError: all target probabilities must be positive
26,sp500,26,418,0,-0.03150341145754443,nan,
26,sp500,26,418,1,-0.03075178030831473,0.27353096651025954,
26,sp500,26,418,2,-0.03046809945242745,0.2720947265625,
26,sp500,26,418,3,-0.03032732112339565,0.2484130859375,
26,sp500,26,418,4,-0.029988578360421316,0.225830078125,
26,sp500,26,418,-1,,,ValueError: all target probabilities must be positive
27,reit,14,741,0,-0.030724907553617398,nan,
27,reit,14,741,1,-0.02811462447156729,0.4269974350947052,
27,reit,14,741,2,-0.027251216541641705,0.2391357421875,
27,reit,14,741,-1,,,ValueError: all target probabilities must be positive
28,sp500,31,503,0,-0.018042711964296954,nan,
28,sp500,31,503,1,-0.017588180236816405,0.3157374691762175,
28,sp500,31,503,2,-0.01739510417829241,0.32763671875,
28,sp500,31,503,3,-0.017727705732073103,0.310791015625,
28,sp500,31,503,-1,,,ValueError: all target probabilities must be positive
29,reit,12,341,0,-0.03330582663612632,nan,
29,reit,12,341,1,-0.03371200898532481,0.33692285441406045,
29,reit,12,341,2,-0.03414649362448915,0.278076171875,
29,reit,12,341,-1,,,ValueError: all target probabilities must be positive
30,reit,21,505,0,-0.019394142423045112,nan,
30,reit,21,505,1,-0.017780292617686804,0.44041579887796456,
30,reit,21,505,2,-0.01761822544024274,0.5418701171875,
30,reit,21,505,3,-0.017846044283809967,0.4444580078125,
30,reit,21,505,-1,,,ValueError: all target probabilities must be positive
31,sp500,31,622,0,-0.013323669350978184,nan,
31,sp500,31,622,1,-0.012434408857073103,0.22408422316718263,
31,sp500,31,622,2,-0.01254092760358538,0.2049560546875,
31,sp500,31,622,3,-0.013120395656040734,0.1744384765625,
31,sp500,31,622,-1,,,ValueError: all target probabilities must be positive
32,sp500,30,271,0,-0.009628714737119501,nan,
32,sp500,30,271,1,-0.00987101456124442,0.26206510321418647,
32,sp500,30,271,2,-0.010225815002441406,0.2803955078125,
32,sp500,30,271,3,-0.011129646118164064,0.273681640625,
32,sp500,30,271,-1,,,ValueError: all target probabilities must be positive
33,reit,17,294,0,-0.02178234570046007,nan,
33,reit,17,294,1,-0.02093760717824446,0.3916656232573567,
33,reit,17,294,2,-0.020476576755808367,0.44384765625,
33,reit,17,294,3,-0.02166538503317376,0.334716796875,
33,reit,17,294,-1,,,ValueError: all target probabilities must be positive
34,reit,13,407,0,-0.023904370540023166,nan,
34,reit,13,407,1,-0.02386260311054053,0.11201594502659408,
34,reit,13,407,2,-0.023984909488288544,0.12841796875,
34,reit,13,407,3,-0.024185334569520937,0.13330078125,
34,reit,13,407,4,-0.024719497793589274,0.130126953125,
34,reit,13,407,5,-0.025571388480522202,0.1251220703125,
34,reit,13,407,6,-0.027078722683251934,0.1258544921875,
34,reit,13,407,7,-0.029234397425207663,0.1256103515625,
34,reit,13,407,-1,,,ValueError: all target probabilities must be positive
35,sp500,14,634,0,-0.02941631150321116,nan,
35,sp500,14,634,1,-0.03556956149727957,0.28105125349850607,
35,sp500,14,634,2,-0.04434589937918527,0.250732421875,
35,sp500,14,634,3,-0.053145615059988834,0.19091796875,
35,sp500,14,634,4,-0.06192904521833147,0.1695556640625,
35,sp500,14,634,-1,,,ValueError: all target probabilities must be positive
36,reit,19,613,0,-0.017521106217252374,nan,
36,reit,19,613,1,-0.01610243728776797,0.38625669342883256,
36,reit,19,613,2,-0.015156104223752551,0.468505859375,
36,reit,19,613,3,-0.015885095928989432,0.387939453125,
36,reit,19,613,-1,,,ValueError: all target probabilities must be positive
37,sp500,19,453,0,-0.012809165026151413,nan,
37,sp500,19,453,1,-0.012368752406529017,0.16982023473985558,
37,sp500,19,453,2,-0.012365726789202006,0.1925048828125,
37,sp500,19,453,3,-0.01305919175502232,0.216064453125,
37,sp500,19,453,4,-0.014595388262067521,0.22802734375,
37,sp500,19,453,5,-0.01635991263253348,0.2308349609375,
37,sp500,19,453,-1,,,ValueError: all target probabilities must be positive
38,reit,25,552,0,-0.023734021117253316,nan,
38,reit,25,552,1,-0.023321205551908104,0.3349302531595782,
38,reit,25,552,2,-0.02239438869141263,0.4637451171875,
38,reit,25,552,3,-0.02223399595346606,0.492431640625,
38,reit,25,552,-1,,,ValueError: all target probabilities must be positive
39,reit,23,637,0,-0.025806922837484984,nan,
39,reit,23,637,1,-0.02685645718520821,0.39483921849885933,
39,reit,23,637,2,-0.02791369529825632,0.4058837890625,
39,reit,23,637,3,-0.02873557737255156,0.339111328125,
39,reit,23,637,-1,,,ValueError: all target probabilities must be positive
40,sp500,14,599,0,-0.020529190353514117,nan,
40,sp500,14,599,1,-0.02113149308558873,0.3341018654746865,
40,sp500,14,599,2,-0.022318198460170198,0.334228515625,
40,sp500,14,599,3,-0.023954405194963727,0.260986328125,
40,sp500,14,599,-1,,,ValueError: all target probabilities must be positive
41,sp500,18,496,0,-0.07240331192302725,nan,
41,sp500,18,496,1,-0.07177578109305245,0.1728416055063931,
41,sp500,18,496,2,-0.07127941888427734,0.16357421875,
41,sp500,18,496,3,-0.07101593430001395,0.1474609375,
41,sp500,18,496,4,-0.07114019570486887,0.1285400390625,
41,sp500,18,496,5,-0.07175825794328962,0.10009765625,
41,sp500,18,496,-1,,,ValueError: all target probabilities must be positive
42,reit,22,327,0,-0.023138988007690212,nan,
42,reit,22,327,1,-0.025093660610922084,0.5938284535152101,
42,reit,22,327,2,-0.029939953316661085,0.4683837890625,
42,reit,22,327,-1,,,ValueError: all target probabilities must be positive
43,sp500,18,434,0,-0.09001203059115226,nan,
43,sp500,18,434,1,-0.08978488372802736,0.11667304597327305,
43,sp500,18,434,2,-0.0893857625645229,0.118408203125,
43,sp500,18,434,3,-0.08886091421944756,0.1220703125,
43,sp500,18,434,4,-0.08816477930559431,0.1180419921875,
43,sp500,18,434,5,-0.08790448004150389,0.1160888671875,
43,sp500,18,434,-1,,,ValueError: all target probabilities must be positive
44,sp500,33,694,0,-0.018125594982524418,nan,
44,sp500,33,694,1,-0.017023954162597655,0.31539590879450136,
44,sp500,33,694,2,-0.01674773508998326,0.27880859375,
44,sp500,33,694,3,-0.016953558654785157,0.23681640625,
44,sp500,33,694,-1,,,ValueError: all target probabilities must be positive
45,sp500,18,724,0,-0.0331964115476043,nan,
45,sp500,18,724,1,-0.03356096221923828,0.13701311446310369,
45,sp500,18,724,2,-0.033959011021205354,0.163330078125,
45,sp500,18,724,3,-0.0343252877633231,0.1639404296875,
45,sp500,18,724,4,-0.034806689348493305,0.1470947265625,
45,sp500,18,724,5,-0.03530042853655134,0.120849609375,
45,sp500,18,724,6,-0.03571303861781529,0.087890625,
45,sp500,18,724,-1,,,ValueError: all target probabilities must be positive
46,reit,14,664,0,-0.01503248695003131,nan,
46,reit,14,664,1,-0.014984089528404503,0.1679784309165942,
46,reit,14,664,2,-0.015167161172719856,0.2314453125,
46,reit,14,664,3,-0.016159075489027175,0.275390625,
46,reit,14,664,4,-0.018067942599892885,0.2562255859375,
46,reit,14,664,5,-0.020234093124225028,0.2198486328125,
46,reit,14,664,6,-0.022529502602118213,0.170654296875,
46,reit,14,664,-1,,,ValueError: all target probabilities must be positive
47,sp500,39,343,0,-0.015274700413886368,nan,
47,sp500,39,343,1,-0.014005611075265068,0.29754088021005165,
47,sp500,39,343,2,-0.013842379586356026,0.2213134765625,
47,sp500,39,343,-1,,,ValueError: all target probabilities must be positive
48,reit,25,284,0,-0.028939682308990838,nan,
48,reit,25,284,1,-0.028844167873931754,0.4193017223617682,
48,reit,25,284,2,-0.0338700683299949,0.4747314453125,
48,reit,25,284,3,-0.041217259358822644,0.401123046875,
48,reit,25,284,-1,,,ValueError: all target probabilities must be positive
49,reit,18,709,0,-0.01860573350584811,nan,
49,reit,18,709,1,-0.017090692809065822,0.40970845684857,
49,reit,18,709,2,-0.016308151665139412,0.392578125,
49,reit,18,709,-1,,,ValueError: all target probabilities must be positive
50,reit,15,602,0,-0.018887181916153357,nan,
50,reit,15,602,1,-0.018164103955645227,0.321528373189216,
50,reit,15,602,2,-0.017966485741574664,0.4971923828125,
50,reit,15,602,3,-0.02040958401639054,0.4517822265625,
50,reit,15,602,4,-0.023626330693502312,0.2413330078125,
50,reit,15,602,-1,,,ValueError: all target probabilities must be positive
51,reit,20,332,0,-0.08652325715405136,nan,
51,reit,20,332,1,-0.08956868879978312,0.5128894891878643,
51,reit,20,332,2,-0.09229574669578379,0.4967041015625,
51,reit,20,332,-1,,,ValueError: all target probabilities must be positive
52,sp500,35,608,0,-0.009425562718429191,nan,
52,sp500,35,608,1,-0.009094896432059152,0.22131630450046427,
52,sp500,35,608,2,-0.009052411900111607,0.247314453125,
52,sp500,35,608,3,-0.00927063099016462,0.267333984375,
52,sp500,35,608,4,-0.009645643790108818,0.252685546875,
52,sp500,35,608,-1,,,ValueError: all target probabilities must be positive
53,reit,18,571,0,-0.031790408526537764,nan,
53,reit,18,571,1,-0.0306731285504862,0.2924067061912181,
53,reit,18,571,2,-0.029582633427158913,0.2882080078125,
53,reit,18,571,3,-0.02867650256798874,0.2288818359375,
53,reit,18,571,4,-0.02820935414236016,0.1566162109375,
53,reit,18,571,5,-0.028077214294309125,0.126953125,
53,reit,18,571,-1,,,ValueError: all target probabilities must be positive
54,sp500,34,289,0,-0.018652773677653074,nan,
54,sp500,34,289,1,-0.017562419206891743,0.25246643183337236,
54,sp500,34,289,2,-0.016809283438546315,0.282958984375,
54,sp500,34,289,3,-0.016265247593470984,0.283447265625,
54,sp500,34,289,-1,,,ValueError: all target probabilities must be positive
55,reit,25,297,0,-0.011157774051358283,nan,
55,reit,25,297,1,-0.010991863511220544,0.1909306741854435,
55,reit,25,297,2,-0.01096634821113647,0.2081298828125,
55,reit,25,297,3,-0.011367409716130537,0.2110595703125,
55,reit,25,297,4,-0.011918428129590578,0.2008056640625,
55,reit,25,297,5,-0.01256146701686331,0.1746826171875,
55,reit,25,297,6,-0.013865480730117393,0.146484375,
55,reit,25,297,-1,,,ValueError: all target probabilities must be positive
56,sp500,23,574,0,-0.011464319786880218,nan,
56,sp500,23,574,1,-0.012353796752929688,0.28165048416715677,
56,sp500,23,574,2,-0.01261557306780134,0.234130859375,
56,sp500,23,574,3,-0.012213572509765626,0.1827392578125,
56,sp500,23,574,-1,,,ValueError: all target probabilities must be positive
57,sp500,29,273,0,-0.016216795808448786,nan,
57,sp500,29,273,1,-0.015701895132882254,0.27059074865563043,
57,sp500,29,273,2,-0.015218208635602677,0.26318359375,
57,sp500,29,273,3,-0.014871793892996652,0.2225341796875,
57,sp500,29,273,4,-0.0146187333984375,0.177734375,
57,sp500,29,273,-1,,,ValueError: all target probabilities must be positive
58,sp500,16,712,0,-0.02352152427107266,nan,
58,sp500,16,712,1,-0.022983918125697545,0.14485668882135883,
58,sp500,16,712,2,-0.0226804428187779,0.15380859375,
58,sp500,16,712,3,-0.02240472909981864,0.15234375,
58,sp500,16,712,4,-0.02221149407958984,0.141845703125,
58,sp500,16,712,5,-0.022219015930175782,0.1278076171875,
58,sp500,16,712,6,-0.022346793300083708,0.1123046875,
58,sp500,16,712,7,-0.022437884748186383,0.0931396484375,
58,sp500,16,712,8,-0.022537125810895644,0.0751953125,
59,sp500,22,474,0,-0.023979703212375636,nan,
59,sp500,22,474,1,-0.0227642143031529,0.23473186157091608,
59,sp500,22,474,2,-0.021630020281110492,0.2420654296875,
59,sp500,22,474,3,-0.020389302403041296,0.234375,
59,sp500,22,474,4,-0.01903590233503069,0.20947265625,
59,sp500,22,474,-1,,,ValueError: all target probabilities must be positive
60,sp500,33,295,0,-0.029299132515461918,nan,
60,sp500,33,295,1,-0.028215961164202007,0.2830201849596529,
60,sp500,33,295,2,-0.02780777015032087,0.23681640625,
60,sp500,33,295,3,-0.028021717468261716,0.2109375,
60,sp500,33,295,-1,,,ValueError: all target probabilities must be positive
61,sp500,16,403,0,-0.03880769555881482,nan,
61,sp500,16,403,1,-0.03890644262695312,0.16161863314880157,
61,sp500,16,403,2,-0.03918460952322824,0.1773681640625,
61,sp500,16,403,3,-0.03961615141950335,0.1845703125,
61,sp500,16,403,4,-0.040226950360979355,0.184326171875,
61,sp500,16,403,5,-0.04096116520472935,0.168212890625,
61,sp500,16,403,6,-0.04179746716308593,0.1385498046875,
61,sp500,16,403,-1,,,ValueError: all target probabilities must be positive
62,reit,20,370,0,-0.023022290688407672,nan,
62,reit,20,370,1,-0.02039379394785436,0.4831932950497945,
62,reit,20,370,2,-0.019584139291401705,0.4796142578125,
62,reit,20,370,-1,,,ValueError: all target probabilities must be positive
63,sp500,28,548,0,-0.01884974703076369,nan,
63,sp500,28,548,1,-0.0157098427734375,0.39426536715589205,
63,sp500,28,548,2,-0.015579795288085937,0.30126953125,
63,sp500,28,548,3,-0.01674196283830915,0.202880859375,
63,sp500,28,548,-1,,,ValueError: all target probabilities must be positive
64,reit,12,366,0,-0.01085451500828219,nan,
64,reit,12,366,1,-0.010841992066310603,0.19101869692329423,
64,reit,12,366,2,-0.010967597085886798,0.2091064453125,
64,reit,12,366,3,-0.011116739463984799,0.208984375,
64,reit,12,366,4,-0.011430859045853305,0.1961669921875,
64,reit,12,366,5,-0.012093639380527781,0.169921875,
64,reit,12,366,-1,,,ValueError: all target probabilities must be positive
65,reit,18,732,0,-0.03413360536265042,nan,
65,reit,18,732,1,-0.033519497890307,0.2446470272070127,
65,reit,18,732,2,-0.03264337810809607,0.2943115234375,
65,reit,18,732,3,-0.03285498937240563,0.33544921875,
65,reit,18,732,4,-0.03342930745394773,0.314208984375,
65,reit,18,732,-1,,,ValueError: all target probabilities must be positive
66,sp500,22,741,0,-0.017238079040400756,nan,
66,sp500,22,741,1,-0.018050481462751115,0.1834384158739622,
66,sp500,22,741,2,-0.018993236729213166,0.2017822265625,
66,sp500,22,741,3,-0.02002988644845145,0.1937255859375,
66,sp500,22,741,4,-0.021125089503696987,0.17724609375,
66,sp500,22,741,-1,,,ValueError: all target probabilities must be positive
67,reit,13,744,0,-0.03172925074870972,nan,
67,reit,13,744,1,-0.031009817246993965,0.3086692255025335,
67,reit,13,744,2,-0.03066233529416896,0.2825927734375,
67,reit,13,744,3,-0.03084177284457878,0.2078857421875,
67,reit,13,744,4,-0.0312601187013783,0.160888671875,
67,reit,13,744,5,-0.03184291517685463,0.1424560546875,
67,reit,13,744,-1,,,ValueError: all target probabilities must be positive
68,sp500,15,704,0,-0.016763604434145547,nan,
68,sp500,15,704,1,-0.01601266925920759,0.25128507999363897,
68,sp500,15,704,2,-0.015789024658203126,0.2674560546875,
68,sp500,15,704,3,-0.016653796630859374,0.2342529296875,
68,sp500,15,704,4,-0.01749968731689453,0.1707763671875,
68,sp500,15,704,5,-0.01836373660714286,0.1427001953125,
68,sp500,15,704,-1,,,ValueError: all target probabilities must be positive
69,sp500,20,601,0,-0.01873568340365404,nan,
69,sp500,20,601,1,-0.01783945237513951,0.16774492748233844,
69,sp500,20,601,2,-0.017712965881347655,0.1495361328125,
69,sp500,20,601,3,-0.017666578308105467,0.129638671875,
69,sp500,20,601,4,-0.01772496396309989,0.12353515625,
69,sp500,20,601,5,-0.0179509201398577,0.1168212890625,
69,sp500,20,601,6,-0.01824837104143415,0.1119384765625,
69,sp500,20,601,-1,,,ValueError: all target probabilities must be positive
70,sp500,36,483,0,-0.012469774259336392,nan,
70,sp500,36,483,1,-0.011795416338239396,0.3434215362939824,
70,sp500,36,483,2,-0.011853363481794084,0.35400390625,
70,sp500,36,483,3,-0.01262251739501953,0.2998046875,
70,sp500,36,483,4,-0.013429086530412946,0.2203369140625,
70,sp500,36,483,-1,,,ValueError: all target probabilities must be positive
71,reit,12,575,0,-0.023420317854484896,nan,
71,reit,12,575,1,-0.021652898922642945,0.3145031666595038,
71,reit,12,575,2,-0.019826885163777935,0.3323974609375,
71,reit,12,575,3,-0.018264865043098325,0.28955078125,
71,reit,12,575,4,-0.0172439405540142,0.22021484375,
71,reit,12,575,-1,,,ValueError: all target probabilities must be positive
72,sp500,30,465,0,-0.013225913687877375,nan,
72,sp500,30,465,1,-0.012310849129813058,0.3134040553696383,
72,sp500,30,465,2,-0.012279945608956472,0.3275146484375,
72,sp500,30,465,3,-0.012629021876743862,0.2813720703125,
72,sp500,30,465,-1,,,ValueError: all target probabilities must be positive
73,reit,21,512,0,-0.02377446791638129,nan,
73,reit,21,512,1,-0.022017541352512604,0.41245643950866934,
73,reit,21,512,2,-0.021732849515717165,0.4681396484375,
73,reit,21,512,-1,,,ValueError: all target probabilities must be positive
74,reit,15,293,0,-0.023069536655866564,nan,
74,reit,15,293,1,-0.022661582144048044,0.3740198269642614,
74,reit,15,293,2,-0.024448937265191952,0.4346923828125,
74,reit,15,293,3,-0.026466783594235023,0.4156494140625,
74,reit,15,293,-1,,,ValueError: all target probabilities must be positive
75,reit,23,270,0,-0.022212367454714475,nan,
75,reit,23,270,1,-0.02024264362908398,0.6312615868505154,
75,reit,23,270,2,-0.021583879843294677,0.4534912109375,
75,reit,23,270,-1,,,ValueError: all target probabilities must be positive
76,sp500,25,293,0,-0.014075992996526673,nan,
76,sp500,25,293,1,-0.012960520132882253,0.3479134252673565,
76,sp500,25,293,2,-0.012245306100027902,0.3685302734375,
76,sp500,25,293,3,-0.01241786478969029,0.2633056640625,
76,sp500,25,293,-1,,,ValueError: all target probabilities must be positive
77,sp500,28,268,0,-0.015889814049143046,nan,
77,sp500,28,268,1,-0.015659042742047994,0.36225247755308243,
77,sp500,28,268,2,-0.01630462438964844,0.4091796875,
77,sp500,28,268,3,-0.017898432721819197,0.36767578125,
77,sp500,28,268,-1,,,ValueError: all target probabilities must be positive
78,sp500,18,510,0,-0.021643116079092646,nan,
78,sp500,18,510,1,-0.022074635646275115,0.18098918555932175,
78,sp500,18,510,2,-0.022448850873674663,0.218994140625,
78,sp500,18,510,3,-0.022649864100864954,0.211669921875,
78,sp500,18,510,4,-0.02266337118094308,0.159423828125,
78,sp500,18,510,-1,,,ValueError: all target probabilities must be positive
79,sp500,24,521,0,-0.010072397533145882,nan,
79,sp500,24,521,1,-0.009887253121512276,0.24117489445617205,
79,sp500,24,521,2,-0.010193361519949777,0.2803955078125,
79,sp500,24,521,3,-0.010923282671247208,0.2794189453125,
79,sp500,24,521,4,-0.011815849888392854,0.236328125,
79,sp500,24,521,-1,,,ValueError: all target probabilities must be positive
80,reit,16,620,0,-0.015593740110832513,nan,
80,reit,16,620,1,-0.014581752067593087,0.2859190111722152,
80,reit,16,620,2,-0.015016172149488253,0.4190673828125,
80,reit,16,620,3,-0.01924465120200097,0.3946533203125,
80,reit,16,620,4,-0.022501543632087166,0.2843017578125,
80,reit,16,620,-1,,,ValueError: all target probabilities must be positive
81,reit,24,691,0,-0.02920827624702566,nan,
81,reit,24,691,1,-0.027830241359058098,0.4124192501333822,
81,reit,24,691,2,-0.026848241759737542,0.419189453125,
81,reit,24,691,3,-0.026666720843309778,0.3270263671875,
81,reit,24,691,-1,,,ValueError: all target probabilities must be positive
82,reit,21,554,0,-0.023242909615864133,nan,
82,reit,21,554,1,-0.0221396979628521,0.3536272845228986,
82,reit,21,554,2,-0.020843579207726115,0.4183349609375,
82,reit,21,554,3,-0.020110392258783173,0.34912109375,
82,reit,21,554,-1,,,ValueError: all target probabilities must be positive
83,sp500,17,252,0,-0.013533457878522557,nan,
83,sp500,17,252,1,-0.012817950177873882,0.15263248794751877,
83,sp500,17,252,2,-0.012441428013392857,0.15771484375,
83,sp500,17,252,3,-0.012552509155273438,0.1580810546875,
83,sp500,17,252,4,-0.012648774780273436,0.1552734375,
83,sp500,17,252,5,-0.012713639029366631,0.150634765625,
83,sp500,17,252,-1,,,ValueError: all target probabilities must be positive
84,reit,16,602,0,-0.02073070463866265,nan,
84,reit,16,602,1,-0.02069570016632622,0.47243076524222904,
84,reit,16,602,2,-0.02099990870297611,0.44384765625,
84,reit,16,602,3,-0.021676473940620004,0.232421875,
84,reit,16,602,-1,,,ValueError: all target probabilities must be positive
85,sp500,28,259,0,-0.01527425335829879,nan,
85,sp500,28,259,1,-0.014165404506138393,0.35307205072241155,
85,sp500,28,259,2,-0.014213248596191405,0.3035888671875,
85,sp500,28,259,-1,,,ValueError: all target probabilities must be positive
86,reit,23,525,0,-0.029227450955706082,nan,
86,reit,23,525,1,-0.028566736264964542,0.4571558636333506,
86,reit,23,525,2,-0.02806888752200381,0.4569091796875,
86,reit,23,525,-1,,,ValueError: all target probabilities must be positive
87,reit,21,473,0,-0.03649465904967134,nan,
87,reit,21,473,1,-0.035094939572544635,0.6342168170790933,
87,reit,21,473,2,-0.03540263632633885,0.384765625,
87,reit,21,473,-1,,,ValueError: all target probabilities must be positive
88,reit,13,317,0,-0.10337928573281707,nan,
88,reit,13,317,1,-0.10781307258211816,0.3678607252247452,
88,reit,13,317,2,-0.11059999096804765,0.406494140625,
88,reit,13,317,3,-0.11043720434948698,0.2655029296875,
88,reit,13,317,-1,,,ValueError: all target probabilities must be positive
89,reit,14,446,0,-0.020494736814055718,nan,
89,reit,14,446,1,-0.01855368033152303,0.4262713069449711,
89,reit,14,446,2,-0.01712330589885835,0.4425048828125,
89,reit,14,446,3,-0.017145526059222534,0.329345703125,
89,reit,14,446,-1,,,ValueError: all target probabilities must be positive
90,reit,12,308,0,-0.03559766302399694,nan,
90,reit,12,308,1,-0.033606594622827606,0.44067566332320235,
90,reit,12,308,2,-0.03204073121218171,0.470947265625,
90,reit,12,308,-1,,,ValueError: all target probabilities must be positive
91,reit,24,648,0,-0.024252038472815228,nan,
91,reit,24,648,1,-0.02241412331528161,0.4537128491712287,
91,reit,24,648,2,-0.02114925387208069,0.3558349609375,
91,reit,24,648,3,-0.02027522574165939,0.2508544921875,
91,reit,24,648,-1,,,ValueError: all target probabilities must be positive
92,reit,16,505,0,-0.021629717340729826,nan,
92,reit,16,505,1,-0.024770129574694728,0.5223098875063698,
92,reit,16,505,2,-0.029931044975253958,0.4508056640625,
92,reit,16,505,-1,,,ValueError: all target probabilities must be positive
93,reit,15,464,0,-0.017471696724907115,nan,
93,reit,15,464,1,-0.017891516435586525,0.4217550150424693,
93,reit,15,464,2,-0.019630493624301925,0.5185546875,
93,reit,15,464,3,-0.02143744634984434,0.4171142578125,
93,reit,15,464,-1,,,ValueError: all target probabilities must be positive
94,sp500,36,472,0,-0.019167004947917222,nan,
94,sp500,36,472,1,-0.017977833871023995,0.40748056584255465,
94,sp500,36,472,2,-0.01726792401123047,0.4149169921875,
94,sp500,36,472,3,-0.017632147984095983,0.3299560546875,
94,sp500,36,472,-1,,,ValueError: all target probabilities must be positive
95,sp500,15,615,0,-0.0662450401767368,nan,
95,sp500,15,615,1,-0.06388716965157645,0.14963709734240682,
95,sp500,15,615,2,-0.06101990686035156,0.1673583984375,
95,sp500,15,615,3,-0.05788162127685548,0.1759033203125,
95,sp500,15,615,4,-0.054576341718401235,0.17578125,
95,sp500,15,615,5,-0.05143542463030134,0.1719970703125,
95,sp500,15,615,6,-0.04916094555664063,0.14306640625,
95,sp500,15,615,7,-0.04784053714425224,0.1131591796875,
95,sp500,15,615,8,-0.047966387738909044,0.088134765625,
96,reit,23,540,0,-0.11833796678525645,nan,
96,reit,23,540,1,-0.10586891973613115,0.5853529552643965,
96,reit,23,540,2,-0.10179579370340171,0.482666015625,
96,reit,23,540,-1,,,ValueError: all target probabilities must be positive
97,reit,12,558,0,-0.015934929407534822,nan,
97,reit,12,558,1,-0.014218943572732996,0.3902953287731242,
97,reit,12,558,2,-0.014491308037120176,0.4447021484375,
97,reit,12,558,3,-0.017257729377416976,0.328857421875,
97,reit,12,558,-1,,,ValueError: all target probabilities must be positive
98,sp500,39,556,0,-0.02272066504259713,nan,
98,sp500,39,556,1,-0.02214083052280971,0.31465340513459283,
98,sp500,39,556,2,-0.022512203935895644,0.28662109375,
98,sp500,39,556,3,-0.023164854125976558,0.26123046875,
98,sp500,39,556,-1,,,ValueError: all target probabilities must be positive
99,sp500,37,638,0,-0.018568937796727365,nan,
99,sp500,37,638,1,-0.01705380699811663,0.2771267505035589,
99,sp500,37,638,2,-0.016217535269601006,0.2520751953125,
99,sp500,37,638,3,-0.016134397783551895,0.2098388671875,
99,sp500,37,638,4,-0.016247122401646205,0.1783447265625,
99,sp500,37,638,-1,,,ValueError: all target probabilities must be positive
100,reit,20,675,0,-0.01718158286777578,nan,
100,reit,20,675,1,-0.019208096629870292,0.5735333443323078,
100,reit,20,675,2,-0.023263768892498565,0.4805908203125,
100,reit,20,675,-1,,,ValueError: all target probabilities must be positive
101,reit,20,460,0,-0.02403335523612214,nan,
101,reit,20,460,1,-0.025749938927711873,0.6917660280511277,
101,reit,20,460,2,-0.029346929244535382,0.5093994140625,
101,reit,20,460,-1,,,ValueError: all target probabilities must be positive
102,reit,20,356,0,-0.024708511682481976,nan,
102,reit,20,356,1,-0.025004761439785105,0.2705639649238685,
102,reit,20,356,2,-0.02542817655168373,0.251953125,
102,reit,20,356,3,-0.025816514898737524,0.210693359375,
102,reit,20,356,4,-0.026184528311421987,0.1722412109375,
102,reit,20,356,5,-0.026330517404418875,0.1488037109375,
102,reit,20,356,-1,,,ValueError: all target probabilities must be positive
103,reit,21,575,0,-0.03258997142431488,nan,
103,reit,21,575,1,-0.03427443586185181,0.3121291373313027,
103,reit,21,575,2,-0.037192621867871915,0.397705078125,
103,reit,21,575,3,-0.040590101142516495,0.3878173828125,
103,reit,21,575,4,-0.04343443766567732,0.332275390625,
103,reit,21,575,-1,,,ValueError: all target probabilities must be positive
104,reit,12,259,0,-0.03054452131678256,nan,
104,reit,12,259,1,-0.026032532392056013,0.7560571902439853,
104,reit,12,259,2,-0.024537913165629945,0.5272216796875,
104,reit,12,259,-1,,,ValueError: all target probabilities must be positive
105,sp500,12,295,0,-0.02807753491387858,nan,
105,sp500,12,295,1,-0.02776428734479632,0.13504878293089045,
105,sp500,12,295,2,-0.027708753077915736,0.15771484375,
105,sp500,12,295,3,-0.02796065738351005,0.1827392578125,
105,sp500,12,295,-1,,,ValueError: all target probabilities must be positive
106,reit,22,475,0,-0.12342427853293966,nan,
106,reit,22,475,1,-0.11449103407154904,0.590699315668886,
106,reit,22,475,2,-0.11116705149923702,0.6273193359375,
106,reit,22,475,-1,,,ValueError: all target probabilities must be positive
107,sp500,37,515,0,-0.02443305487588134,nan,
107,sp500,37,515,1,-0.024102530665806362,0.23617224304303497,
107,sp500,37,515,2,-0.02366986563546317,0.225830078125,
107,sp500,37,515,3,-0.023447273524693082,0.21923828125,
107,sp500,37,515,4,-0.023252706403459823,0.21875,
107,sp500,37,515,-1,,,ValueError: all target probabilities must be positive
108,sp500,22,627,0,-0.016492928694149183,nan,
108,sp500,22,627,1,-0.0162931003679548,0.2190808164304236,
108,sp500,22,627,2,-0.01621691863141741,0.21142578125,
108,sp500,22,627,3,-0.01647841095842634,0.216064453125,
108,sp500,22,627,4,-0.016589264927455355,0.20166015625,
108,sp500,22,627,-1,,,ValueError: all target probabilities must be positive
109,reit,13,274,0,-0.035904267555619616,nan,
109,reit,13,274,1,-0.035135386120916684,0.2005022548040175,
109,reit,13,274,2,-0.03408045728135598,0.2784423828125,
109,reit,13,274,3,-0.033575231641567845,0.3121337890625,
109,reit,13,274,4,-0.032893642005646644,0.2799072265625,
109,reit,13,274,5,-0.03278135091816537,0.2236328125,
109,reit,13,274,-1,,,ValueError: all target probabilities must be positive
110,sp500,39,345,0,-0.021444443905200124,nan,
110,sp500,39,345,1,-0.02050624962506975,0.3612377683422274,
110,sp500,39,345,2,-0.020233420976911273,0.3486328125,
110,sp500,39,345,-1,,,ValueError: all target probabilities must be positive
111,sp500,38,403,0,-0.02180489889861764,nan,
111,sp500,38,403,1,-0.021197024161202567,0.355609607775876,
111,sp500,38,403,2,-0.02123826704624721,0.3143310546875,
111,sp500,38,403,3,-0.021343572300502236,0.244384765625,
111,sp500,38,403,-1,,,ValueError: all target probabilities must be positive
112,sp500,37,474,0,-0.01839403361885738,nan,
112,sp500,37,474,1,-0.019294329554966516,0.2046786807212379,
112,sp500,37,474,2,-0.02084878003801618,0.1815185546875,
112,sp500,37,474,3,-0.022521178859165734,0.1640625,
112,sp500,37,474,4,-0.024127696524483815,0.1483154296875,
112,sp500,37,474,-1,,,ValueError: all target probabilities must be positive
113,reit,20,639,0,-0.016296934056383456,nan,
113,reit,20,639,1,-0.01673823850276514,0.4381731037789409,
113,reit,20,639,2,-0.01845283128469799,0.400390625,
113,reit,20,639,3,-0.020122749416824882,0.2779541015625,
113,reit,20,639,-1,,,ValueError: all target probabilities must be positive
114,reit,15,273,0,-0.021545244928774073,nan,
114,reit,15,273,1,-0.020596271062293312,0.4394278704205885,
114,reit,15,273,2,-0.020109446091083633,0.7979736328125,
114,reit,15,273,3,-0.0211681177600554,0.5406494140625,
114,reit,15,273,-1,,,ValueError: all target probabilities must be positive
115,sp500,34,323,0,-0.032328226455712254,nan,
115,sp500,34,323,1,-0.03180856901332311,0.5024112411716545,
115,sp500,34,323,2,-0.029970098999023444,0.5230712890625,
115,sp500,34,323,-1,,,ValueError: all target probabilities must be positive
116,sp500,33,603,0,-0.012168528625999656,nan,
116,sp500,33,603,1,-0.01151470024762835,0.22076809811580161,
116,sp500,33,603,2,-0.010980883344377789,0.2239990234375,
116,sp500,33,603,3,-0.010880415283203123,0.2203369140625,
116,sp500,33,603,4,-0.010979192234584264,0.2037353515625,
116,sp500,33,603,-1,,,ValueError: all target probabilities must be positive
117,reit,16,302,0,-0.017131854325543504,nan,
117,reit,16,302,1,-0.016983584111795024,0.5000414437293299,
117,reit,16,302,2,-0.017905053557492872,0.468994140625,
117,reit,16,302,3,-0.019378849331283875,0.27099609375,
117,reit,16,302,-1,,,ValueError: all target probabilities must be positive
118,sp500,23,578,0,-0.01625074735109026,nan,
118,sp500,23,578,1,-0.015440436061314176,0.23687543167575523,
118,sp500,23,578,2,-0.014837348031180244,0.2027587890625,
118,sp500,23,578,3,-0.01460461363874163,0.17529296875,
118,sp500,23,578,4,-0.014593808489118306,0.1690673828125,
118,sp500,23,578,-1,,,ValueError: all target probabilities must be positive
119,reit,19,512,0,-0.036092710323086315,nan,
119,reit,19,512,1,-0.036554273868700374,0.5943351462288436,
119,reit,19,512,2,-0.04223825384370563,0.5555419921875,
119,reit,19,512,3,-0.04748042996686456,0.28662109375,
119,reit,19,512,-1,,,ValueError: all target probabilities must be positive
120,reit,15,449,0,-0.023194878616116577,nan,
120,reit,15,449,1,-0.02106755557096394,0.4272469191521857,
120,reit,15,449,2,-0.02073413433476576,0.4483642578125,
120,reit,15,449,3,-0.021266702633012464,0.2972412109375,
120,reit,15,449,4,-0.02221045133492403,0.19091796875,
120,reit,15,449,-1,,,ValueError: all target probabilities must be positive
121,sp500,21,321,0,-0.02033849124709901,nan,
121,sp500,21,321,1,-0.018729521458217074,0.28873396031250687,
121,sp500,21,321,2,-0.017939016863141744,0.243896484375,
121,sp500,21,321,3,-0.017984194702148435,0.22509765625,
121,sp500,21,321,-1,,,ValueError: all target probabilities must be positive
122,reit,16,407,0,-0.017654021790831913,nan,
122,reit,16,407,1,-0.017045567788908964,0.3897097399789523,
122,reit,16,407,2,-0.01722023855363886,0.4395751953125,
122,reit,16,407,3,-0.019906052100293854,0.3519287109375,
122,reit,16,407,-1,,,ValueError: all target probabilities must be positive
123,reit,15,652,0,-0.036304858661999576,nan,
123,reit,15,652,1,-0.03488098059286605,0.4758180402197497,
123,reit,15,652,2,-0.03438253291679954,0.6165771484375,
123,reit,15,652,3,-0.034457896902750626,0.4141845703125,
123,reit,15,652,-1,,,ValueError: all target probabilities must be positive
124,sp500,35,369,0,-0.020107785154370495,nan,
124,sp500,35,369,1,-0.01938061452811105,0.2945009423230721,
124,sp500,35,369,2,-0.01922412168666295,0.2738037109375,
124,sp500,35,369,3,-0.019476547912597657,0.228759765625,
124,sp500,35,369,-1,,,ValueError: all target probabilities must be positive
125,sp500,39,609,0,-0.02882518897009651,nan,
125,sp500,39,609,1,-0.02723763310023717,0.28937902215377803,
125,sp500,39,609,2,-0.02597305503627232,0.24365234375,
125,sp500,39,609,3,-0.02468968523297991,0.19677734375,
125,sp500,39,609,-1,,,ValueError: all target probabilities must be positive
126,reit,23,615,0,-0.020982655695759633,nan,
126,reit,23,615,1,-0.02059258886993404,0.4993958698517297,
126,reit,23,615,2,-0.025299508545051256,0.4510498046875,
126,reit,23,615,3,-0.03358816470763941,0.3211669921875,
126,reit,23,615,-1,,,ValueError: all target probabilities must be positive
127,reit,12,702,0,-0.013589427197379692,nan,
127,reit,12,702,1,-0.012059754300231948,0.4111975252424225,
127,reit,12,702,2,-0.01257276744393294,0.3671875,
127,reit,12,702,-1,,,ValueError: all target probabilities must be positive
128,sp500,18,306,0,-0.01720012326636421,nan,
128,sp500,18,306,1,-0.01641838438197545,0.24089342783122297,
128,sp500,18,306,2,-0.016058987906319756,0.2537841796875,
128,sp500,18,306,3,-0.016231623988560265,0.2447509765625,
128,sp500,18,306,4,-0.01667821296037946,0.221435546875,
128,sp500,18,306,-1,,,ValueError: all target probabilities must be positive
129,reit,19,604,0,-0.02341570920194147,nan,
129,reit,19,604,1,-0.02392885092472839,0.3614227821959163,
129,reit,19,604,2,-0.02430796602324615,0.414306640625,
129,reit,19,604,3,-0.024285750155076585,0.3199462890625,
129,reit,19,604,-1,,,ValueError: all target probabilities must be positive
130,sp500,20,625,0,-0.01560445394817962,nan,
130,sp500,20,625,1,-0.016358386788504466,0.16051837037184552,
130,sp500,20,625,2,-0.017353290736607144,0.1734619140625,
130,sp500,20,625,3,-0.018257938868931362,0.1763916015625,
130,sp500,20,625,4,-0.01930900862339565,0.1759033203125,
130,sp500,20,625,-1,,,ValueError: all target probabilities must be positive
131,sp500,34,664,0,-0.023748182836479288,nan,
131,sp500,34,664,1,-0.022786707877022878,0.14858385774820648,
131,sp500,34,664,2,-0.02188726134381976,0.1485595703125,
131,sp500,34,664,3,-0.02121070113699777,0.142822265625,
131,sp500,34,664,4,-0.020698143092564177,0.1435546875,
131,sp500,34,664,5,-0.020338366376604352,0.134521484375,
131,sp500,34,664,-1,,,ValueError: all target probabilities must be positive
132,sp500,20,728,0,-0.019425782081418173,nan,
132,sp500,20,728,1,-0.01930921911621094,0.23245542503689862,
132,sp500,20,728,2,-0.019099949462890623,0.306396484375,
132,sp500,20,728,3,-0.01876003547014509,0.3310546875,
132,sp500,20,728,4,-0.018718045968191963,0.292236328125,
132,sp500,20,728,-1,,,ValueError: all target probabilities must be positive
133,sp500,31,533,0,-0.01951790074599744,nan,
133,sp500,31,533,1,-0.018860712480817523,0.301274309156359,
133,sp500,31,533,2,-0.018505421840122768,0.25244140625,
133,sp500,31,533,3,-0.018350415344238282,0.1708984375,
133,sp500,31,533,-1,,,ValueError: all target probabilities must be positive
134,reit,17,654,0,-0.048477047643918594,nan,
134,reit,17,654,1,-0.045538065654936184,0.3991596092091275,
134,reit,17,654,2,-0.04224662907930738,0.514404296875,
134,reit,17,654,3,-0.040613406843973895,0.4332275390625,
134,reit,17,654,-1,,,ValueError: all target probabilities must be positive
135,sp500,19,377,0,-0.08604793154221434,nan,
135,sp500,19,377,1,-0.0850948545096261,0.16742805180979953,
135,sp500,19,377,2,-0.08440059817940847,0.1651611328125,
135,sp500,19,377,3,-0.08420293584333147,0.1583251953125,
135,sp500,19,377,4,-0.08433440526471818,0.1412353515625,
135,sp500,19,377,5,-0.0846222407662528,0.1297607421875,
135,sp500,19,377,6,-0.08497325606863838,0.1021728515625,
135,sp500,19,377,-1,,,ValueError: all target probabilities must be positive
136,reit,25,547,0,-0.023725792909378447,nan,
136,reit,25,547,1,-0.021365028359657305,0.5022687739744712,
136,reit,25,547,2,-0.01935901300952985,0.521484375,
136,reit,25,547,-1,,,ValueError: all target probabilities must be positive
137,reit,22,326,0,-0.03704113024925389,nan,
137,reit,22,326,1,-0.03556382974583437,0.6057440319257361,
137,reit,22,326,2,-0.03578883401018209,0.56005859375,
137,reit,22,326,-1,,,ValueError: all target probabilities must be positive
138,reit,21,501,0,-0.09254800364531615,nan,
138,reit,21,501,1,-0.09166008876648139,0.3715626012032128,
138,reit,21,501,2,-0.0906919379561618,0.40283203125,
138,reit,21,501,3,-0.08998999148032297,0.328369140625,
138,reit,21,501,-1,,,ValueError: all target probabilities must be positive
139,sp500,12,309,0,-0.02145601109272392,nan,
139,sp500,12,309,1,-0.019685915806361608,0.34948030820658355,
139,sp500,12,309,2,-0.01964649405343192,0.315185546875,
139,sp500,12,309,3,-0.0218109727608817,0.2486572265625,
139,sp500,12,309,-1,,,ValueError: all target probabilities must be positive
140,reit,19,251,0,-0.03398626058912452,nan,
140,reit,19,251,1,-0.03324850629228898,0.29618681221787735,
140,reit,19,251,2,-0.03235982907043939,0.342041015625,
140,reit,19,251,3,-0.03164154732595347,0.3165283203125,
140,reit,19,251,4,-0.0312850807517336,0.2303466796875,
140,reit,19,251,-1,,,ValueError: all target probabilities must be positive
141,reit,22,366,0,-0.02823601571771604,nan,
141,reit,22,366,1,-0.026430165276956942,0.5202834029900466,
141,reit,22,366,2,-0.025649235806231407,0.5250244140625,
141,reit,22,366,3,-0.026211925017158983,0.3607177734375,
141,reit,22,366,-1,,,ValueError: all target probabilities must be positive
142,sp500,30,746,0,-0.02383505189940485,nan,
142,sp500,30,746,1,-0.02443372562081473,0.4327984197663104,
142,sp500,30,746,2,-0.02574662381417411,0.372802734375,
142,sp500,30,746,-1,,,ValueError: all target probabilities must be positive
143,reit,15,369,0,-0.020361419152903203,nan,
143,reit,15,369,1,-0.019628496956167085,0.29529265740496946,
143,reit,15,369,2,-0.018651010532338252,0.3350830078125,
143,reit,15,369,3,-0.018167940766610595,0.3057861328125,
143,reit,15,369,4,-0.018292397601810055,0.272705078125,
143,reit,15,369,-1,,,ValueError: all target probabilities must be positive
144,sp500,22,729,0,-0.025934209280097868,nan,
144,sp500,22,729,1,-0.025112247105189733,0.15252776875497817,
144,sp500,22,729,2,-0.024337195704868864,0.1513671875,
144,sp500,22,729,3,-0.023628875122070313,0.1517333984375,
144,sp500,22,729,4,-0.02317272100830078,0.1414794921875,
144,sp500,22,729,5,-0.02300359965297154,0.126953125,
144,sp500,22,729,6,-0.023109348257882252,0.1163330078125,
144,sp500,22,729,7,-0.02324451502336775,0.1072998046875,
144,sp500,22,729,-1,,,ValueError: all target probabilities must be positive
145,sp500,38,446,0,-0.014748475221960948,nan,
145,sp500,38,446,1,-0.013743568873814173,0.25087212951000715,
145,sp500,38,446,2,-0.013108617597307479,0.2498779296875,
145,sp500,38,446,3,-0.012741330226353237,0.23486328125,
145,sp500,38,446,-1,,,ValueError: all target probabilities must be positive
146,sp500,18,450,0,-0.018619205037458886,nan,
146,sp500,18,450,1,-0.018458971662248885,0.13304895010626658,
146,sp500,18,450,2,-0.0185623381086077,0.1466064453125,
146,sp500,18,450,3,-0.01906513055419922,0.1558837890625,
146,sp500,18,450,4,-0.02031563521030971,0.170654296875,
146,sp500,18,450,5,-0.021895962254115515,0.1876220703125,
146,sp500,18,450,6,-0.02381545463344029,0.1788330078125,
146,sp500,18,450,-1,,,ValueError: all target probabilities must be positive
147,reit,18,459,0,-0.026674332214648166,nan,
147,reit,18,459,1,-0.025704154741535267,0.36309842336636705,
147,reit,18,459,2,-0.024180718245686593,0.4825439453125,
147,reit,18,459,-1,,,ValueError: all target probabilities must be positive
148,reit,18,709,0,-0.020707889757891236,nan,
148,reit,18,709,1,-0.020829478787696674,0.4438886591034412,
148,reit,18,709,2,-0.020561168060280598,0.480712890625,
148,reit,18,709,3,-0.019946301657687553,0.33154296875,
148,reit,18,709,-1,,,ValueError: all target probabilities must be positive
149,sp500,14,569,0,-0.05327223563460352,nan,
149,sp500,14,569,1,-0.05375475893729074,0.3761993876996178,
149,sp500,14,569,2,-0.05677341233607701,0.3990478515625,
149,sp500,14,569,3,-0.06280535934012278,0.3760986328125,
149,sp500,14,569,-1,,,ValueError: all target probabilities must be positive
150,sp500,38,574,0,-0.018561475626159875,nan,
150,sp500,38,574,1,-0.018260076433454238,0.33966645819609803,
150,sp500,38,574,2,-0.01848587211390904,0.3251953125,
150,sp500,38,574,3,-0.018918193071637834,0.2470703125,
150,sp500,38,574,4,-0.019384905822753904,0.1646728515625,
150,sp500,38,574,-1,,,ValueError: all target probabilities must be positive
151,sp500,13,602,0,-0.02198912446403704,nan,
151,sp500,13,602,1,-0.019567627912248885,0.22374377483706442,
151,sp500,13,602,2,-0.0174112707257952,0.247314453125,
151,sp500,13,602,3,-0.016472419058663503,0.262451171875,
151,sp500,13,602,4,-0.016321038146972656,0.2562255859375,
151,sp500,13,602,-1,,,ValueError: all target probabilities must be positive
152,sp500,39,603,0,-0.0242116397926567,nan,
152,sp500,39,603,1,-0.023092582188197545,0.25463393196064127,
152,sp500,39,603,2,-0.02262755055454799,0.2718505859375,
152,sp500,39,603,3,-0.022603537248883927,0.26318359375,
152,sp500,39,603,4,-0.022654003383091516,0.2467041015625,
152,sp500,39,603,-1,,,ValueError: all target probabilities must be positive
153,reit,14,276,0,-0.02829467324016433,nan,
153,reit,14,276,1,-0.026648832292867873,0.5022108512905555,
153,reit,14,276,2,-0.025660516392381337,0.4666748046875,
153,reit,14,276,3,-0.025609232282951026,0.26220703125,
153,reit,14,276,-1,,,ValueError: all target probabilities must be positive
154,sp500,16,613,0,-0.024931426546166778,nan,
154,sp500,16,613,1,-0.023837750252859936,0.14103624576594245,
154,sp500,16,613,2,-0.02260353281075614,0.1468505859375,
154,sp500,16,613,3,-0.021283179879324775,0.1495361328125,
154,sp500,16,613,4,-0.01997690699986049,0.13818359375,
154,sp500,16,613,5,-0.018731340550013954,0.1265869140625,
154,sp500,16,613,6,-0.0177346937953404,0.1038818359375,
154,sp500,16,613,7,-0.017051306222098214,0.0830078125,
154,sp500,16,613,8,-0.01654553709193638,0.06884765625,
155,reit,24,706,0,-0.021584614720117554,nan,
155,reit,24,706,1,-0.017749376421679838,0.5638713590525943,
155,reit,24,706,2,-0.017506263869566736,0.443603515625,
155,reit,24,706,-1,,,ValueError: all target probabilities must be positive
156,sp500,26,297,0,-0.01220751279139212,nan,
156,sp500,26,297,1,-0.011935891680036273,0.26358191139014314,
156,sp500,26,297,2,-0.012159084350585938,0.26904296875,
156,sp500,26,297,3,-0.01272234148297991,0.288818359375,
156,sp500,26,297,-1,,,ValueError: all target probabilities must be positive
157,reit,14,288,0,-0.022576544875561683,nan,
157,reit,14,288,1,-0.020703495983249227,0.623999862639164,
157,reit,14,288,2,-0.019596127141450426,0.5440673828125,
157,reit,14,288,-1,,,ValueError: all target probabilities must be positive
158,reit,18,601,0,-0.023091412662152224,nan,
158,reit,18,601,1,-0.019392893336803694,0.5418853367331653,
158,reit,18,601,2,-0.021220438779764213,0.531494140625,
158,reit,18,601,-1,,,ValueError: all target probabilities must be positive
159,sp500,30,297,0,-0.03273917226029876,nan,
159,sp500,30,297,1,-0.03088233744594029,0.3532829761249856,
159,sp500,30,297,2,-0.0297225327671596,0.299560546875,
159,sp500,30,297,3,-0.02936786039515904,0.215087890625,
159,sp500,30,297,4,-0.029315546718052456,0.148681640625,
159,sp500,30,297,-1,,,ValueError: all target probabilities must be positive
160,reit,19,733,0,-0.01717266013024579,nan,
160,reit,19,733,1,-0.017586852176841843,0.5459657910388109,
160,reit,19,733,2,-0.019942347417782672,0.4849853515625,
160,reit,19,733,3,-0.021234979952317705,0.312255859375,
160,reit,19,733,-1,,,ValueError: all target probabilities must be positive
161,sp500,17,652,0,-0.024544154626523113,nan,
161,sp500,17,652,1,-0.02374806046840123,0.22854771878369937,
161,sp500,17,652,2,-0.02312085303606306,0.21875,
161,sp500,17,652,3,-0.023015082310267856,0.19384765625,
161,sp500,17,652,4,-0.02305963409423828,0.170654296875,
161,sp500,17,652,5,-0.023357155604771203,0.1568603515625,
161,sp500,17,652,-1,,,ValueError: all target probabilities must be positive
162,sp500,22,264,0,-0.0188282525830409,nan,
162,sp500,22,264,1,-0.018142109967912944,0.31194517047263415,
162,sp500,22,264,2,-0.017889126517159595,0.31591796875,
162,sp500,22,264,3,-0.018182039088657925,0.2900390625,
162,sp500,22,264,4,-0.018718564671107697,0.258056640625,
162,sp500,22,264,-1,,,ValueError: all target probabilities must be positive
163,reit,16,549,0,-0.028168513386247904,nan,
163,reit,16,549,1,-0.02531263399735837,0.5643517026472086,
163,reit,16,549,2,-0.023733537588953753,0.5067138671875,
163,reit,16,549,-1,,,ValueError: all target probabilities must be positive
164,reit,14,543,0,-0.015288913371381848,nan,
164,reit,14,543,1,-0.015062382418582057,0.22224727797091076,
164,reit,14,543,2,-0.014942310355607183,0.266845703125,
164,reit,14,543,3,-0.014854865959511616,0.256103515625,
164,reit,14,543,4,-0.014874026313087731,0.230712890625,
164,reit,14,543,-1,,,ValueError: all target probabilities must be positive
165,sp500,26,644,0,-0.014855660845895537,nan,
165,sp500,26,644,1,-0.01585329098074777,0.280955599694598,
165,sp500,26,644,2,-0.016754285234723772,0.23193359375,
165,sp500,26,644,3,-0.017540478541782922,0.2135009765625,
165,sp500,26,644,-1,,,ValueError: all target probabilities must be positive
166,reit,13,586,0,-0.03921031137031258,nan,
166,reit,13,586,1,-0.03443748319287379,0.6280074158368478,
166,reit,13,586,2,-0.02968756420509911,0.6409912109375,
166,reit,13,586,-1,,,ValueError: all target probabilities must be positive
167,reit,20,469,0,-0.01893423438826362,nan,
167,reit,20,469,1,-0.017890528854600428,0.49856003864022697,
167,reit,20,469,2,-0.017308694363832516,0.38134765625,
167,reit,20,469,3,-0.01749654917988317,0.245361328125,
167,reit,20,469,-1,,,ValueError: all target probabilities must be positive
168,reit,24,469,0,-0.019289740983531267,nan,
168,reit,24,469,1,-0.018256663700098773,0.5534407775032635,
168,reit,24,469,2,-0.019691177438732034,0.4583740234375,
168,reit,24,469,3,-0.021775916333929328,0.244873046875,
168,reit,24,469,-1,,,ValueError: all target probabilities must be positive
169,sp500,25,487,0,-0.011230452926892983,nan,
169,sp500,25,487,1,-0.011592706438337055,0.15470638238752094,
169,sp500,25,487,2,-0.012000250898088729,0.1680908203125,
169,sp500,25,487,3,-0.012474594700404575,0.180419921875,
169,sp500,25,487,4,-0.012914408656529017,0.18212890625,
169,sp500,25,487,5,-0.01337113671875,0.184814453125,
169,sp500,25,487,6,-0.01390188898577009,0.1661376953125,
169,sp500,25,487,7,-0.014387480573381696,0.133056640625,
169,sp500,25,487,-1,,,ValueError: all target probabilities must be positive
170,sp500,24,533,0,-0.012201416288489116,nan,
170,sp500,24,533,1,-0.012344518493652343,0.2513919125154346,
170,sp500,24,533,2,-0.013039580705915179,0.23681640625,
170,sp500,24,533,3,-0.014596380353655134,0.1868896484375,
170,sp500,24,533,-1,,,ValueError: all target probabilities must be positive
171,reit,17,391,0,-0.012990250171317311,nan,
171,reit,17,391,1,-0.012714571676761545,0.47014177054647405,
171,reit,17,391,2,-0.013264417234931908,0.452880859375,
171,reit,17,391,-1,,,ValueError: all target probabilities must be positive
172,reit,17,258,0,-0.015175162077479851,nan,
172,reit,17,258,1,-0.013090118167506671,0.483242912994151,
172,reit,17,258,2,-0.014436670735691331,0.392333984375,
172,reit,17,258,3,-0.01694070775158636,0.2520751953125,
172,reit,17,258,-1,,,ValueError: all target probabilities must be positive
173,reit,16,285,0,-0.018030446046292708,nan,
173,reit,16,285,1,-0.015992379797879895,0.36332512456457366,
173,reit,16,285,2,-0.014754350659053353,0.353515625,
173,reit,16,285,3,-0.01388263220990106,0.2928466796875,
173,reit,16,285,-1,,,ValueError: all target probabilities must be positive
174,reit,17,350,0,-0.03342974573097101,nan,
174,reit,17,350,1,-0.03241105737715582,0.4134510566376764,
174,reit,17,350,2,-0.030363511003768807,0.434326171875,
174,reit,17,350,3,-0.02808571405731375,0.358154296875,
174,reit,17,350,-1,,,ValueError: all target probabilities must be positive
175,sp500,27,297,0,-0.023529192256318204,nan,
175,sp500,27,297,1,-0.022339046081542968,0.3422458823298156,
175,sp500,27,297,2,-0.021321523847307476,0.3341064453125,
175,sp500,27,297,3,-0.020891326904296875,0.2835693359375,
175,sp500,27,297,-1,,,ValueError: all target probabilities must be positive
176,reit,18,356,0,-0.02010446858773802,nan,
176,reit,18,356,1,-0.02053198523643906,0.17410237742291151,
176,reit,18,356,2,-0.021136079478890093,0.198486328125,
176,reit,18,356,3,-0.021759987084599343,0.208984375,
176,reit,18,356,4,-0.022347408865981883,0.19921875,
176,reit,18,356,5,-0.022841445206266454,0.1702880859375,
176,reit,18,356,6,-0.02323847686870472,0.149658203125,
176,reit,18,356,-1,,,ValueError: all target probabilities must be positive
177,reit,14,731,0,-0.013292741583402752,nan,
177,reit,14,731,1,-0.012926498505605052,0.33134943211756374,
177,reit,14,731,2,-0.013544653321083025,0.431884765625,
177,reit,14,731,3,-0.014451919675025805,0.378173828125,
177,reit,14,731,4,-0.015118637712384106,0.2547607421875,
177,reit,14,731,-1,,,ValueError: all target probabilities must be positive
178,sp500,31,514,0,-0.012663199951719245,nan,
178,sp500,31,514,1,-0.012775563982282365,0.3320762621081606,
178,sp500,31,514,2,-0.012834861162458147,0.30615234375,
178,sp500,31,514,3,-0.012935260454450334,0.259521484375,
178,sp500,31,514,-1,,,ValueError: all target probabilities must be positive
179,sp500,14,587,0,-0.03184625414095125,nan,
179,sp500,14,587,1,-0.03846263865443638,0.29238806839531584,
179,sp500,14,587,2,-0.047084492318289616,0.26171875,
179,sp500,14,587,3,-0.054835978114536825,0.197021484375,
179,sp500,14,587,4,-0.06011429163469587,0.137939453125,
179,sp500,14,587,5,-0.06319770622035435,0.087158203125,
179,sp500,14,587,-1,,,ValueError: all target probabilities must be positive
180,reit,25,394,0,-0.019113606764265576,nan,
180,reit,25,394,1,-0.01714767067615408,0.5402345044416182,
180,reit,25,394,2,-0.01752348286781343,0.46923828125,
180,reit,25,394,3,-0.019040162675871917,0.3076171875,
180,reit,25,394,-1,,,ValueError: all target probabilities must be positive
181,reit,24,349,0,-0.01047970821417949,nan,
181,reit,24,349,1,-0.009946803521619614,0.33213450913317943,
181,reit,24,349,2,-0.010516802233724412,0.2984619140625,
181,reit,24,349,3,-0.01192076699121869,0.2080078125,
181,reit,24,349,-1,,,ValueError: all target probabilities must be positive
182,reit,15,727,0,-0.021762150232847055,nan,
182,reit,15,727,1,-0.021576974406504017,0.42990650818674453,
182,reit,15,727,2,-0.02197734061827342,0.5374755859375,
182,reit,15,727,3,-0.02289214616176741,0.4051513671875,
182,reit,15,727,-1,,,ValueError: all target probabilities must be positive
183,sp500,36,578,0,-0.021163825574837397,nan,
183,sp500,36,578,1,-0.020387996311732704,0.27689740615069747,
183,sp500,36,578,2,-0.020067727652413502,0.27978515625,
183,sp500,36,578,3,-0.020187654209681917,0.234130859375,
183,sp500,36,578,-1,,,ValueError: all target probabilities must be positive
184,sp500,13,564,0,-0.01942469325321578,nan,
184,sp500,13,564,1,-0.018971397644042966,0.22471048285965217,
184,sp500,13,564,2,-0.019291716796875,0.18603515625,
184,sp500,13,564,3,-0.01998564064243862,0.1617431640625,
184,sp500,13,564,-1,,,ValueError: all target probabilities must be positive
185,reit,19,692,0,-0.01645148065806094,nan,
185,reit,19,692,1,-0.016447658136121802,0.25934589730987995,
185,reit,19,692,2,-0.016774121292304465,0.3958740234375,
185,reit,19,692,3,-0.017975135113595192,0.479248046875,
185,reit,19,692,-1,,,ValueError: all target probabilities must be positive
186,reit,24,580,0,-0.022022623267929208,nan,
186,reit,24,580,1,-0.02094814496261626,0.3962853217430581,
186,reit,24,580,2,-0.019976367673011364,0.42822265625,
186,reit,24,580,3,-0.01959700677936917,0.353271484375,
186,reit,24,580,-1,,,ValueError: all target probabilities must be positive
187,reit,18,340,0,-0.01041449555272138,nan,
187,reit,18,340,1,-0.010071261038018336,0.16879909642266844,
187,reit,18,340,2,-0.009805516172361075,0.18310546875,
187,reit,18,340,3,-0.009923212575128635,0.1837158203125,
187,reit,18,340,4,-0.01029119975053017,0.17919921875,
187,reit,18,340,-1,,,ValueError: all target probabilities must be positive
188,reit,19,637,0,-0.021817513534613496,nan,
188,reit,19,637,1,-0.020819413944057952,0.40515632494678455,
188,reit,19,637,2,-0.020831166995129546,0.3800048828125,
188,reit,19,637,3,-0.021766640257750738,0.263916015625,
188,reit,19,637,-1,,,ValueError: all target probabilities must be positive
189,sp500,25,343,0,-0.02411683593126415,nan,
189,sp500,25,343,1,-0.023121231802804128,0.2243046398735906,
189,sp500,25,343,2,-0.022859479954310823,0.21337890625,
189,sp500,25,343,3,-0.023206961312430243,0.19970703125,
189,sp500,25,343,4,-0.023883065848214285,0.191650390625,
189,sp500,25,343,5,-0.024710502423967638,0.184326171875,
189,sp500,25,343,-1,,,ValueError: all target probabilities must be positive
190,sp500,20,324,0,-0.022368611492623685,nan,
190,sp500,20,324,1,-0.02226421209716797,0.1470737072704593,
190,sp500,20,324,2,-0.02225296461704799,0.1514892578125,
190,sp500,20,324,3,-0.022360265511648995,0.155517578125,
190,sp500,20,324,4,-0.022570484645298546,0.1480712890625,
190,sp500,20,324,5,-0.022848511648995533,0.13232421875,
190,sp500,20,324,6,-0.0231179129725865,0.1151123046875,
190,sp500,20,324,7,-0.023383932041713164,0.1011962890625,
190,sp500,20,324,8,-0.023606185189383372,0.0850830078125,
191,sp500,12,311,0,-0.028096981812461123,nan,
191,sp500,12,311,1,-0.02837321119035993,0.13168933788408227,
191,sp500,12,311,2,-0.0287730094430106,0.1239013671875,
191,sp500,12,311,3,-0.029400593549455917,0.1202392578125,
191,sp500,12,311,4,-0.029903643484933035,0.109130859375,
191,sp500,12,311,5,-0.030402220319475447,0.08984375,
191,sp500,12,311,6,-0.03069721409388951,0.0767822265625,
191,sp500,12,311,-1,,,ValueError: all target probabilities must be positive
192,sp500,17,643,0,-0.01870266260201591,nan,
192,sp500,17,643,1,-0.017617704537527902,0.251228322411463,
192,sp500,17,643,2,-0.01623407483782087,0.2840576171875,
192,sp500,17,643,3,-0.0149347451171875,0.34521484375,
192,sp500,17,643,-1,,,ValueError: all target probabilities must be positive
193,reit,18,650,0,-0.025136021330505073,nan,
193,reit,18,650,1,-0.024655351111761196,0.3371799268238239,
193,reit,18,650,2,-0.023717882678910073,0.4620361328125,
193,reit,18,650,3,-0.02304709021320342,0.4420166015625,
193,reit,18,650,-1,,,ValueError: all target probabilities must be positive
194,sp500,27,535,0,-0.025714994010335133,nan,
194,sp500,27,535,1,-0.024755515625000002,0.21939605769938922,
194,sp500,27,535,2,-0.02381834078543527,0.2132568359375,
194,sp500,27,535,3,-0.023218290910993304,0.1923828125,
194,sp500,27,535,4,-0.022566165501185825,0.173583984375,
194,sp500,27,535,5,-0.02240536962018694,0.164794921875,
194,sp500,27,535,-1,,,ValueError: all target probabilities must be positive
195,sp500,13,342,0,-0.025639131560758675,nan,
195,sp500,13,342,1,-0.023698006879534043,0.19314955138492487,
195,sp500,13,342,2,-0.022058402596609936,0.189697265625,
195,sp500,13,342,3,-0.020960164088657925,0.1719970703125,
195,sp500,13,342,4,-0.020236481392996653,0.138671875,
195,sp500,13,342,5,-0.019770667724609375,0.11669921875,
195,sp500,13,342,-1,,,ValueError: all target probabilities must be positive
196,sp500,33,629,0,-0.023887629520231844,nan,
196,sp500,33,629,1,-0.025000008074079236,0.5229781681435377,
196,sp500,33,629,2,-0.02655335589599609,0.32080078125,
196,sp500,33,629,-1,,,ValueError: all target probabilities must be positive
197,sp500,24,273,0,-0.019766331648300717,nan,
197,sp500,24,273,1,-0.019938946393694198,0.3726700712190898,
197,sp500,24,273,2,-0.02147221981375558,0.3232421875,
197,sp500,24,273,3,-0.024047545950753344,0.2564697265625,
197,sp500,24,273,-1,,,ValueError: all target probabilities must be positive
198,sp500,27,609,0,-0.028980174402726464,nan,
198,sp500,27,609,1,-0.02705483850969587,0.18946310909939154,
198,sp500,27,609,2,-0.025452585702078683,0.2076416015625,
198,sp500,27,609,3,-0.024241529898507252,0.2044677734375,
198,sp500,27,609,4,-0.02336797411237444,0.1876220703125,
198,sp500,27,609,5,-0.02292734909493583,0.162353515625,
198,sp500,27,609,-1,,,ValueError: all target probabilities must be positive
199,sp500,13,522,0,-0.01309887983154681,nan,
199,sp500,13,522,1,-0.013448798217773438,0.14161635045512302,
199,sp500,13,522,2,-0.01393247181919643,0.1783447265625,
199,sp500,13,522,3,-0.014443236092703681,0.2049560546875,
199,sp500,13,522,4,-0.014976175153459819,0.223876953125,
199,sp500,13,522,5,-0.015651167977469304,0.22412109375,
199,sp500,13,522,6,-0.016416592485700335,0.200439453125,
199,sp500,13,522,-1,,,ValueError: all target probabilities must be positive
200,sp500,32,617,0,-0.023234402193007892,nan,
200,sp500,32,617,1,-0.022753356157575337,0.48641657404659155,
200,sp500,32,617,2,-0.025366554896763396,0.48779296875,
200,sp500,32,617,3,-0.02823562969098772,0.3389892578125,
200,sp500,32,617,-1,,,ValueError: all target probabilities must be positive
201,sp500,27,406,0,-0.01539669425524672,nan,
201,sp500,27,406,1,-0.014883394313267297,0.21839138756740795,
201,sp500,27,406,2,-0.014899103559221541,0.2322998046875,
201,sp500,27,406,3,-0.015385411647251672,0.2239990234375,
201,sp500,27,406,4,-0.015914652003696985,0.212890625,
201,sp500,27,406,-1,,,ValueError: all target probabilities must be positive
202,sp500,30,368,0,-0.016390719468713403,nan,
202,sp500,30,368,1,-0.017642017124720983,0.247229963228216,
202,sp500,30,368,2,-0.020160932364327564,0.2423095703125,
202,sp500,30,368,3,-0.02314488874162946,0.2216796875,
202,sp500,30,368,4,-0.026569502790178567,0.2122802734375,
202,sp500,30,368,-1,,,ValueError: all target probabilities must be positive
203,reit,19,391,0,-0.0208607520804319,nan,
203,reit,19,391,1,-0.019701626491051807,0.45648335889190345,
203,reit,19,391,2,-0.020440075807709922,0.4127197265625,
203,reit,19,391,3,-0.021504761975863294,0.2523193359375,
203,reit,19,391,-1,,,ValueError: all target probabilities must be positive
204,sp500,12,412,0,-0.020292454708682597,nan,
204,sp500,12,412,1,-0.019135008178710937,0.16120594754412904,
204,sp500,12,412,2,-0.018516979875837055,0.1741943359375,
204,sp500,12,412,3,-0.018074634024483817,0.1875,
204,sp500,12,412,4,-0.017851113194056918,0.18701171875,
204,sp500,12,412,5,-0.017790498866489958,0.1712646484375,
204,sp500,12,412,6,-0.01782626504080636,0.15380859375,
204,sp500,12,412,-1,,,ValueError: all target probabilities must be positive
205,sp500,36,440,0,-0.01178776457153197,nan,
205,sp500,36,440,1,-0.01175968355887277,0.2642624127775772,
205,sp500,36,440,2,-0.012291334760393414,0.265380859375,
205,sp500,36,440,3,-0.012995163007463728,0.2459716796875,
205,sp500,36,440,4,-0.01355908798653739,0.1876220703125,
205,sp500,36,440,-1,,,ValueError: all target probabilities must be positive
206,reit,22,381,0,-0.014910974561460585,nan,
206,reit,22,381,1,-0.013868788877255758,0.48302328157406127,
206,reit,22,381,2,-0.01567176530894864,0.5086669921875,
206,reit,22,381,-1,,,ValueError: all target probabilities must be positive
207,reit,12,431,0,-0.03533687469025809,nan,
207,reit,12,431,1,-0.03256902411719273,0.5797526826103976,
207,reit,12,431,2,-0.03194820498855249,0.424072265625,
207,reit,12,431,-1,,,ValueError: all target probabilities must be positive
208,sp500,22,695,0,-0.010771086939947374,nan,
208,sp500,22,695,1,-0.010965009338378908,0.18518528326177827,
208,sp500,22,695,2,-0.011209585632324218,0.1922607421875,
208,sp500,22,695,3,-0.011531152012416295,0.183837890625,
208,sp500,22,695,4,-0.012169662501743863,0.1649169921875,
208,sp500,22,695,5,-0.012767044494628904,0.1463623046875,
208,sp500,22,695,-1,,,ValueError: all target probabilities must be positive
209,reit,18,420,0,-0.015561354703244873,nan,
209,reit,18,420,1,-0.015147514927093106,0.3823007227214101,
209,reit,18,420,2,-0.016357615310681018,0.4864501953125,
209,reit,18,420,3,-0.01960506213786668,0.4019775390625,
209,reit,18,420,-1,,,ValueError: all target probabilities must be positive
210,sp500,23,657,0,-0.01711165263236813,nan,
210,sp500,23,657,1,-0.01693286141531808,0.23203795713529896,
210,sp500,23,657,2,-0.016892105268205917,0.2244873046875,
210,sp500,23,657,3,-0.01731954826136998,0.2127685546875,
210,sp500,23,657,-1,,,ValueError: all target probabilities must be positive
211,sp500,20,713,0,-0.013530962611855333,nan,
211,sp500,20,713,1,-0.013118635541643416,0.14241786868479306,
211,sp500,20,713,2,-0.01279082359967913,0.142578125,
211,sp500,20,713,3,-0.012559434814453126,0.135986328125,
211,sp500,20,713,4,-0.012415596662248883,0.1202392578125,
211,sp500,20,713,5,-0.012522353890555244,0.1063232421875,
211,sp500,20,713,6,-0.01282362913295201,0.1083984375,
211,sp500,20,713,7,-0.013184500287737167,0.10009765625,
211,sp500,20,713,-1,,,ValueError: all target probabilities must be positive
212,sp500,12,286,0,-0.02147768649487657,nan,
212,sp500,12,286,1,-0.022176166442871095,0.3857548876695843,
212,sp500,12,286,2,-0.024945093462262837,0.4334716796875,
212,sp500,12,286,3,-0.027360972769601005,0.3441162109375,
212,sp500,12,286,-1,,,ValueError: all target probabilities must be positive
213,sp500,20,609,0,-0.02715939769238929,nan,
213,sp500,20,609,1,-0.028063184509277344,0.2607752538637231,
213,sp500,20,609,2,-0.03104521949986049,0.2281494140625,
213,sp500,20,609,3,-0.03410102291434152,0.204833984375,
213,sp500,20,609,4,-0.03732419117082868,0.1861572265625,
213,sp500,20,609,-1,,,ValueError: all target probabilities must be positive
214,reit,23,514,0,-0.02364517965886696,nan,
214,reit,23,514,1,-0.022809130375819598,0.690971967894201,
214,reit,23,514,2,-0.023467013147344094,0.4327392578125,
214,reit,23,514,-1,,,ValueError: all target probabilities must be positive
215,reit,12,682,0,-0.02721810815270141,nan,
215,reit,12,682,1,-0.026556703102620677,0.631551926006882,
215,reit,12,682,2,-0.027547504900892972,0.4012451171875,
215,reit,12,682,-1,,,ValueError: all target probabilities must be positive
216,sp500,17,744,0,-0.033436159303401894,nan,
216,sp500,17,744,1,-0.03245470358712333,0.16185122855366402,
216,sp500,17,744,2,-0.03160643502371652,0.151611328125,
216,sp500,17,744,3,-0.031070924002511158,0.1265869140625,
216,sp500,17,744,4,-0.031043704057965964,0.115478515625,
216,sp500,17,744,5,-0.031194768397739953,0.12255859375,
216,sp500,17,744,-1,,,ValueError: all target probabilities must be positive
217,reit,23,489,0,-0.024038890024258765,nan,
217,reit,23,489,1,-0.023177590878961873,0.5038773789380594,
217,reit,23,489,2,-0.022986457211150408,0.4454345703125,
217,reit,23,489,3,-0.023035063371144256,0.2847900390625,
217,reit,23,489,-1,,,ValueError: all target probabilities must be positive
218,reit,20,605,0,-0.01445327232740413,nan,
218,reit,20,605,1,-0.013764306717623956,0.346078587923667,
218,reit,20,605,2,-0.013278037724647031,0.3807373046875,
218,reit,20,605,3,-0.013405522449210106,0.3087158203125,
218,reit,20,605,-1,,,ValueError: all target probabilities must be positive
219,reit,21,340,0,-0.04087320917126482,nan,
219,reit,21,340,1,-0.04026245035370534,0.5823369711649339,
219,reit,21,340,2,-0.039714434425128266,0.512939453125,
219,reit,21,340,3,-0.039875252131407975,0.2852783203125,
219,reit,21,340,-1,,,ValueError: all target probabilities must be positive
220,reit,16,715,0,-0.01187796049096057,nan,
220,reit,16,715,1,-0.01179875732577808,0.2482051528138478,
220,reit,16,715,2,-0.012324239718364022,0.2900390625,
220,reit,16,715,3,-0.01368196289081973,0.2852783203125,
220,reit,16,715,4,-0.014959189359620163,0.2607421875,
220,reit,16,715,5,-0.01590302735816804,0.202880859375,
220,reit,16,715,6,-0.016589498969667733,0.152587890625,
220,reit,16,715,-1,,,ValueError: all target probabilities must be positive
221,sp500,28,480,0,-0.009466713717272549,nan,
221,sp500,28,480,1,-0.009567227164132256,0.2367422964711909,
221,sp500,28,480,2,-0.009868093200683593,0.24267578125,
221,sp500,28,480,3,-0.010246130894252232,0.233154296875,
221,sp500,28,480,-1,,,ValueError: all target probabilities must be positive
222,sp500,21,322,0,-0.016961711718540846,nan,
222,sp500,21,322,1,-0.016918370727539062,0.2291733021465949,
222,sp500,21,322,2,-0.018025035191127227,0.2430419921875,
222,sp500,21,322,-1,,,ValueError: all target probabilities must be positive
223,sp500,14,630,0,-0.01640000586929773,nan,
223,sp500,14,630,1,-0.015917039202008928,0.1669869345105624,
223,sp500,14,630,2,-0.015512520943777901,0.1707763671875,
223,sp500,14,630,3,-0.015181278625488282,0.1749267578125,
223,sp500,14,630,4,-0.01516916241455078,0.168701171875,
223,sp500,14,630,5,-0.015322259303501673,0.1519775390625,
223,sp500,14,630,6,-0.01560889612688337,0.1270751953125,
223,sp500,14,630,7,-0.015780918064662385,0.1046142578125,
223,sp500,14,630,-1,,,ValueError: all target probabilities must be positive
224,sp500,18,310,0,-0.016038963411172388,nan,
224,sp500,18,310,1,-0.016825468828473772,0.20030554028743755,
224,sp500,18,310,2,-0.017790728855678013,0.2293701171875,
224,sp500,18,310,3,-0.018736748866489954,0.25048828125,
224,sp500,18,310,4,-0.019570242405482698,0.2274169921875,
224,sp500,18,310,5,-0.020224088073730467,0.195068359375,
224,sp500,18,310,-1,,,ValueError: all target probabilities must be positive
225,reit,25,506,0,-0.030167357729345562,nan,
225,reit,25,506,1,-0.029255846014197614,0.4514114110826395,
225,reit,25,506,2,-0.028551415482717675,0.3671875,
225,reit,25,506,3,-0.029373784218954757,0.279052734375,
225,reit,25,506,-1,,,ValueError: all target probabilities must be positive
226,sp500,21,567,0,-0.010729148372853768,nan,
226,sp500,21,567,1,-0.010094240347726003,0.16767728974403806,
226,sp500,21,567,2,-0.009456176313127793,0.16162109375,
226,sp500,21,567,3,-0.008866816999162946,0.1478271484375,
226,sp500,21,567,4,-0.008507110325404577,0.1363525390625,
226,sp500,21,567,-1,,,ValueError: all target probabilities must be positive
227,sp500,17,494,0,-0.02077607013059343,nan,
227,sp500,17,494,1,-0.01925614421735491,0.237390128545307,
227,sp500,17,494,2,-0.017655473161969866,0.2559814453125,
227,sp500,17,494,3,-0.016686339599609374,0.2474365234375,
227,sp500,17,494,4,-0.016612679391043526,0.2227783203125,
227,sp500,17,494,5,-0.017153248526436942,0.1920166015625,
227,sp500,17,494,-1,,,ValueError: all target probabilities must be positive
228,sp500,15,336,0,-0.0168415590199822,nan,
228,sp500,15,336,1,-0.01736787974330357,0.1089939786801789,
228,sp500,15,336,2,-0.017987604343959265,0.1400146484375,
228,sp500,15,336,3,-0.018747615757533483,0.1826171875,
228,sp500,15,336,4,-0.01962153172956194,0.2215576171875,
228,sp500,15,336,5,-0.0206748442905971,0.2279052734375,
228,sp500,15,336,-1,,,ValueError: all target probabilities must be positive
229,reit,14,389,0,-0.023234082688101305,nan,
229,reit,14,389,1,-0.021638300569995432,0.38425805907097993,
229,reit,14,389,2,-0.020106405706640445,0.4320068359375,
229,reit,14,389,3,-0.018871110750964957,0.333251953125,
229,reit,14,389,4,-0.018530617081324707,0.183349609375,
229,reit,14,389,-1,,,ValueError: all target probabilities must be positive
230,sp500,16,387,0,-0.03340254197732089,nan,
230,sp500,16,387,1,-0.0322535364554269,0.3247741193564957,
230,sp500,16,387,2,-0.03125830419049944,0.29736328125,
230,sp500,16,387,3,-0.03172503981236049,0.2655029296875,
230,sp500,16,387,-1,,,ValueError: all target probabilities must be positive
231,sp500,13,261,0,-0.01843104513744264,nan,
231,sp500,13,261,1,-0.018176672764369423,0.22620180133612308,
231,sp500,13,261,2,-0.018469891636439733,0.1986083984375,
231,sp500,13,261,3,-0.018851718157087055,0.1571044921875,
231,sp500,13,261,4,-0.019179385907854358,0.1380615234375,
231,sp500,13,261,-1,,,ValueError: all target probabilities must be positive
232,sp500,17,378,0,-0.012955984459201455,nan,
232,sp500,17,378,1,-0.01281480633544922,0.18456785544084395,
232,sp500,17,378,2,-0.01292711567905971,0.1923828125,
232,sp500,17,378,3,-0.013354954720633371,0.20361328125,
232,sp500,17,378,4,-0.013938763471330913,0.2025146484375,
232,sp500,17,378,-1,,,ValueError: all target probabilities must be positive
233,sp500,28,365,0,-0.01263291138268396,nan,
233,sp500,28,365,1,-0.012636837646484376,0.24995707284092178,
233,sp500,28,365,2,-0.012541304783412388,0.2252197265625,
233,sp500,28,365,3,-0.012338416852678571,0.2010498046875,
233,sp500,28,365,4,-0.012347467006138394,0.1790771484375,
233,sp500,28,365,-1,,,ValueError: all target probabilities must be positive
234,sp500,17,467,0,-0.01602040655827802,nan,
234,sp500,17,467,1,-0.015085161865234373,0.2534927556709335,
234,sp500,17,467,2,-0.015182156624930245,0.282958984375,
234,sp500,17,467,3,-0.017990759120396205,0.324462890625,
234,sp500,17,467,4,-0.021186951747349327,0.29541015625,
234,sp500,17,467,-1,,,ValueError: all target probabilities must be positive
235,reit,12,459,0,-0.025651174404830723,nan,
235,reit,12,459,1,-0.02660957512989586,0.3032910580887135,
235,reit,12,459,2,-0.028031242150622526,0.360107421875,
235,reit,12,459,3,-0.028949928185166094,0.3092041015625,
235,reit,12,459,4,-0.029393269164263873,0.293212890625,
235,reit,12,459,-1,,,ValueError: all target probabilities must be positive
236,reit,22,574,0,-0.030336771111411788,nan,
236,reit,22,574,1,-0.027263940735808342,0.6727316648339159,
236,reit,22,574,2,-0.027917061623089733,0.2650146484375,
236,reit,22,574,-1,,,ValueError: all target probabilities must be positive
237,sp500,24,712,0,-0.02314564207866989,nan,
237,sp500,24,712,1,-0.022308096165248325,0.2375306465887663,
237,sp500,24,712,2,-0.022337550092424666,0.2373046875,
237,sp500,24,712,3,-0.02284269078717913,0.23291015625,
237,sp500,24,712,-1,,,ValueError: all target probabilities must be positive
238,sp500,31,602,0,-0.03091429017284007,nan,
238,sp500,31,602,1,-0.02998884639195034,0.29049786736763455,
238,sp500,31,602,2,-0.02946625416782924,0.245849609375,
238,sp500,31,602,3,-0.02893221575055804,0.2117919921875,
238,sp500,31,602,-1,,,ValueError: all target probabilities must be positive
239,sp500,18,713,0,-0.025261289446948006,nan,
239,sp500,18,713,1,-0.024776422450474327,0.24249611404641214,
239,sp500,18,713,2,-0.024635794860839843,0.1971435546875,
239,sp500,18,713,3,-0.02484517428152902,0.1495361328125,
239,sp500,18,713,4,-0.025442132219587053,0.116455078125,
239,sp500,18,713,5,-0.026435107831682483,0.1016845703125,
239,sp500,18,713,-1,,,ValueError: all target probabilities must be positive
240,reit,18,715,0,-0.027138249996402592,nan,
240,reit,18,715,1,-0.027312152183214526,0.38439927360699944,
240,reit,18,715,2,-0.028216937287087723,0.5283203125,
240,reit,18,715,-1,,,ValueError: all target probabilities must be positive
241,sp500,33,359,0,-0.01676956062626068,nan,
241,sp500,33,359,1,-0.016260521589006698,0.32612262976636114,
241,sp500,33,359,2,-0.017142622358049666,0.3304443359375,
241,sp500,33,359,3,-0.01808341468157087,0.2979736328125,
241,sp500,33,359,-1,,,ValueError: all target probabilities must be positive
242,sp500,12,558,0,-0.01181253478995741,nan,
242,sp500,12,558,1,-0.011748621128627233,0.22259338350850025,
242,sp500,12,558,2,-0.012143322971888951,0.2275390625,
242,sp500,12,558,3,-0.012739370387486048,0.2078857421875,
242,sp500,12,558,4,-0.013495397330147879,0.1802978515625,
242,sp500,12,558,-1,,,ValueError: all target probabilities must be positive
243,reit,19,541,0,-0.019831314855905398,nan,
243,reit,19,541,1,-0.017110465652606523,0.7733262940244372,
243,reit,19,541,2,-0.015717531547265576,0.336669921875,
243,reit,19,541,-1,,,ValueError: all target probabilities must be positive
244,sp500,12,382,0,-0.08971313052147796,nan,
244,sp500,12,382,1,-0.09163667326137,0.13276969716197917,
244,sp500,12,382,2,-0.09397776646205358,0.15185546875,
244,sp500,12,382,3,-0.09651245320347379,0.1561279296875,
244,sp500,12,382,4,-0.09925315964181082,0.1639404296875,
244,sp500,12,382,5,-0.10194622747802735,0.1563720703125,
244,sp500,12,382,-1,,,ValueError: all target probabilities must be positive
245,sp500,21,707,0,-0.018501689948973967,nan,
245,sp500,21,707,1,-0.017880198617117742,0.23397461635560046,
245,sp500,21,707,2,-0.017485371555873326,0.18603515625,
245,sp500,21,707,3,-0.017504197910853798,0.159423828125,
245,sp500,21,707,-1,,,ValueError: all target probabilities must be positive
246,reit,21,403,0,-0.010442806396216845,nan,
246,reit,21,403,1,-0.010179959693158824,0.19542711217036568,
246,reit,21,403,2,-0.010261606794252639,0.1973876953125,
246,reit,21,403,3,-0.01034997666860071,0.1817626953125,
246,reit,21,403,4,-0.010624352945938382,0.150390625,
246,reit,21,403,5,-0.010989683340791959,0.13134765625,
246,reit,21,403,-1,,,ValueError: all target probabilities must be positive
247,reit,22,394,0,-0.02554011716813956,nan,
247,reit,22,394,1,-0.02373349479853482,0.4455166903983059,
247,reit,22,394,2,-0.022932187704607986,0.425048828125,
247,reit,22,394,3,-0.023175110973568735,0.3939208984375,
247,reit,22,394,-1,,,ValueError: all target probabilities must be positive
248,sp500,31,453,0,-0.008687510064868157,nan,
248,sp500,31,453,1,-0.008528880798339843,0.21236482755273792,
248,sp500,31,453,2,-0.008439196053641183,0.219970703125,
248,sp500,31,453,3,-0.008479285452706474,0.2078857421875,
248,sp500,31,453,4,-0.008970694536481584,0.180908203125,
248,sp500,31,453,5,-0.00985629173932757,0.1578369140625,
248,sp500,31,453,-1,,,ValueError: all target probabilities must be positive
249,sp500,27,585,0,-0.00944702966477709,nan,
249,sp500,27,585,1,-0.00881301588657924,0.24689896379640341,
249,sp500,27,585,2,-0.008649044381277901,0.2398681640625,
249,sp500,27,585,3,-0.008894108921595983,0.215087890625,
249,sp500,27,585,4,-0.009110679495675223,0.1793212890625,
249,sp500,27,585,-1,,,ValueError: all target probabilities must be positive
250,reit,23,666,0,-0.013473385774970916,nan,
250,reit,23,666,1,-0.012615971963222585,0.5122887239952458,
250,reit,23,666,2,-0.013342827505897306,0.4610595703125,
250,reit,23,666,3,-0.014822863297909564,0.283935546875,
250,reit,23,666,-1,,,ValueError: all target probabilities must be positive
251,reit,17,365,0,-0.013031995704660187,nan,
251,reit,17,365,1,-0.012959052806737304,0.3663381841484813,
251,reit,17,365,2,-0.013430756735045842,0.326416015625,
251,reit,17,365,3,-0.015089743684121274,0.2197265625,
251,reit,17,365,4,-0.016608809197465397,0.1680908203125,
251,reit,17,365,-1,,,ValueError: all target probabilities must be positive
252,sp500,35,735,0,-0.020069678615185695,nan,
252,sp500,35,735,1,-0.019352182015555247,0.3698773771372498,
252,sp500,35,735,2,-0.019522877633231024,0.359375,
252,sp500,35,735,3,-0.02012899304199219,0.308349609375,
252,sp500,35,735,-1,,,ValueError: all target probabilities must be positive
253,reit,15,633,0,-0.020084614206588886,nan,
253,reit,15,633,1,-0.0175169400239761,0.6488752511823717,
253,reit,15,633,2,-0.01668315083752067,0.4678955078125,
253,reit,15,633,-1,,,ValueError: all target probabilities must be positive
254,sp500,12,327,0,-0.014786086451707947,nan,
254,sp500,12,327,1,-0.016049457894461498,0.15081742012440022,
254,sp500,12,327,2,-0.01776598602294922,0.1826171875,
254,sp500,12,327,3,-0.020076167471749444,0.2176513671875,
254,sp500,12,327,-1,,,ValueError: all target probabilities must be positive
255,reit,17,518,0,-0.021308037443155698,nan,
255,reit,17,518,1,-0.01786848810648,0.50475562996836,
255,reit,17,518,2,-0.015933987824481622,0.49609375,
255,reit,17,518,3,-0.015637147329504126,0.302490234375,
255,reit,17,518,-1,,,ValueError: all target probabilities must be positive
256,sp500,13,281,0,-0.02135263905195437,nan,
256,sp500,13,281,1,-0.018854187473842075,0.3975466081451594,
256,sp500,13,281,2,-0.01869442197091239,0.399658203125,
256,sp500,13,281,3,-0.02087603865269252,0.294189453125,
256,sp500,13,281,4,-0.022205235674176895,0.1689453125,
256,sp500,13,281,-1,,,ValueError: all target probabilities must be positive
257,sp500,40,463,0,-0.015049637449005957,nan,
257,sp500,40,463,1,-0.015292307809012275,0.37683154116220874,
257,sp500,40,463,2,-0.015905371555873328,0.3218994140625,
257,sp500,40,463,-1,,,ValueError: all target probabilities must be positive
258,sp500,20,635,0,-0.022135118251120522,nan,
258,sp500,20,635,1,-0.019804785409109935,0.3105673428721753,
258,sp500,20,635,2,-0.018393609479631697,0.3331298828125,
258,sp500,20,635,-1,,,ValueError: all target probabilities must be positive
259,reit,12,470,0,-0.012559817651504716,nan,
259,reit,12,470,1,-0.011157363391420014,0.564471674967334,
259,reit,12,470,2,-0.010716500253588963,0.457275390625,
259,reit,12,470,-1,,,ValueError: all target probabilities must be positive
260,sp500,24,378,0,-0.03389087832142,nan,
260,sp500,24,378,1,-0.03217241062709263,0.29578337745480715,
260,sp500,24,378,2,-0.03139438096400669,0.2255859375,
260,sp500,24,378,3,-0.0314333706577846,0.152099609375,
260,sp500,24,378,-1,,,ValueError: all target probabilities must be positive
261,reit,22,736,0,-0.024761085196970973,nan,
261,reit,22,736,1,-0.02378781045843657,0.48262521158094285,
261,reit,22,736,2,-0.024107976555848527,0.4398193359375,
261,reit,22,736,-1,,,ValueError: all target probabilities must be positive
262,reit,25,282,0,-0.024191043728691346,nan,
262,reit,25,282,1,-0.02351628399966669,0.43645116463117495,
262,reit,25,282,2,-0.023265361018506295,0.5311279296875,
262,reit,25,282,3,-0.02328226850375675,0.4058837890625,
262,reit,25,282,-1,,,ValueError: all target probabilities must be positive
263,reit,22,386,0,-0.025087887427505808,nan,
263,reit,22,386,1,-0.02531249293870642,0.3653579675732168,
263,reit,22,386,2,-0.025990807521634397,0.4388427734375,
263,reit,22,386,3,-0.027233873036389262,0.3719482421875,
263,reit,22,386,-1,,,ValueError: all target probabilities must be positive
264,reit,24,434,0,-0.024357665661235154,nan,
264,reit,24,434,1,-0.023606535151580975,0.4052883817735785,
264,reit,24,434,2,-0.022769014001521957,0.409423828125,
264,reit,24,434,3,-0.022085218951741124,0.343017578125,
264,reit,24,434,-1,,,ValueError: all target probabilities must be positive
265,reit,18,421,0,-0.03135449793091784,nan,
265,reit,18,421,1,-0.030444968073753,0.32934889752964724,
265,reit,18,421,2,-0.029700759883126832,0.32763671875,
265,reit,18,421,3,-0.029288427866661613,0.275390625,
265,reit,18,421,-1,,,ValueError: all target probabilities must be positive
266,sp500,36,380,0,-0.016076298648784227,nan,
266,sp500,36,380,1,-0.016545953613281254,0.4066669757532397,
266,sp500,36,380,2,-0.01998723343331473,0.32470703125,
266,sp500,36,380,-1,,,ValueError: all target probabilities must be positive
267,reit,12,591,0,-0.027553362102181296,nan,
267,reit,12,591,1,-0.028015047603701344,0.27159394920098867,
267,reit,12,591,2,-0.02846405269487443,0.285888671875,
267,reit,12,591,3,-0.028802777122623014,0.245849609375,
267,reit,12,591,4,-0.028965006968670142,0.1829833984375,
267,reit,12,591,-1,,,ValueError: all target probabilities must be positive
268,sp500,16,498,0,-0.02192958921840765,nan,
268,sp500,16,498,1,-0.02148407941545759,0.10436795016544989,
268,sp500,16,498,2,-0.021121687107631137,0.1168212890625,
268,sp500,16,498,3,-0.02080673887416295,0.1348876953125,
268,sp500,16,498,4,-0.02051543226841518,0.15576171875,
268,sp500,16,498,5,-0.02023900930350167,0.1705322265625,
268,sp500,16,498,6,-0.02004838707624163,0.173095703125,
268,sp500,16,498,7,-0.01994164480154855,0.1495361328125,
268,sp500,16,498,8,-0.019804327122279575,0.1064453125,
269,sp500,17,720,0,-0.021903522176933345,nan,
269,sp500,17,720,1,-0.020889357979910712,0.26802034356368615,
269,sp500,17,720,2,-0.021094102355957028,0.315673828125,
269,sp500,17,720,3,-0.021512834306989397,0.3218994140625,
269,sp500,17,720,-1,,,ValueError: all target probabilities must be positive
270,sp500,29,303,0,-0.020469318278434127,nan,
270,sp500,29,303,1,-0.01894195968191964,0.3822601708316831,
270,sp500,29,303,2,-0.01977785117013114,0.3760986328125,
270,sp500,29,303,3,-0.02060475116838728,0.30029296875,
270,sp500,29,303,-1,,,ValueError: all target probabilities must be positive
271,reit,23,546,0,-0.022033293479593763,nan,
271,reit,23,546,1,-0.020293046781447537,0.4181211679238461,
271,reit,23,546,2,-0.018942324385868594,0.41015625,
271,reit,23,546,3,-0.01807180383282783,0.300537109375,
271,reit,23,546,-1,,,ValueError: all target probabilities must be positive
272,sp500,40,719,0,-0.015908210922738465,nan,
272,sp500,40,719,1,-0.015026552115304128,0.3651020197496818,
272,sp500,40,719,2,-0.014540359078543527,0.3189697265625,
272,sp500,40,719,3,-0.014612729989188056,0.239990234375,
272,sp500,40,719,-1,,,ValueError: all target probabilities must be positive
273,sp500,19,403,0,-0.019778538933626726,nan,
273,sp500,19,403,1,-0.01878958273751395,0.40496860810038093,
273,sp500,19,403,2,-0.01822679398890904,0.4112548828125,
273,sp500,19,403,3,-0.01752533705357143,0.2852783203125,
273,sp500,19,403,-1,,,ValueError: all target probabilities must be positive
274,sp500,16,535,0,-0.01770549889426241,nan,
274,sp500,16,535,1,-0.018087806867327007,0.2166197173170595,
274,sp500,16,535,2,-0.018667966761997768,0.255615234375,
274,sp500,16,535,3,-0.019311410827636717,0.2537841796875,
274,sp500,16,535,4,-0.01987554039655413,0.185791015625,
274,sp500,16,535,-1,,,ValueError: all target probabilities must be positive
275,reit,13,424,0,-0.014013429678853478,nan,
275,reit,13,424,1,-0.01348351613714196,0.3724032999677591,
275,reit,13,424,2,-0.01719804811605458,0.435791015625,
275,reit,13,424,3,-0.02194598719471429,0.3927001953125,
275,reit,13,424,-1,,,ValueError: all target probabilities must be positive
276,sp500,19,366,0,-0.012341081032777885,nan,
276,sp500,19,366,1,-0.012488945007324217,0.23892307233195928,
276,sp500,19,366,2,-0.013173420523507255,0.26318359375,
276,sp500,19,366,3,-0.014143407313755579,0.2498779296875,
276,sp500,19,366,4,-0.015121788321358817,0.199951171875,
276,sp500,19,366,-1,,,ValueError: all target probabilities must be positive
277,sp500,26,444,0,-0.01990012405936209,nan,
277,sp500,26,444,1,-0.019413358459472653,0.23621404551338346,
277,sp500,26,444,2,-0.019810604814801895,0.2457275390625,
277,sp500,26,444,3,-0.02145500301688058,0.21923828125,
277,sp500,26,444,-1,,,ValueError: all target probabilities must be positive
278,sp500,34,660,0,-0.018505644160787375,nan,
278,sp500,34,660,1,-0.017797450631277904,0.20463466463207972,
278,sp500,34,660,2,-0.017393917585100446,0.1881103515625,
278,sp500,34,660,3,-0.01711760893031529,0.1907958984375,
278,sp500,34,660,-1,,,ValueError: all target probabilities must be positive
279,sp500,27,551,0,-0.023087189325173226,nan,
279,sp500,27,551,1,-0.021441241725376675,0.2981470883769872,
279,sp500,27,551,2,-0.020157213178362166,0.2913818359375,
279,sp500,27,551,3,-0.019325272757393975,0.2408447265625,
279,sp500,27,551,4,-0.018900413548060824,0.1884765625,
279,sp500,27,551,-1,,,ValueError: all target probabilities must be positive
280,sp500,24,599,0,-0.01797121514834026,nan,
280,sp500,24,599,1,-0.018276273202078686,0.2649441112775198,
280,sp500,24,599,2,-0.01912905764334542,0.2412109375,
280,sp500,24,599,3,-0.019664399100167408,0.205078125,
280,sp500,24,599,4,-0.020073738568987164,0.18505859375,
280,sp500,24,599,-1,,,ValueError: all target probabilities must be positive
281,reit,23,294,0,-0.024208534929712557,nan,
281,reit,23,294,1,-0.022254309031704528,0.4595152002291863,
281,reit,23,294,2,-0.02058803837924886,0.4378662109375,
281,reit,23,294,-1,,,ValueError: all target probabilities must be positive
282,reit,14,665,0,-0.016443262527311493,nan,
282,reit,14,665,1,-0.01535929138487531,0.3375769192969401,
282,reit,14,665,2,-0.014567529831120045,0.41015625,
282,reit,14,665,3,-0.015020754020685154,0.34033203125,
282,reit,14,665,4,-0.015515332410468435,0.22607421875,
282,reit,14,665,-1,,,ValueError: all target probabilities must be positive
283,reit,14,326,0,-0.07905860423389692,nan,
283,reit,14,326,1,-0.0606003001008756,0.6584520387096416,
283,reit,14,326,2,-0.054462953177880684,0.4217529296875,
283,reit,14,326,-1,,,ValueError: all target probabilities must be positive
284,sp500,39,729,0,-0.022634684154542,nan,
284,sp500,39,729,1,-0.021712155875069753,0.15454653059152867,
284,sp500,39,729,2,-0.021245879804338726,0.1453857421875,
284,sp500,39,729,3,-0.02125125857979911,0.1376953125,
284,sp500,39,729,4,-0.021357061523437502,0.1253662109375,
284,sp500,39,729,5,-0.021519852783203123,0.1146240234375,
284,sp500,39,729,6,-0.021815175877162387,0.11083984375,
284,sp500,39,729,7,-0.022244820966448104,0.1048583984375,
284,sp500,39,729,-1,,,ValueError: all target probabilities must be positive
285,reit,14,352,0,-0.019955864122278517,nan,
285,reit,14,352,1,-0.019804528877472558,0.42698364721588455,
285,reit,14,352,2,-0.01934207654226413,0.4954833984375,
285,reit,14,352,3,-0.01963442358236155,0.4049072265625,
285,reit,14,352,-1,,,ValueError: all target probabilities must be positive
286,sp500,38,720,0,-0.012872946258354874,nan,
286,sp500,38,720,1,-0.01256791380092076,0.1838584789690163,
286,sp500,38,720,2,-0.012677018607003349,0.1787109375,
286,sp500,38,720,3,-0.012858948983328683,0.1683349609375,
286,sp500,38,720,4,-0.013129762224469864,0.173583984375,
286,sp500,38,720,-1,,,ValueError: all target probabilities must be positive
287,sp500,23,460,0,-0.01781693060234883,nan,
287,sp500,23,460,1,-0.015964994140624997,0.3724175793788992,
287,sp500,23,460,2,-0.01553489856828962,0.3912353515625,
287,sp500,23,460,3,-0.01599670303780692,0.3360595703125,
287,sp500,23,460,4,-0.01647820798165458,0.22265625,
287,sp500,23,460,-1,,,ValueError: all target probabilities must be positive
288,reit,17,394,0,-0.013074079590027566,nan,
288,reit,17,394,1,-0.013046298531925756,0.6145172063048503,
288,reit,17,394,2,-0.013256657292604118,0.5594482421875,
288,reit,17,394,3,-0.013967407677478755,0.2698974609375,
288,reit,17,394,-1,,,ValueError: all target probabilities must be positive
289,sp500,28,462,0,-0.016613729796496824,nan,
289,sp500,28,462,1,-0.01573801190185547,0.2911760656535286,
289,sp500,28,462,2,-0.015132249101911273,0.2412109375,
289,sp500,28,462,3,-0.014895312430245533,0.195556640625,
289,sp500,28,462,-1,,,ValueError: all target probabilities must be positive
290,sp500,17,747,0,-0.023899220320998452,nan,
290,sp500,17,747,1,-0.023639763689313614,0.21434687685530054,
290,sp500,17,747,2,-0.023642559300013955,0.230224609375,
290,sp500,17,747,3,-0.023754350402832032,0.22412109375,
290,sp500,17,747,4,-0.02428037220982143,0.2296142578125,
290,sp500,17,747,-1,,,ValueError: all target probabilities must be positive
291,reit,13,389,0,-0.017557477830427427,nan,
291,reit,13,389,1,-0.01814683986423028,0.23374665623099627,
291,reit,13,389,2,-0.019709294011376367,0.3199462890625,
291,reit,13,389,3,-0.021913107228837096,0.3731689453125,
291,reit,13,389,-1,,,ValueError: all target probabilities must be positive
292,reit,14,264,0,-0.03475175589544579,nan,
292,reit,14,264,1,-0.03348215668406817,0.506405904967493,
292,reit,14,264,2,-0.03417031995528798,0.550537109375,
292,reit,14,264,-1,,,ValueError: all target probabilities must be positive
293,reit,13,285,0,-0.011930901392662284,nan,
293,reit,13,285,1,-0.01268313367016356,0.36132150576584926,
293,reit,13,285,2,-0.013893014792152995,0.358154296875,
293,reit,13,285,3,-0.014769685548488055,0.2724609375,
293,reit,13,285,-1,,,ValueError: all target probabilities must be positive
294,sp500,30,501,0,-0.023092618331072116,nan,
294,sp500,30,501,1,-0.022486082536969865,0.27106418784351627,
294,sp500,30,501,2,-0.02280470458984375,0.2911376953125,
294,sp500,30,501,3,-0.023462171011788508,0.2943115234375,
294,sp500,30,501,-1,,,ValueError: all target probabilities must be positive
295,reit,12,304,0,-0.015265874874232402,nan,
295,reit,12,304,1,-0.014474645824055606,0.30869958073164383,
295,reit,12,304,2,-0.013878504963180058,0.3299560546875,
295,reit,12,304,3,-0.013852214219064718,0.26611328125,
295,reit,12,304,4,-0.014416430762362492,0.2109375,
295,reit,12,304,-1,,,ValueError: all target probabilities must be positive
296,sp500,24,320,0,-0.022918161857622125,nan,
296,sp500,24,320,1,-0.021961774788992743,0.17426593478770008,
296,sp500,24,320,2,-0.021241589695521763,0.18505859375,
296,sp500,24,320,3,-0.02093563027518136,0.1861572265625,
296,sp500,24,320,4,-0.021614519182477678,0.1812744140625,
296,sp500,24,320,-1,,,ValueError: all target probabilities must be positive
297,reit,22,312,0,-0.01751867649607543,nan,
297,reit,22,312,1,-0.016010773566132595,0.4851590774093358,
297,reit,22,312,2,-0.019104768452866773,0.5516357421875,
297,reit,22,312,-1,,,ValueError: all target probabilities must be positive
298,reit,25,600,0,-0.01116539928949868,nan,
298,reit,25,600,1,-0.010935615440251404,0.5658864601146815,
298,reit,25,600,2,-0.015276818792438347,0.514892578125,
298,reit,25,600,-1,,,ValueError: all target probabilities must be positive
299,reit,20,439,0,-0.016490690258184122,nan,
299,reit,20,439,1,-0.017692439866077513,0.44941212645287504,
299,reit,20,439,2,-0.020255080696259652,0.4996337890625,
299,reit,20,439,3,-0.02497051150361352,0.3465576171875,
299,reit,20,439,-1,,,ValueError: all target probabilities must be positive
300,sp500,40,457,0,-0.029407545186078233,nan,
300,sp500,40,457,1,-0.029874582536969868,0.367674077084139,
300,sp500,40,457,2,-0.031431830801827564,0.291748046875,
300,sp500,40,457,-1,,,ValueError: all target probabilities must be positive
301,reit,15,414,0,-0.019781991463383986,nan,
301,reit,15,414,1,-0.019416076514554625,0.4213257504283257,
301,reit,15,414,2,-0.022147871232299336,0.3624267578125,
301,reit,15,414,3,-0.024814901170885893,0.2518310546875,
301,reit,15,414,-1,,,ValueError: all target probabilities must be positive
302,sp500,27,435,0,-0.020755538194355834,nan,
302,sp500,27,435,1,-0.01973818514578683,0.31334411925336214,
302,sp500,27,435,2,-0.019014590672084268,0.341552734375,
302,sp500,27,435,3,-0.020586611912318642,0.3116455078125,
302,sp500,27,435,4,-0.02459633803013393,0.29833984375,
302,sp500,27,435,-1,,,ValueError: all target probabilities must be positive
303,reit,13,542,0,-0.021288409343641252,nan,
303,reit,13,542,1,-0.018530599776374494,0.34011921640358744,
303,reit,13,542,2,-0.017259292416661957,0.273193359375,
303,reit,13,542,3,-0.0204790735011115,0.1861572265625,
303,reit,13,542,-1,,,ValueError: all target probabilities must be positive
304,sp500,28,745,0,-0.08868045223108625,nan,
304,sp500,28,745,1,-0.08758337074497768,0.2529251794050455,
304,sp500,28,745,2,-0.08587858420235771,0.25341796875,
304,sp500,28,745,3,-0.08360314098249162,0.2625732421875,
304,sp500,28,745,4,-0.08196668657575334,0.2423095703125,
304,sp500,28,745,-1,,,ValueError: all target probabilities must be positive
305,reit,16,310,0,-0.041803403303816745,nan,
305,reit,16,310,1,-0.0443623348794781,0.44470672666227185,
305,reit,16,310,2,-0.04916038199575382,0.45458984375,
305,reit,16,310,-1,,,ValueError: all target probabilities must be positive
306,sp500,39,709,0,-0.01931323468242857,nan,
306,sp500,39,709,1,-0.018078304094587053,0.3534401430687664,
306,sp500,39,709,2,-0.0176448793422154,0.382568359375,
306,sp500,39,709,3,-0.018057136553083147,0.361083984375,
306,sp500,39,709,-1,,,ValueError: all target probabilities must be positive
307,sp500,26,709,0,-0.017641029786719283,nan,
307,sp500,26,709,1,-0.017844346060616627,0.2844663682759361,
307,sp500,26,709,2,-0.01888477507672991,0.2862548828125,
307,sp500,26,709,3,-0.020164944301060268,0.267578125,
307,sp500,26,709,-1,,,ValueError: all target probabilities must be positive
308,sp500,19,284,0,-0.010431820357120158,nan,
308,sp500,19,284,1,-0.009490321262904574,0.16910460651654916,
308,sp500,19,284,2,-0.008571970232282367,0.1689453125,
308,sp500,19,284,3,-0.008070541190011162,0.1591796875,
308,sp500,19,284,4,-0.008301175136021206,0.1585693359375,
308,sp500,19,284,-1,,,ValueError: all target probabilities must be positive
309,reit,24,630,0,-0.12672403262948959,nan,
309,reit,24,630,1,-0.11237973502844453,0.579166138729342,
309,reit,24,630,2,-0.10456402634717822,0.60400390625,
309,reit,24,630,-1,,,ValueError: all target probabilities must be positive
310,sp500,39,452,0,-0.019797306361087005,nan,
310,sp500,39,452,1,-0.020079026070731025,0.3258938778692734,
310,sp500,39,452,2,-0.021186742466517857,0.3575439453125,
310,sp500,39,452,3,-0.02384500033133371,0.3258056640625,
310,sp500,39,452,-1,,,ValueError: all target probabilities must be positive
311,sp500,34,712,0,-0.008617201521143201,nan,
311,sp500,34,712,1,-0.008351399745396207,0.23082204511024268,
311,sp500,34,712,2,-0.00843182666015625,0.2608642578125,
311,sp500,34,712,3,-0.008999384477887836,0.2742919921875,
311,sp500,34,712,4,-0.00974155450439453,0.253173828125,
311,sp500,34,712,-1,,,ValueError: all target probabilities must be positive
312,sp500,31,328,0,-0.0240029785712939,nan,
312,sp500,31,328,1,-0.023389961853027347,0.16492088058260457,
312,sp500,31,328,2,-0.02289396959577288,0.1832275390625,
312,sp500,31,328,3,-0.02255295819963728,0.1890869140625,
312,sp500,31,328,4,-0.022184209769112725,0.1937255859375,
312,sp500,31,328,5,-0.021957062796456473,0.1834716796875,
312,sp500,31,328,-1,,,ValueError: all target probabilities must be positive
313,sp500,34,667,0,-0.019723399461302527,nan,
313,sp500,34,667,1,-0.018341241917201455,0.25479059174774454,
313,sp500,34,667,2,-0.017201224539620533,0.2518310546875,
313,sp500,34,667,3,-0.016538647120884487,0.2327880859375,
313,sp500,34,667,4,-0.01622161741420201,0.20703125,
313,sp500,34,667,-1,,,ValueError: all target probabilities must be positive
314,reit,22,423,0,-0.013486033581229606,nan,
314,reit,22,423,1,-0.013580409299912763,0.49929165814253823,
314,reit,22,423,2,-0.014082073306916501,0.51171875,
314,reit,22,423,3,-0.015359265445362244,0.324462890625,
314,reit,22,423,-1,,,ValueError: all target probabilities must be positive
315,sp500,22,257,0,-0.02158677293896528,nan,
315,sp500,22,257,1,-0.02106582230050223,0.1831205712069445,
315,sp500,22,257,2,-0.02075867704554966,0.2125244140625,
315,sp500,22,257,3,-0.02126237757219587,0.228271484375,
315,sp500,22,257,4,-0.022093794538225447,0.22021484375,
315,sp500,22,257,-1,,,ValueError: all target probabilities must be positive
316,reit,20,564,0,-0.014288835819468373,nan,
316,reit,20,564,1,-0.014308589358240462,0.3719731516810663,
316,reit,20,564,2,-0.015062343811883441,0.3975830078125,
316,reit,20,564,3,-0.016415865351618094,0.353271484375,
316,reit,20,564,-1,,,ValueError: all target probabilities must be positive
317,sp500,24,523,0,-0.023825934007924238,nan,
317,sp500,24,523,1,-0.02301126699393136,0.29198505951121306,
317,sp500,24,523,2,-0.02211061707414899,0.2822265625,
317,sp500,24,523,3,-0.021564638480050222,0.2498779296875,
317,sp500,24,523,4,-0.02111845764160156,0.2078857421875,
317,sp500,24,523,-1,,,ValueError: all target probabilities must be positive
318,sp500,22,612,0,-0.012342188709252078,nan,
318,sp500,22,612,1,-0.011668686070033482,0.1898582787146974,
318,sp500,22,612,2,-0.011147358956473214,0.1864013671875,
318,sp500,22,612,3,-0.011427401585170202,0.1776123046875,
318,sp500,22,612,4,-0.011731220084054129,0.1683349609375,
318,sp500,22,612,5,-0.01204488822719029,0.1331787109375,
318,sp500,22,612,6,-0.012473818054199217,0.1099853515625,
318,sp500,22,612,7,-0.012860060756138393,0.091064453125,
318,sp500,22,612,-1,,,ValueError: all target probabilities must be positive
319,sp500,36,292,0,-0.028565749524602224,nan,
319,sp500,36,292,1,-0.027569360011509482,0.24451241997406659,
319,sp500,36,292,2,-0.026996904017857145,0.2325439453125,
319,sp500,36,292,3,-0.026600889186314175,0.2166748046875,
319,sp500,36,292,4,-0.026234202680315292,0.195068359375,
319,sp500,36,292,-1,,,ValueError: all target probabilities must be positive
320,sp500,19,265,0,-0.010815468943308097,nan,
320,sp500,19,265,1,-0.01134079421561105,0.14797751457693142,
320,sp500,19,265,2,-0.011878642456054689,0.1435546875,
320,sp500,19,265,3,-0.012478926845005579,0.1300048828125,
320,sp500,19,265,4,-0.013040841247558594,0.11767578125,
320,sp500,19,265,5,-0.01347437095424107,0.1015625,
320,sp500,19,265,6,-0.013808208217075891,0.0823974609375,
320,sp500,19,265,-1,,,ValueError: all target probabilities must be positive
321,sp500,37,250,0,-0.014809037020749732,nan,
321,sp500,37,250,1,-0.013586933428083146,0.285579063349735,
321,sp500,37,250,2,-0.012526634922572544,0.260986328125,
321,sp500,37,250,3,-0.012026101021902899,0.2166748046875,
321,sp500,37,250,4,-0.011781206107003348,0.1846923828125,
321,sp500,37,250,-1,,,ValueError: all target probabilities must be positive
322,reit,21,636,0,-0.02551154979685128,nan,
322,reit,21,636,1,-0.024762501964441214,0.4035669382676262,
322,reit,21,636,2,-0.02420263463952549,0.4876708984375,
322,reit,21,636,3,-0.02389814996155537,0.4034423828125,
322,reit,21,636,-1,,,ValueError: all target probabilities must be positive
323,sp500,36,708,0,-0.025117436502587753,nan,
323,sp500,36,708,1,-0.02294105659702846,0.34275046926181896,
323,sp500,36,708,2,-0.021331435468401227,0.3475341796875,
323,sp500,36,708,3,-0.0207787662789481,0.299072265625,
323,sp500,36,708,4,-0.021034946428571427,0.2413330078125,
323,sp500,36,708,-1,,,ValueError: all target probabilities must be positive
324,reit,19,492,0,-0.02182667474447561,nan,
324,reit,19,492,1,-0.02165420652718029,0.35631576471242,
324,reit,19,492,2,-0.02130322499170644,0.4437255859375,
324,reit,19,492,3,-0.021064506904134698,0.4146728515625,
324,reit,19,492,-1,,,ValueError: all target probabilities must be positive
325,reit,13,703,0,-0.0178219767807781,nan,
325,reit,13,703,1,-0.017875531794949336,0.41362831545754747,
325,reit,13,703,2,-0.018300223467958364,0.405029296875,
325,reit,13,703,3,-0.019118122269851285,0.2779541015625,
325,reit,13,703,-1,,,ValueError: all target probabilities must be positive
326,reit,12,657,0,-0.026148895923687954,nan,
326,reit,12,657,1,-0.025964936014680206,0.4573120272784762,
326,reit,12,657,2,-0.026753196632200965,0.380615234375,
326,reit,12,657,-1,,,ValueError: all target probabilities must be positive
327,reit,22,349,0,-0.046404578425988864,nan,
327,reit,22,349,1,-0.04484324406991948,0.5180882810534192,
327,reit,22,349,2,-0.04312327133025718,0.527587890625,
327,reit,22,349,-1,,,ValueError: all target probabilities must be positive
328,reit,24,329,0,-0.04331474081107809,nan,
328,reit,24,329,1,-0.04104650813302662,0.5225026522943121,
328,reit,24,329,2,-0.03868144442756933,0.4647216796875,
328,reit,24,329,-1,,,ValueError: all target probabilities must be positive
329,reit,23,420,0,-0.03405272682914976,nan,
329,reit,23,420,1,-0.03384041134956562,0.3700976307447013,
329,reit,23,420,2,-0.03344957251616485,0.376708984375,
329,reit,23,420,3,-0.03304906203654027,0.2977294921875,
329,reit,23,420,4,-0.03275685281479724,0.2032470703125,
329,reit,23,420,-1,,,ValueError: all target probabilities must be positive
330,sp500,27,721,0,-0.02169796032345994,nan,
330,sp500,27,721,1,-0.02216497802734375,0.3412276152276344,
330,sp500,27,721,2,-0.02300595288957868,0.33349609375,
330,sp500,27,721,3,-0.0241231430140904,0.2564697265625,
330,sp500,27,721,4,-0.02518741350446429,0.2041015625,
330,sp500,27,721,-1,,,ValueError: all target probabilities must be positive
331,reit,14,622,0,-0.016972858962437783,nan,
331,reit,14,622,1,-0.01627657691079119,0.344776652893287,
331,reit,14,622,2,-0.01580958507832943,0.4619140625,
331,reit,14,622,3,-0.016075296083943955,0.3516845703125,
331,reit,14,622,4,-0.016552107360196317,0.0919189453125,
331,reit,14,622,-1,,,ValueError: all target probabilities must be positive
332,reit,22,356,0,-0.013527446937478076,nan,
332,reit,22,356,1,-0.013789271926216635,0.5678422373644757,
332,reit,22,356,2,-0.018965319038435218,0.52001953125,
332,reit,22,356,3,-0.022391031374255087,0.2802734375,
332,reit,22,356,-1,,,ValueError: all target probabilities must be positive
333,sp500,15,259,0,-0.011044854301497353,nan,
333,sp500,15,259,1,-0.011475785226004466,0.23291896909846665,
333,sp500,15,259,2,-0.011985457833426342,0.231689453125,
333,sp500,15,259,3,-0.012760879385811942,0.211669921875,
333,sp500,15,259,4,-0.013758396466936385,0.1700439453125,
333,sp500,15,259,5,-0.01485228538295201,0.1190185546875,
333,sp500,15,259,6,-0.015740114022391182,0.10205078125,
333,sp500,15,259,-1,,,ValueError: all target probabilities must be positive
334,sp500,40,391,0,-0.013327455111570862,nan,
334,sp500,40,391,1,-0.013009729544503348,0.17423234349538266,
334,sp500,40,391,2,-0.012806368312290737,0.1805419921875,
334,sp500,40,391,3,-0.012713820818219866,0.1845703125,
334,sp500,40,391,4,-0.012903293605259486,0.1842041015625,
334,sp500,40,391,-1,,,ValueError: all target probabilities must be positive
335,sp500,35,433,0,-0.01083136922630908,nan,
335,sp500,35,433,1,-0.010872857212611607,0.31728548183970884,
335,sp500,35,433,2,-0.011379296247209821,0.2913818359375,
335,sp500,35,433,3,-0.011995554225376672,0.2562255859375,
335,sp500,35,433,-1,,,ValueError: all target probabilities must be positive
336,reit,25,472,0,-0.02376542329522405,nan,
336,reit,25,472,1,-0.020059853473123217,0.6010943873815352,
336,reit,25,472,2,-0.018200023335446062,0.5360107421875,
336,reit,25,472,-1,,,ValueError: all target probabilities must be positive
337,reit,18,348,0,-0.044781975174922946,nan,
337,reit,18,348,1,-0.04340585967508287,0.4114665496474433,
337,reit,18,348,2,-0.04140566796164954,0.4974365234375,
337,reit,18,348,-1,,,ValueError: all target probabilities must be positive
338,sp500,13,525,0,-0.016732064659854908,nan,
338,sp500,13,525,1,-0.01611759703717913,0.23688424157060256,
338,sp500,13,525,2,-0.01614914311000279,0.2034912109375,
338,sp500,13,525,3,-0.016329379499162945,0.149169921875,
338,sp500,13,525,4,-0.016505268118722098,0.1275634765625,
338,sp500,13,525,5,-0.01672599941580636,0.11474609375,
338,sp500,13,525,-1,,,ValueError: all target probabilities must be positive
339,sp500,22,733,0,-0.01993956147347242,nan,
339,sp500,22,733,1,-0.018552644069126673,0.27264245668815723,
339,sp500,22,733,2,-0.01746645869663783,0.2236328125,
339,sp500,22,733,3,-0.016887434422084263,0.156982421875,
339,sp500,22,733,4,-0.016618766060965403,0.119140625,
339,sp500,22,733,-1,,,ValueError: all target probabilities must be positive
340,sp500,15,534,0,-0.02617148185760951,nan,
340,sp500,15,534,1,-0.02581333896309989,0.1349016900681449,
340,sp500,15,534,2,-0.025809231375558035,0.1417236328125,
340,sp500,15,534,3,-0.026078197204589842,0.1495361328125,
340,sp500,15,534,4,-0.026554812491280694,0.155029296875,
340,sp500,15,534,-1,,,ValueError: all target probabilities must be positive
341,reit,19,278,0,-0.05106700235063344,nan,
341,reit,19,278,1,-0.04801443373168425,0.48196563711675305,
341,reit,19,278,2,-0.04502460299578407,0.4530029296875,
341,reit,19,278,3,-0.0423834699048757,0.32470703125,
341,reit,19,278,-1,,,ValueError: all target probabilities must be positive
342,sp500,13,313,0,-0.0114671274013846,nan,
342,sp500,13,313,1,-0.011356025155203684,0.1207392887453461,
342,sp500,13,313,2,-0.011546710832868304,0.14306640625,
342,sp500,13,313,3,-0.01229146901157924,0.1605224609375,
342,sp500,13,313,4,-0.013416129002162389,0.1634521484375,
342,sp500,13,313,5,-0.014816071838378905,0.1541748046875,
342,sp500,13,313,6,-0.016355100420270646,0.133544921875,
342,sp500,13,313,7,-0.017642870989118303,0.109375,
342,sp500,13,313,-1,,,ValueError: all target probabilities must be positive
343,reit,13,285,0,-0.02390113207962267,nan,
343,reit,13,285,1,-0.020504423784326244,0.5658106822832185,
343,reit,13,285,2,-0.017931031111042522,0.46142578125,
343,reit,13,285,-1,,,ValueError: all target probabilities must be positive
344,sp500,30,495,0,-0.013045935079904203,nan,
344,sp500,30,495,1,-0.01266828186035156,0.3064790628277284,
344,sp500,30,495,2,-0.012866418779645648,0.260498046875,
344,sp500,30,495,-1,,,ValueError: all target probabilities must be positive
345,reit,23,461,0,-0.09413614092240584,nan,
345,reit,23,461,1,-0.09840325982902778,0.417437268142922,
345,reit,23,461,2,-0.10590127650111894,0.531982421875,
345,reit,23,461,3,-0.11225790228608805,0.4307861328125,
345,reit,23,461,-1,,,ValueError: all target probabilities must be positive
346,reit,22,711,0,-0.02034250607826271,nan,
346,reit,22,711,1,-0.01770348329002722,0.5293576041248547,
346,reit,22,711,2,-0.02031828902910624,0.519287109375,
346,reit,22,711,-1,,,ValueError: all target probabilities must be positive
347,reit,25,686,0,-0.034346276518450645,nan,
347,reit,25,686,1,-0.03415968029577814,0.4626021252255844,
347,reit,25,686,2,-0.0351174504526907,0.5279541015625,
347,reit,25,686,3,-0.03727021651943966,0.34619140625,
347,reit,25,686,-1,,,ValueError: all target probabilities must be positive
348,sp500,33,492,0,-0.013720978195700322,nan,
348,sp500,33,492,1,-0.014299079162597659,0.2876755240842523,
348,sp500,33,492,2,-0.015478953857421875,0.254150390625,
348,sp500,33,492,-1,,,ValueError: all target probabilities must be positive
349,reit,14,450,0,-0.017422800504327457,nan,
349,reit,14,450,1,-0.016409434349526544,0.44877843263306416,
349,reit,14,450,2,-0.01651660798711139,0.4171142578125,
349,reit,14,450,3,-0.01691898928327534,0.3013916015625,
349,reit,14,450,-1,,,ValueError: all target probabilities must be positive
350,sp500,14,276,0,-0.013820921618031614,nan,
350,sp500,14,276,1,-0.013503983939034599,0.18556330657458617,
350,sp500,14,276,2,-0.013025469203404017,0.2275390625,
350,sp500,14,276,3,-0.012576494280133927,0.243408203125,
350,sp500,14,276,4,-0.011952534816196986,0.232666015625,
350,sp500,14,276,5,-0.011563246599469867,0.198974609375,
350,sp500,14,276,-1,,,ValueError: all target probabilities must be positive
351,sp500,32,553,0,-0.007807145723510273,nan,
351,sp500,32,553,1,-0.007513714773995536,0.16082586680221803,
351,sp500,32,553,2,-0.007241029349190847,0.174560546875,
351,sp500,32,553,3,-0.007071555201939174,0.1771240234375,
351,sp500,32,553,4,-0.00694443115234375,0.170166015625,
351,sp500,32,553,5,-0.0070914122576032365,0.1563720703125,
351,sp500,32,553,6,-0.0072901694335937494,0.139892578125,
351,sp500,32,553,-1,,,ValueError: all target probabilities must be positive
352,reit,13,266,0,-0.07685152451451681,nan,
352,reit,13,266,1,-0.07028624076006862,0.5189657461660517,
352,reit,13,266,2,-0.06791752888312498,0.595458984375,
352,reit,13,266,-1,,,ValueError: all target probabilities must be positive
353,reit,15,386,0,-0.02477417353495832,nan,
353,reit,15,386,1,-0.02336028791345675,0.38274810130216574,
353,reit,15,386,2,-0.022131083023943596,0.542724609375,
353,reit,15,386,3,-0.02611589796996052,0.443359375,
353,reit,15,386,-1,,,ValueError: all target probabilities must be positive
354,reit,24,261,0,-0.03226292008446003,nan,
354,reit,24,261,1,-0.034626703652209545,0.5517769440408675,
354,reit,24,261,2,-0.04043327157936257,0.47021484375,
354,reit,24,261,-1,,,ValueError: all target probabilities must be positive
355,sp500,37,510,0,-0.01708804993381927,nan,
355,sp500,37,510,1,-0.017009096627371652,0.2704440033464696,
355,sp500,37,510,2,-0.01754359375,0.3394775390625,
355,sp500,37,510,3,-0.01871651038469587,0.350830078125,
355,sp500,37,510,4,-0.020256890694754465,0.28759765625,
355,sp500,37,510,-1,,,ValueError: all target probabilities must be positive
356,sp500,19,743,0,-0.022731919987244626,nan,
356,sp500,19,743,1,-0.021893239807128904,0.22860647662320688,
356,sp500,19,743,2,-0.021546885358537944,0.2408447265625,
356,sp500,19,743,3,-0.021477632385253905,0.2442626953125,
356,sp500,19,743,4,-0.021775428606305804,0.2440185546875,
356,sp500,19,743,-1,,,ValueError: all target probabilities must be positive
357,reit,16,280,0,-0.03546833100188408,nan,
357,reit,16,280,1,-0.03267147243390441,0.40823797913055454,
357,reit,16,280,2,-0.030413533795544734,0.4200439453125,
357,reit,16,280,3,-0.029739074330713402,0.3453369140625,
357,reit,16,280,-1,,,ValueError: all target probabilities must be positive
358,reit,24,557,0,-0.01976617753164928,nan,
358,reit,24,557,1,-0.01701243564064799,0.9553210159643417,
358,reit,24,557,2,-0.017834262227533614,0.448486328125,
358,reit,24,557,-1,,,ValueError: all target probabilities must be positive
359,sp500,33,269,0,-0.013740986037765673,nan,
359,sp500,33,269,1,-0.013112043840680805,0.24502963388990887,
359,sp500,33,269,2,-0.012730367483956473,0.2347412109375,
359,sp500,33,269,3,-0.012816303187779016,0.215087890625,
359,sp500,33,269,4,-0.01322503909737723,0.1861572265625,
359,sp500,33,269,-1,,,ValueError: all target probabilities must be positive
360,sp500,31,282,0,-0.010409289331051197,nan,
360,sp500,31,282,1,-0.009448195050920758,0.26183574028593587,
360,sp500,31,282,2,-0.00915869676862444,0.2747802734375,
360,sp500,31,282,3,-0.00919186714390346,0.25341796875,
360,sp500,31,282,-1,,,ValueError: all target probabilities must be positive
361,reit,17,399,0,-0.037867009275730654,nan,
361,reit,17,399,1,-0.03605855311727023,0.4321782548341948,
361,reit,17,399,2,-0.03447030575367967,0.38916015625,
361,reit,17,399,3,-0.03344377737317141,0.2630615234375,
361,reit,17,399,-1,,,ValueError: all target probabilities must be positive
362,sp500,28,269,0,-0.013344149394479874,nan,
362,sp500,28,269,1,-0.012959257742745535,0.23057582988345732,
362,sp500,28,269,2,-0.012835366193498884,0.206787109375,
362,sp500,28,269,3,-0.013300626299176898,0.187744140625,
362,sp500,28,269,-1,,,ValueError: all target probabilities must be positive
363,reit,20,250,0,-0.020853121759634472,nan,
363,reit,20,250,1,-0.0188060628218915,0.5049195674698591,
363,reit,20,250,2,-0.017176882138418125,0.4012451171875,
363,reit,20,250,-1,,,ValueError: all target probabilities must be positive
364,reit,12,423,0,-0.018369401283754732,nan,
364,reit,12,423,1,-0.01701143449323039,0.40687428490444133,
364,reit,12,423,2,-0.016771700219614345,0.331298828125,
364,reit,12,423,3,-0.017474441836715905,0.2298583984375,
364,reit,12,423,-1,,,ValueError: all target probabilities must be positive
365,sp500,24,614,0,-0.026158242097160684,nan,
365,sp500,24,614,1,-0.026057464686802458,0.23661854760169967,
365,sp500,24,614,2,-0.02631805911690848,0.225830078125,
365,sp500,24,614,3,-0.027200053135463167,0.1998291015625,
365,sp500,24,614,4,-0.028438729396275116,0.16796875,
365,sp500,24,614,-1,,,ValueError: all target probabilities must be positive
366,sp500,21,253,0,-0.03885683376726713,nan,
366,sp500,21,253,1,-0.03628615048653738,0.4916010225104069,
366,sp500,21,253,2,-0.035611858241489956,0.402099609375,
366,sp500,21,253,-1,,,ValueError: all target probabilities must be positive
367,sp500,15,334,0,-0.02303034937969902,nan,
367,sp500,15,334,1,-0.02206281316266741,0.18642983476396097,
367,sp500,15,334,2,-0.021388508204868862,0.18994140625,
367,sp500,15,334,3,-0.021415190150669644,0.178466796875,
367,sp500,15,334,4,-0.021539608363560264,0.15869140625,
367,sp500,15,334,-1,,,ValueError: all target probabilities must be positive
368,sp500,35,539,0,-0.01509587728475536,nan,
368,sp500,35,539,1,-0.01429092710658482,0.2728016571711027,
368,sp500,35,539,2,-0.014002639517647878,0.276123046875,
368,sp500,35,539,3,-0.014056538234165738,0.2606201171875,
368,sp500,35,539,4,-0.014541866873604911,0.223388671875,
368,sp500,35,539,-1,,,ValueError: all target probabilities must be positive
369,reit,20,708,0,-0.023649816349559406,nan,
369,reit,20,708,1,-0.02293508490275688,0.2712345560711655,
369,reit,20,708,2,-0.022869929325677156,0.3077392578125,
369,reit,20,708,3,-0.022571574925070382,0.31103515625,
369,reit,20,708,4,-0.021896994650476675,0.2789306640625,
369,reit,20,708,-1,,,ValueError: all target probabilities must be positive
370,reit,21,587,0,-0.018594003842814292,nan,
370,reit,21,587,1,-0.015468112937321744,0.5638641795694473,
370,reit,21,587,2,-0.014264211717981609,0.4273681640625,
370,reit,21,587,-1,,,ValueError: all target probabilities must be positive
371,reit,22,427,0,-0.01097610407592657,nan,
371,reit,22,427,1,-0.009011427682967374,0.637209400938765,
371,reit,22,427,2,-0.009100861472391671,0.587158203125,
371,reit,22,427,-1,,,ValueError: all target probabilities must be positive
372,reit,13,668,0,-0.032207118558762175,nan,
372,reit,13,668,1,-0.03193562040219269,0.3024147403287573,
372,reit,13,668,2,-0.033421064507600524,0.36328125,
372,reit,13,668,3,-0.03652654750674393,0.40869140625,
372,reit,13,668,-1,,,ValueError: all target probabilities must be positive
373,reit,21,592,0,-0.017335971375587213,nan,
373,reit,21,592,1,-0.01769496736020183,0.7011297383600417,
373,reit,21,592,2,-0.020494301295868187,0.6943359375,
373,reit,21,592,-1,,,ValueError: all target probabilities must be positive
374,sp500,18,427,0,-0.012890158337304598,nan,
374,sp500,18,427,1,-0.011963904357910157,0.19267310361934742,
374,sp500,18,427,2,-0.011703319571358816,0.1790771484375,
374,sp500,18,427,3,-0.011501938398088728,0.176513671875,
374,sp500,18,427,4,-0.011553058210100447,0.1741943359375,
374,sp500,18,427,-1,,,ValueError: all target probabilities must be positive
375,reit,13,737,0,-0.027565052995586734,nan,
375,reit,13,737,1,-0.02727887833845661,0.3844346235619652,
375,reit,13,737,2,-0.026859505722401814,0.4608154296875,
375,reit,13,737,3,-0.02656703999290469,0.3922119140625,
375,reit,13,737,-1,,,ValueError: all target probabilities must be positive
376,reit,17,497,0,-0.018139829078647557,nan,
376,reit,17,497,1,-0.018565432388498632,0.3692027184886795,
376,reit,17,497,2,-0.021088641636694598,0.435791015625,
376,reit,17,497,3,-0.025527422055096973,0.3641357421875,
376,reit,17,497,4,-0.030079196074755083,0.2374267578125,
376,reit,17,497,-1,,,ValueError: all target probabilities must be positive
377,sp500,36,647,0,-0.018267275924819932,nan,
377,sp500,36,647,1,-0.017743383806501114,0.3526670428289835,
377,sp500,36,647,2,-0.01756679136439732,0.3170166015625,
377,sp500,36,647,3,-0.01791510924421038,0.2603759765625,
377,sp500,36,647,-1,,,ValueError: all target probabilities must be positive
378,sp500,18,539,0,-0.023397612535436155,nan,
378,sp500,18,539,1,-0.02319594301060268,0.11829188644036913,
378,sp500,18,539,2,-0.023058239693777904,0.122802734375,
378,sp500,18,539,3,-0.02304647943987165,0.12109375,
378,sp500,18,539,4,-0.023169821053641185,0.1153564453125,
378,sp500,18,539,5,-0.0233584419468471,0.108642578125,
378,sp500,18,539,6,-0.023593606297084267,0.10205078125,
378,sp500,18,539,7,-0.0238546139264788,0.102783203125,
378,sp500,18,539,8,-0.02413834872000558,0.0928955078125,
379,reit,19,719,0,-0.0361872764503668,nan,
379,reit,19,719,1,-0.03521932618726349,0.2557745601444955,
379,reit,19,719,2,-0.0341130169103163,0.2945556640625,
379,reit,19,719,3,-0.03371477354649305,0.2838134765625,
379,reit,19,719,4,-0.03331193695411311,0.249755859375,
379,reit,19,719,-1,,,ValueError: all target probabilities must be positive
380,sp500,24,386,0,-0.023037409682963944,nan,
380,sp500,24,386,1,-0.02139153161621094,0.2917249256821344,
380,sp500,24,386,2,-0.020452603489467074,0.267578125,
380,sp500,24,386,3,-0.020145349452427457,0.245849609375,
380,sp500,24,386,4,-0.020325255641392297,0.2158203125,
380,sp500,24,386,-1,,,ValueError: all target probabilities must be positive
381,sp500,32,489,0,-0.042291257557735155,nan,
381,sp500,32,489,1,-0.038872625052315854,0.6184443792333435,
381,sp500,32,489,2,-0.03874772210693359,0.4254150390625,
381,sp500,32,489,-1,,,ValueError: all target probabilities must be positive
382,reit,19,413,0,-0.016284487135423506,nan,
382,reit,19,413,1,-0.01613577405299252,0.22559965784386687,
382,reit,19,413,2,-0.016270992511787576,0.28173828125,
382,reit,19,413,3,-0.016683106799300462,0.2999267578125,
382,reit,19,413,-1,,,ValueError: all target probabilities must be positive
383,reit,15,561,0,-0.02229952429767107,nan,
383,reit,15,561,1,-0.02584938678595076,0.574356918901349,
383,reit,15,561,2,-0.030931948943809708,0.522705078125,
383,reit,15,561,-1,,,ValueError: all target probabilities must be positive
384,sp500,22,626,0,-0.025123894931195056,nan,
384,sp500,22,626,1,-0.023642711277553016,0.163257680754605,
384,sp500,22,626,2,-0.02225686505126953,0.1610107421875,
384,sp500,22,626,3,-0.021040584184919085,0.155517578125,
384,sp500,22,626,4,-0.02007661440604074,0.1502685546875,
384,sp500,22,626,5,-0.019334936157226562,0.13525390625,
384,sp500,22,626,6,-0.01864046866280692,0.1260986328125,
384,sp500,22,626,-1,,,ValueError: all target probabilities must be positive
385,sp500,26,491,0,-0.021813392401460022,nan,
385,sp500,26,491,1,-0.019823727216448102,0.2673234939040487,
385,sp500,26,491,2,-0.01829967468261719,0.2664794921875,
385,sp500,26,491,3,-0.017380606192452568,0.2567138671875,
385,sp500,26,491,-1,,,ValueError: all target probabilities must be positive
386,reit,20,637,0,-0.02836675156681243,nan,
386,reit,20,637,1,-0.029246860981112687,0.5610757562405684,
386,reit,20,637,2,-0.031872496152074645,0.3642578125,
386,reit,20,637,-1,,,ValueError: all target probabilities must be positive
387,sp500,26,563,0,-0.01925055787099163,nan,
387,sp500,26,563,1,-0.017861912388392857,0.19303705486911765,
387,sp500,26,563,2,-0.017262522190638955,0.188720703125,
387,sp500,26,563,3,-0.01734081357247489,0.206298828125,
387,sp500,26,563,-1,,,ValueError: all target probabilities must be positive
388,reit,15,344,0,-0.01685782157204714,nan,
388,reit,15,344,1,-0.016941974142001583,0.3657276715020121,
388,reit,15,344,2,-0.0186770717023348,0.5078125,
388,reit,15,344,3,-0.02215250432484301,0.425537109375,
388,reit,15,344,4,-0.02468657121361348,0.2279052734375,
388,reit,15,344,-1,,,ValueError: all target probabilities must be positive
389,reit,21,488,0,-0.048997062178942466,nan,
389,reit,21,488,1,-0.04601391093364882,0.6088054937028928,
389,reit,21,488,2,-0.043930984299965226,0.562744140625,
389,reit,21,488,-1,,,ValueError: all target probabilities must be positive
390,sp500,13,320,0,-0.018356386125738054,nan,
390,sp500,13,320,1,-0.0180696457257952,0.13472928852206503,
390,sp500,13,320,2,-0.01779479797363281,0.148193359375,
390,sp500,13,320,3,-0.0175714524710519,0.1639404296875,
390,sp500,13,320,4,-0.017213587280273435,0.187744140625,
390,sp500,13,320,5,-0.016735694693429132,0.2017822265625,
390,sp500,13,320,-1,,,ValueError: all target probabilities must be positive
391,sp500,37,519,0,-0.07920582798489127,nan,
391,sp500,37,519,1,-0.07704289883858817,0.32365469811709036,
391,sp500,37,519,2,-0.07603430578613281,0.277099609375,
391,sp500,37,519,3,-0.07593541705322267,0.219970703125,
391,sp500,37,519,4,-0.0763062416381836,0.1776123046875,
391,sp500,37,519,-1,,,ValueError: all target probabilities must be positive
392,reit,14,600,0,-0.04207408816701721,nan,
392,reit,14,600,1,-0.039077299620109654,0.8374749442764123,
392,reit,14,600,2,-0.03587026446465558,0.6737060546875,
392,reit,14,600,-1,,,ValueError: all target probabilities must be positive
393,sp500,29,668,0,-0.01404969468512876,nan,
393,sp500,29,668,1,-0.013627429696219306,0.15200229442288038,
393,sp500,29,668,2,-0.01337058345249721,0.162353515625,
393,sp500,29,668,3,-0.013397818638392857,0.168212890625,
393,sp500,29,668,4,-0.013913976361955916,0.170654296875,
393,sp500,29,668,5,-0.014549648864746093,0.1710205078125,
393,sp500,29,668,-1,,,ValueError: all target probabilities must be positive
394,reit,18,660,0,-0.01815733067989544,nan,
394,reit,18,660,1,-0.015254556473507432,0.6183450578187274,
394,reit,18,660,2,-0.014151977658747386,0.4459228515625,
394,reit,18,660,-1,,,ValueError: all target probabilities must be positive
395,sp500,37,330,0,-0.01625995615942216,nan,
395,sp500,37,330,1,-0.014407775451660157,0.33806451547274396,
395,sp500,37,330,2,-0.01405038527134487,0.3203125,
395,sp500,37,330,3,-0.014704047773088726,0.2523193359375,
395,sp500,37,330,-1,,,ValueError: all target probabilities must be positive
396,sp500,23,649,0,-0.02897931799522891,nan,
396,sp500,23,649,1,-0.027417499886648995,0.5553150828339809,
396,sp500,23,649,2,-0.02863068355015346,0.36962890625,
396,sp500,23,649,-1,,,ValueError: all target probabilities must be positive
397,sp500,22,664,0,-0.00901701756708764,nan,
397,sp500,22,664,1,-0.009257200439453125,0.10986256153352968,
397,sp500,22,664,2,-0.009554135096958707,0.1282958984375,
397,sp500,22,664,3,-0.0098774789515904,0.1466064453125,
397,sp500,22,664,4,-0.010199677751813616,0.15673828125,
397,sp500,22,664,5,-0.01062866082763672,0.1668701171875,
397,sp500,22,664,6,-0.011039914097377233,0.1732177734375,
397,sp500,22,664,-1,,,ValueError: all target probabilities must be positive
398,reit,15,727,0,-0.018254980064833306,nan,
398,reit,15,727,1,-0.020101517206169678,0.38677855881703066,
398,reit,15,727,2,-0.023188417687393485,0.3861083984375,
398,reit,15,727,3,-0.025853528336397903,0.30078125,
398,reit,15,727,4,-0.028097457340347607,0.2528076171875,
398,reit,15,727,-1,,,ValueError: all target probabilities must be positive
399,reit,13,353,0,-0.037099931631920276,nan,
399,reit,13,353,1,-0.03548948373464702,0.5003774686174572,
399,reit,13,353,2,-0.036075485999755554,0.5712890625,
399,reit,13,353,3,-0.039068884222703375,0.36083984375,
399,reit,13,353,-1,,,ValueError: all target probabilities must be positive
400,reit,22,349,0,-0.02372393434333881,nan,
400,reit,22,349,1,-0.018313241847396976,0.6426601035785855,
400,reit,22,349,2,-0.01726054252995205,0.48779296875,
400,reit,22,349,-1,,,ValueError: all target probabilities must be positive
401,sp500,21,354,0,-0.013590464170217472,nan,
401,sp500,21,354,1,-0.01313847717285156,0.18956693699727004,
401,sp500,21,354,2,-0.013152553301130021,0.1893310546875,
401,sp500,21,354,3,-0.013271755719866071,0.1773681640625,
401,sp500,21,354,4,-0.013457630144391743,0.1759033203125,
401,sp500,21,354,5,-0.013797353367396764,0.1571044921875,
401,sp500,21,354,-1,,,ValueError: all target probabilities must be positive
402,sp500,39,630,0,-0.036612284318707236,nan,
402,sp500,39,630,1,-0.03444379986572266,0.5183562130721576,
402,sp500,39,630,-1,,,ValueError: all target probabilities must be positive
403,sp500,39,529,0,-0.008630215574429728,nan,
403,sp500,39,529,1,-0.008274073817661832,0.2717865225630023,
403,sp500,39,529,2,-0.008277855983189175,0.2657470703125,
403,sp500,39,529,3,-0.009046564653669086,0.25146484375,
403,sp500,39,529,-1,,,ValueError: all target probabilities must be positive
404,reit,25,406,0,-0.01999722620557603,nan,
404,reit,25,406,1,-0.018264986188239428,0.4642139115538688,
404,reit,25,406,2,-0.016603542849408966,0.5897216796875,
404,reit,25,406,3,-0.01704097507073329,0.4193115234375,
404,reit,25,406,-1,,,ValueError: all target probabilities must be positive
405,sp500,39,553,0,-0.01950974415219796,nan,
405,sp500,39,553,1,-0.020452964529854907,0.3960231418208721,
405,sp500,39,553,2,-0.021646922467912947,0.3753662109375,
405,sp500,39,553,3,-0.023378181100027904,0.280517578125,
405,sp500,39,553,-1,,,ValueError: all target probabilities must be positive
406,reit,25,253,0,-0.02185702518393744,nan,
406,reit,25,253,1,-0.024160646462115576,0.5628311589927653,
406,reit,25,253,2,-0.02976581547273285,0.43994140625,
406,reit,25,253,-1,,,ValueError: all target probabilities must be positive
407,sp500,35,695,0,-0.02510264542797289,nan,
407,sp500,35,695,1,-0.02733863521030971,0.601274601406616,
407,sp500,35,695,2,-0.03101569117082868,0.4456787109375,
407,sp500,35,695,-1,,,ValueError: all target probabilities must be positive
408,sp500,14,384,0,-0.012501142779212358,nan,
408,sp500,14,384,1,-0.01236579976981027,0.1723120408701838,
408,sp500,14,384,2,-0.012649570722307477,0.1630859375,
408,sp500,14,384,3,-0.013216192461286271,0.1416015625,
408,sp500,14,384,4,-0.014309823756626674,0.12451171875,
408,sp500,14,384,5,-0.015411559108189175,0.121826171875,
408,sp500,14,384,-1,,,ValueError: all target probabilities must be positive
409,reit,12,389,0,-0.026598253918287223,nan,
409,reit,12,389,1,-0.02702875769184507,0.4858828872644998,
409,reit,12,389,2,-0.027990811467654787,0.5478515625,
409,reit,12,389,-1,,,ValueError: all target probabilities must be positive
410,reit,25,588,0,-0.02075354084168494,nan,
410,reit,25,588,1,-0.016198331699648422,0.6863095791442152,
410,reit,25,588,2,-0.014733105317954676,0.4619140625,
410,reit,25,588,-1,,,ValueError: all target probabilities must be positive
411,reit,15,396,0,-0.015342990847698799,nan,
411,reit,15,396,1,-0.014613460946570457,0.3609283755386139,
411,reit,15,396,2,-0.013946561344441796,0.4091796875,
411,reit,15,396,3,-0.014818837356819098,0.340576171875,
411,reit,15,396,4,-0.01575813323972022,0.249267578125,
411,reit,15,396,-1,,,ValueError: all target probabilities must be positive
412,reit,12,539,0,-0.09120131997486203,nan,
412,reit,12,539,1,-0.09024295252769014,0.30938505819359174,
412,reit,12,539,2,-0.089195989558664,0.3504638671875,
412,reit,12,539,3,-0.08872062382145161,0.30517578125,
412,reit,12,539,4,-0.08909040557845989,0.22216796875,
412,reit,12,539,-1,,,ValueError: all target probabilities must be positive
413,sp500,18,700,0,-0.011605549131961707,nan,
413,sp500,18,700,1,-0.010449361441476004,0.27768512148795127,
413,sp500,18,700,2,-0.010180412519182478,0.2442626953125,
413,sp500,18,700,3,-0.010489392639160156,0.18017578125,
413,sp500,18,700,4,-0.011407233633858815,0.1287841796875,
413,sp500,18,700,-1,,,ValueError: all target probabilities must be positive
414,reit,22,485,0,-0.011045940775021466,nan,
414,reit,22,485,1,-0.011183817309851102,0.4032787452930808,
414,reit,22,485,2,-0.012439504825368333,0.3770751953125,
414,reit,22,485,3,-0.013899599187584055,0.28515625,
414,reit,22,485,-1,,,ValueError: all target probabilities must be positive
415,sp500,38,704,0,-0.0701392607390991,nan,
415,sp500,38,704,1,-0.06875766317313059,0.201708255776982,
415,sp500,38,704,2,-0.06819162854875838,0.1802978515625,
415,sp500,38,704,3,-0.067879717023577,0.17236328125,
415,sp500,38,704,-1,,,ValueError: all target probabilities must be positive
416,reit,14,263,0,-0.02109976189594631,nan,
416,reit,14,263,1,-0.02015244608961264,0.3127239929004098,
416,reit,14,263,2,-0.021291045716286445,0.410888671875,
416,reit,14,263,3,-0.023428754449354775,0.3883056640625,
416,reit,14,263,-1,,,ValueError: all target probabilities must be positive
417,reit,17,605,0,-0.03961484643472508,nan,
417,reit,17,605,1,-0.03769428383220441,0.6064566736968886,
417,reit,17,605,2,-0.03704539030290434,0.7303466796875,
417,reit,17,605,-1,,,ValueError: all target probabilities must be positive
418,reit,14,354,0,-0.014066917098425022,nan,
418,reit,14,354,1,-0.013195573364523362,0.433420367374886,
418,reit,14,354,2,-0.015776967087471675,0.50146484375,
418,reit,14,354,3,-0.018440950546558667,0.3905029296875,
418,reit,14,354,-1,,,ValueError: all target probabilities must be positive
419,reit,13,317,0,-0.020404014745420883,nan,
419,reit,13,317,1,-0.018515484004819147,0.32275508975016876,
419,reit,13,317,2,-0.01905899058015353,0.475341796875,
419,reit,13,317,3,-0.02188359437174018,0.4937744140625,
419,reit,13,317,-1,,,ValueError: all target probabilities must be positive
420,reit,15,518,0,-0.018217152628152978,nan,
420,reit,15,518,1,-0.016197550405743326,0.48213513609374276,
420,reit,15,518,2,-0.01563077998579376,0.4180908203125,
420,reit,15,518,3,-0.016189860810432527,0.2801513671875,
420,reit,15,518,-1,,,ValueError: all target probabilities must be positive
421,reit,22,666,0,-0.015566081896619335,nan,
421,reit,22,666,1,-0.01648531973999912,0.5266765687383699,
421,reit,22,666,2,-0.017604686585638494,0.459716796875,
421,reit,22,666,3,-0.018061503565004057,0.28271484375,
421,reit,22,666,-1,,,ValueError: all target probabilities must be positive
422,sp500,15,624,0,-0.013658319344022523,nan,
422,sp500,15,624,1,-0.014052477966308596,0.16673527701598892,
422,sp500,15,624,2,-0.014461171491350447,0.201416015625,
422,sp500,15,624,3,-0.015291651070731025,0.22314453125,
422,sp500,15,624,4,-0.01651451876395089,0.20849609375,
422,sp500,15,624,-1,,,ValueError: all target probabilities must be positive
423,sp500,19,690,0,-0.020870307637952248,nan,
423,sp500,19,690,1,-0.02027737849644252,0.13776906657687804,
423,sp500,19,690,2,-0.019692527832031247,0.1363525390625,
423,sp500,19,690,3,-0.019100317766462056,0.1414794921875,
423,sp500,19,690,4,-0.018461223345075335,0.14990234375,
423,sp500,19,690,5,-0.017776241202218195,0.143310546875,
423,sp500,19,690,-1,,,ValueError: all target probabilities must be positive
424,sp500,15,342,0,-0.014895940835360734,nan,
424,sp500,15,342,1,-0.01572629599434989,0.31274524359907274,
424,sp500,15,342,2,-0.017244012712751115,0.2645263671875,
424,sp500,15,342,3,-0.019183710518973215,0.209716796875,
424,sp500,15,342,-1,,,ValueError: all target probabilities must be positive
425,reit,23,305,0,-0.03937034413853744,nan,
425,reit,23,305,1,-0.04053583027461039,0.6762363586398643,
425,reit,23,305,2,-0.043970111234754757,0.4532470703125,
425,reit,23,305,-1,,,ValueError: all target probabilities must be positive
426,sp500,32,348,0,-0.01974034891245615,nan,
426,sp500,32,348,1,-0.018414565944126677,0.2763431769778725,
426,sp500,32,348,2,-0.01735677144077846,0.2752685546875,
426,sp500,32,348,3,-0.01664726589529855,0.2508544921875,
426,sp500,32,348,4,-0.0165945595703125,0.20166015625,
426,sp500,32,348,-1,,,ValueError: all target probabilities must be positive
427,sp500,14,718,0,-0.015849080963841886,nan,
427,sp500,14,718,1,-0.015721375645228797,0.334193181283946,
427,sp500,14,718,2,-0.01693603402273995,0.3897705078125,
427,sp500,14,718,3,-0.018700942347935266,0.3604736328125,
427,sp500,14,718,-1,,,ValueError: all target probabilities must be positive
428,sp500,17,749,0,-0.015836898960396268,nan,
428,sp500,17,749,1,-0.015256227844238284,0.21064553305519657,
428,sp500,17,749,2,-0.015802144723074778,0.20458984375,
428,sp500,17,749,3,-0.01623636146763393,0.1842041015625,
428,sp500,17,749,4,-0.016985706159319193,0.14404296875,
428,sp500,17,749,5,-0.017935278198242192,0.1282958984375,
428,sp500,17,749,-1,,,ValueError: all target probabilities must be positive
429,reit,16,609,0,-0.024880685459879915,nan,
429,reit,16,609,1,-0.02282632717440563,0.41466811286235455,
429,reit,16,609,2,-0.021014010314134968,0.46435546875,
429,reit,16,609,3,-0.02008918916858778,0.304931640625,
429,reit,16,609,-1,,,ValueError: all target probabilities must be positive
430,reit,16,698,0,-0.030292474382903976,nan,
430,reit,16,698,1,-0.029970817130962255,0.5168136488341367,
430,reit,16,698,2,-0.030739512100756018,0.4774169921875,
430,reit,16,698,-1,,,ValueError: all target probabilities must be positive
431,sp500,12,728,0,-0.02491065942596509,nan,
431,sp500,12,728,1,-0.023813833766392307,0.17719722438985486,
431,sp500,12,728,2,-0.02337767828369141,0.151123046875,
431,sp500,12,728,3,-0.022922956760951452,0.1324462890625,
431,sp500,12,728,4,-0.022576682277134486,0.115966796875,
431,sp500,12,728,5,-0.02259043602643695,0.0966796875,
431,sp500,12,728,6,-0.02262883393205915,0.0806884765625,
431,sp500,12,728,-1,,,ValueError: all target probabilities must be positive
432,reit,22,531,0,-0.011753103757947319,nan,
432,reit,22,531,1,-0.012222320852177242,0.25905646189121306,
432,reit,22,531,2,-0.013103947077178494,0.3443603515625,
432,reit,22,531,3,-0.014239571875531199,0.346435546875,
432,reit,22,531,-1,,,ValueError: all target probabilities must be positive
433,reit,23,342,0,-0.022028272533016074,nan,
433,reit,23,342,1,-0.020154586115810332,0.45745109173773735,
433,reit,23,342,2,-0.01978047552827689,0.4566650390625,
433,reit,23,342,-1,,,ValueError: all target probabilities must be positive
434,sp500,40,529,0,-0.008806213016768209,nan,
434,sp500,40,529,1,-0.008396330051967077,0.18121979729300208,
434,sp500,40,529,2,-0.008317180376325336,0.1558837890625,
434,sp500,40,529,3,-0.008349760846819198,0.1495361328125,
434,sp500,40,529,-1,,,ValueError: all target probabilities must be positive
435,reit,22,293,0,-0.01570696782187727,nan,
435,reit,22,293,1,-0.01588690499152677,0.401824347255071,
435,reit,22,293,2,-0.015985694618330857,0.3507080078125,
435,reit,22,293,3,-0.01649461732406609,0.2691650390625,
435,reit,22,293,-1,,,ValueError: all target probabilities must be positive
436,sp500,18,341,0,-0.01412709872335126,nan,
436,sp500,18,341,1,-0.013587111014229911,0.26287843361026625,
436,sp500,18,341,2,-0.01320352312360491,0.2642822265625,
436,sp500,18,341,3,-0.013326430428641182,0.2230224609375,
436,sp500,18,341,4,-0.01379579842703683,0.16650390625,
436,sp500,18,341,-1,,,ValueError: all target probabilities must be positive
437,sp500,30,436,0,-0.01690223297397197,nan,
437,sp500,30,436,1,-0.01681862282017299,0.22384150681918524,
437,sp500,30,436,2,-0.017149482779366627,0.260498046875,
437,sp500,30,436,3,-0.01849616567557199,0.2852783203125,
437,sp500,30,436,-1,,,ValueError: all target probabilities must be positive
438,reit,23,376,0,-0.023071289952306746,nan,
438,reit,23,376,1,-0.022334273551522874,0.549165888225436,
438,reit,23,376,2,-0.022524671534643107,0.53076171875,
438,reit,23,376,3,-0.023857615207315414,0.3062744140625,
438,reit,23,376,-1,,,ValueError: all target probabilities must be positive
439,reit,12,680,0,-0.01968207150221016,nan,
439,reit,12,680,1,-0.016588478260247726,0.3376926161403244,
439,reit,12,680,2,-0.01463907028935521,0.378662109375,
439,reit,12,680,3,-0.013762475488459033,0.3199462890625,
439,reit,12,680,-1,,,ValueError: all target probabilities must be positive
440,reit,18,518,0,-0.019992953091649446,nan,
440,reit,18,518,1,-0.017066318128032797,0.5293787187659029,
440,reit,18,518,2,-0.01597656169324037,0.53369140625,
440,reit,18,518,-1,,,ValueError: all target probabilities must be positive
441,reit,23,332,0,-0.026385736232735008,nan,
441,reit,23,332,1,-0.02615787897725166,0.3603342666293101,
441,reit,23,332,2,-0.02561337865663157,0.4036865234375,
441,reit,23,332,-1,,,ValueError: all target probabilities must be positive
442,reit,12,688,0,-0.034559800810769134,nan,
442,reit,12,688,1,-0.03575257454738723,0.5169615321916807,
442,reit,12,688,2,-0.040852264362464294,0.61767578125,
442,reit,12,688,3,-0.0442143364928516,0.34375,
442,reit,12,688,-1,,,ValueError: all target probabilities must be positive
443,reit,12,401,0,-0.015060642071381677,nan,
443,reit,12,401,1,-0.014109953670293897,0.39779417984484355,
443,reit,12,401,2,-0.013549583100441877,0.3511962890625,
443,reit,12,401,-1,,,ValueError: all target probabilities must be positive
444,reit,24,454,0,-0.011605362124386289,nan,
444,reit,24,454,1,-0.010512174761657203,0.4107270432321823,
444,reit,24,454,2,-0.010462262975199888,0.4158935546875,
444,reit,24,454,-1,,,ValueError: all target probabilities must be positive
445,sp500,17,660,0,-0.015070111374206486,nan,
445,sp500,17,660,1,-0.014959611528669084,0.24395019164320816,
445,sp500,17,660,2,-0.015237342973981586,0.255859375,
445,sp500,17,660,3,-0.015744747358049666,0.2432861328125,
445,sp500,17,660,-1,,,ValueError: all target probabilities must be positive
446,reit,24,465,0,-0.020350177727168333,nan,
446,reit,24,465,1,-0.017000795245083987,0.5836582791427871,
446,reit,24,465,2,-0.01637866178366502,0.5113525390625,
446,reit,24,465,-1,,,ValueError: all target probabilities must be positive
447,reit,16,481,0,-0.012635373618550896,nan,
447,reit,16,481,1,-0.011499965005719679,0.6092409775138254,
447,reit,16,481,2,-0.013539277291522735,0.6175537109375,
447,reit,16,481,3,-0.014591080569826161,0.2891845703125,
447,reit,16,481,-1,,,ValueError: all target probabilities must be positive
448,sp500,17,655,0,-0.02010797215807832,nan,
448,sp500,17,655,1,-0.018404254342215404,0.2949579541146765,
448,sp500,17,655,2,-0.019777021466936388,0.2401123046875,
448,sp500,17,655,3,-0.03223345055280413,0.241455078125,
448,sp500,17,655,-1,,,ValueError: all target probabilities must be positive
449,reit,23,740,0,-0.01759918434204284,nan,
449,reit,23,740,1,-0.016525303967725814,0.39777083538321867,
449,reit,23,740,2,-0.016400476055365844,0.333740234375,
449,reit,23,740,3,-0.01681892905389516,0.281494140625,
449,reit,23,740,-1,,,ValueError: all target probabilities must be positive
450,reit,25,579,0,-0.028968730014216737,nan,
450,reit,25,579,1,-0.027164712091401328,0.5558439217070006,
450,reit,25,579,2,-0.026468377846813627,0.56201171875,
450,reit,25,579,-1,,,ValueError: all target probabilities must be positive
451,reit,18,658,0,-0.022169107220657704,nan,
451,reit,18,658,1,-0.018762188320312463,0.5964211806249253,
451,reit,18,658,2,-0.01994293170103372,0.4407958984375,
451,reit,18,658,3,-0.024458927864835993,0.197265625,
451,reit,18,658,-1,,,ValueError: all target probabilities must be positive
452,sp500,16,612,0,-0.008186722084122628,nan,
452,sp500,16,612,1,-0.008300928658621651,0.1805255778537227,
452,sp500,16,612,2,-0.008955171194893972,0.1864013671875,
452,sp500,16,612,3,-0.009914848894391742,0.1856689453125,
452,sp500,16,612,4,-0.010886600472586496,0.1650390625,
452,sp500,16,612,5,-0.011735236441476005,0.1483154296875,
452,sp500,16,612,6,-0.012551820321219308,0.1478271484375,
452,sp500,16,612,-1,,,ValueError: all target probabilities must be positive
453,reit,23,270,0,-0.025123282000265625,nan,
453,reit,23,270,1,-0.023299178500262134,0.5821991050812506,
453,reit,23,270,2,-0.022513426860282158,0.62939453125,
453,reit,23,270,-1,,,ValueError: all target probabilities must be positive
454,sp500,12,650,0,-0.01994371104736295,nan,
454,sp500,12,650,1,-0.01990012923758371,0.12984411167218377,
454,sp500,12,650,2,-0.01997021649169922,0.135986328125,
454,sp500,12,650,3,-0.020232831115722657,0.133056640625,
454,sp500,12,650,4,-0.02059157905796596,0.1298828125,
454,sp500,12,650,5,-0.020661400809151787,0.1153564453125,
454,sp500,12,650,6,-0.020848598615373883,0.1060791015625,
454,sp500,12,650,7,-0.021081098406110492,0.0966796875,
454,sp500,12,650,8,-0.021143592912946426,0.08837890625,
455,sp500,38,587,0,-0.023993912008765026,nan,
455,sp500,38,587,1,-0.022301810808454246,0.30893075993180313,
455,sp500,38,587,2,-0.021094535173688613,0.2816162109375,
455,sp500,38,587,-1,,,ValueError: all target probabilities must be positive
456,sp500,14,457,0,-0.011636299079643812,nan,
456,sp500,14,457,1,-0.011557472821916851,0.19583107733713256,
456,sp500,14,457,2,-0.011552135454450335,0.1861572265625,
456,sp500,14,457,3,-0.011670014090401786,0.1689453125,
456,sp500,14,457,4,-0.011835237766810825,0.1473388671875,
456,sp500,14,457,5,-0.01207764004080636,0.12451171875,
456,sp500,14,457,-1,,,ValueError: all target probabilities must be positive
457,reit,18,391,0,-0.02202849480722521,nan,
457,reit,18,391,1,-0.021466490318935945,0.3016385312016445,
457,reit,18,391,2,-0.02094762492660148,0.2906494140625,
457,reit,18,391,3,-0.020925628893537634,0.2471923828125,
457,reit,18,391,-1,,,ValueError: all target probabilities must be positive
458,reit,12,747,0,-0.01302347585884297,nan,
458,reit,12,747,1,-0.012515265532020651,0.26089833297573806,
458,reit,12,747,2,-0.012742917838194529,0.3092041015625,
458,reit,12,747,3,-0.014136422352465339,0.29638671875,
458,reit,12,747,4,-0.01603903066017807,0.23486328125,
458,reit,12,747,5,-0.01758773916715772,0.1710205078125,
458,reit,12,747,-1,,,ValueError: all target probabilities must be positive
459,sp500,16,298,0,-0.02117193232721331,nan,
459,sp500,16,298,1,-0.021069005283900672,0.12444418099125186,
459,sp500,16,298,2,-0.02128691621616909,0.1416015625,
459,sp500,16,298,3,-0.02177919654192243,0.1595458984375,
459,sp500,16,298,4,-0.022594448076520647,0.1820068359375,
459,sp500,16,298,5,-0.023736037693568638,0.189208984375,
459,sp500,16,298,6,-0.02570644930594308,0.1893310546875,
459,sp500,16,298,-1,,,ValueError: all target probabilities must be positive
460,reit,20,474,0,-0.022573282867890506,nan,
460,reit,20,474,1,-0.020928442866208312,0.38721505639855475,
460,reit,20,474,2,-0.019435026838484203,0.3631591796875,
460,reit,20,474,3,-0.018943818374509865,0.2545166015625,
460,reit,20,474,-1,,,ValueError: all target probabilities must be positive
461,sp500,21,567,0,-0.016048204711436417,nan,
461,sp500,21,567,1,-0.015253986615862164,0.24760129138723636,
461,sp500,21,567,2,-0.0148713032749721,0.239501953125,
461,sp500,21,567,3,-0.015074083243233819,0.211669921875,
461,sp500,21,567,4,-0.015364508579799107,0.1710205078125,
461,sp500,21,567,-1,,,ValueError: all target probabilities must be positive
462,sp500,36,386,0,-0.023258744779521525,nan,
462,sp500,36,386,1,-0.024433076468331476,0.2153794954747011,
462,sp500,36,386,2,-0.026449049447195866,0.2230224609375,
462,sp500,36,386,3,-0.029693815551757815,0.20947265625,
462,sp500,36,386,4,-0.03466798908342634,0.1875,
462,sp500,36,386,5,-0.040165829781668515,0.1541748046875,
462,sp500,36,386,-1,,,ValueError: all target probabilities must be positive
463,reit,14,288,0,-0.02166896378272948,nan,
463,reit,14,288,1,-0.0204291107719568,0.27921916571834926,
463,reit,14,288,2,-0.019343753767816448,0.2557373046875,
463,reit,14,288,3,-0.019511123723258455,0.2003173828125,
463,reit,14,288,4,-0.020106269639199564,0.1427001953125,
463,reit,14,288,-1,,,ValueError: all target probabilities must be positive
464,reit,24,704,0,-0.013373179280085126,nan,
464,reit,24,704,1,-0.012572001466395446,0.5521773821465176,
464,reit,24,704,2,-0.01225204184345498,0.4765625,
464,reit,24,704,-1,,,ValueError: all target probabilities must be positive
465,reit,17,669,0,-0.021584135070525094,nan,
465,reit,17,669,1,-0.021434469284417747,0.3455167498587809,
465,reit,17,669,2,-0.021799408876831666,0.447021484375,
465,reit,17,669,3,-0.02226725214678747,0.430419921875,
465,reit,17,669,-1,,,ValueError: all target probabilities must be positive
466,sp500,28,701,0,-0.017866699089120343,nan,
466,sp500,28,701,1,-0.01728094865199498,0.19773599499864206,
466,sp500,28,701,2,-0.01694802265276228,0.2178955078125,
466,sp500,28,701,3,-0.017111886736188617,0.216552734375,
466,sp500,28,701,4,-0.01770369354248047,0.2022705078125,
466,sp500,28,701,5,-0.018267716482979913,0.1868896484375,
466,sp500,28,701,-1,,,ValueError: all target probabilities must be positive
467,sp500,24,620,0,-0.044351140475694516,nan,
467,sp500,24,620,1,-0.043830444597516734,0.6425251460280663,
467,sp500,24,620,2,-0.04480713916015625,0.3572998046875,
467,sp500,24,620,-1,,,ValueError: all target probabilities must be positive
468,sp500,19,312,0,-0.023342818481842432,nan,
468,sp500,19,312,1,-0.02272112392752511,0.15122289688475482,
468,sp500,19,312,2,-0.022335598301478795,0.1387939453125,
468,sp500,19,312,3,-0.022261986711774557,0.128662109375,
468,sp500,19,312,4,-0.02246784077671596,0.1173095703125,
468,sp500,19,312,5,-0.0230002161429269,0.1099853515625,
468,sp500,19,312,6,-0.023765688084193638,0.102294921875,
468,sp500,19,312,7,-0.024667613473074775,0.09375,
468,sp500,19,312,8,-0.025564990216936385,0.089111328125,
469,reit,22,417,0,-0.0166027080139429,nan,
469,reit,22,417,1,-0.016479331571247483,0.5019818605009773,
469,reit,22,417,2,-0.017753519411283277,0.50146484375,
469,reit,22,417,-1,,,ValueError: all target probabilities must be positive
470,reit,20,546,0,-0.024429130372673222,nan,
470,reit,20,546,1,-0.024101020563200442,0.376943778881229,
470,reit,20,546,2,-0.023785680166705608,0.4530029296875,
470,reit,20,546,3,-0.02353681070281303,0.41455078125,
470,reit,20,546,-1,,,ValueError: all target probabilities must be positive
471,reit,23,549,0,-0.034095231631360697,nan,
471,reit,23,549,1,-0.033156635527363525,0.7615073203802043,
471,reit,23,549,2,-0.032549703064402705,0.406494140625,
471,reit,23,549,-1,,,ValueError: all target probabilities must be positive
472,reit,22,668,0,-0.024701993437254207,nan,
472,reit,22,668,1,-0.020025428532693977,0.6173543818240277,
472,reit,22,668,2,-0.01782696821658458,0.5316162109375,
472,reit,22,668,-1,,,ValueError: all target probabilities must be positive
473,sp500,19,448,0,-0.024352884262517527,nan,
473,sp500,19,448,1,-0.02246927976771763,0.34632830218217386,
473,sp500,19,448,2,-0.02190416152518136,0.2938232421875,
473,sp500,19,448,3,-0.022498943899972097,0.238037109375,
473,sp500,19,448,-1,,,ValueError: all target probabilities must be positive
474,sp500,13,445,0,-0.013180085044365238,nan,
474,sp500,13,445,1,-0.013416106776646205,0.1568191164695326,
474,sp500,13,445,2,-0.013646043247767858,0.165283203125,
474,sp500,13,445,3,-0.014116213178362166,0.161865234375,
474,sp500,13,445,4,-0.014569704738071987,0.1514892578125,
474,sp500,13,445,5,-0.0149235818132673,0.1329345703125,
474,sp500,13,445,6,-0.01516428218296596,0.110107421875,
474,sp500,13,445,7,-0.015361348074776784,0.09375,
474,sp500,13,445,8,-0.015534911751883372,0.08740234375,
475,sp500,12,600,0,-0.015984582480539123,nan,
475,sp500,12,600,1,-0.015778045942034042,0.17413812513686538,
475,sp500,12,600,2,-0.016171432800292967,0.2069091796875,
475,sp500,12,600,3,-0.01757331446184431,0.240234375,
475,sp500,12,600,4,-0.019805850673130582,0.247802734375,
475,sp500,12,600,5,-0.02202033097621373,0.22119140625,
475,sp500,12,600,6,-0.023713829267229352,0.1605224609375,
475,sp500,12,600,-1,,,ValueError: all target probabilities must be positive
476,sp500,39,493,0,-0.02818972482650833,nan,
476,sp500,39,493,1,-0.027934685668945313,0.23145184406255923,
476,sp500,39,493,2,-0.027853819475446427,0.234375,
476,sp500,39,493,3,-0.029603493870326455,0.22314453125,
476,sp500,39,493,4,-0.03157031408691406,0.188720703125,
476,sp500,39,493,-1,,,ValueError: all target probabilities must be positive
477,sp500,35,680,0,-0.018761570753508844,nan,
477,sp500,35,680,1,-0.018003743852887832,0.24089414125157896,
477,sp500,35,680,2,-0.017462055280412947,0.24853515625,
477,sp500,35,680,3,-0.016999889927455356,0.235107421875,
477,sp500,35,680,4,-0.01656833167375837,0.2071533203125,
477,sp500,35,680,-1,,,ValueError: all target probabilities must be positive
478,reit,22,466,0,-0.11009569390201304,nan,
478,reit,22,466,1,-0.11236110800122681,0.34389140713813116,
478,reit,22,466,2,-0.1168600691129708,0.4522705078125,
478,reit,22,466,3,-0.12323709954839349,0.4189453125,
478,reit,22,466,-1,,,ValueError: all target probabilities must be positive
479,sp500,22,476,0,-0.009257698512248117,nan,
479,sp500,22,476,1,-0.009098842520577567,0.15763462605539513,
479,sp500,22,476,2,-0.008997934849330359,0.1669921875,
479,sp500,22,476,3,-0.00899012670026507,0.166748046875,
479,sp500,22,476,4,-0.009126103193010602,0.146484375,
479,sp500,22,476,5,-0.009307724940708707,0.1287841796875,
479,sp500,22,476,6,-0.009510705583844866,0.1109619140625,
479,sp500,22,476,-1,,,ValueError: all target probabilities must be positive
480,reit,13,406,0,-0.01768214775222659,nan,
480,reit,13,406,1,-0.019850086250599547,0.45417124267986586,
480,reit,13,406,2,-0.022351787982095892,0.4395751953125,
480,reit,13,406,3,-0.02414936847255204,0.2791748046875,
480,reit,13,406,-1,,,ValueError: all target probabilities must be positive
481,reit,18,476,0,-0.015479304556238142,nan,
481,reit,18,476,1,-0.015135546506612498,0.24664802421790505,
481,reit,18,476,2,-0.01498727021761817,0.2537841796875,
481,reit,18,476,3,-0.015196572973848839,0.243408203125,
481,reit,18,476,4,-0.015477057815499492,0.2269287109375,
481,reit,18,476,-1,,,ValueError: all target probabilities must be positive
482,reit,19,263,0,-0.027778566834423184,nan,
482,reit,19,263,1,-0.02942660024311106,0.5052025600793283,
482,reit,19,263,2,-0.03255536160385259,0.4000244140625,
482,reit,19,263,3,-0.03608377135485103,0.242431640625,
482,reit,19,263,-1,,,ValueError: all target probabilities must be positive
483,reit,25,748,0,-0.03062905715799356,nan,
483,reit,25,748,1,-0.028336455136774942,0.546634097864053,
483,reit,25,748,2,-0.027248868284446854,0.400634765625,
483,reit,25,748,-1,,,ValueError: all target probabilities must be positive
484,reit,25,301,0,-0.019476255434093277,nan,
484,reit,25,301,1,-0.017384995291213047,0.6017157027527126,
484,reit,25,301,2,-0.017599467999733876,0.4373779296875,
484,reit,25,301,3,-0.018427818430143458,0.242431640625,
484,reit,25,301,-1,,,ValueError: all target probabilities must be positive
485,sp500,19,712,0,-0.009233512928053408,nan,
485,sp500,19,712,1,-0.009192608598981586,0.10175469538940184,
485,sp500,19,712,2,-0.009185484087262833,0.1114501953125,
485,sp500,19,712,3,-0.009201301164899553,0.1263427734375,
485,sp500,19,712,4,-0.009273136587960378,0.1337890625,
485,sp500,19,712,5,-0.009379358110700337,0.141357421875,
485,sp500,19,712,6,-0.009454969177246095,0.12353515625,
485,sp500,19,712,7,-0.009465090767996651,0.106689453125,
485,sp500,19,712,8,-0.009674992963518415,0.0921630859375,
486,sp500,25,580,0,-0.014627709356394859,nan,
486,sp500,25,580,1,-0.013700065124511718,0.28187431872212243,
486,sp500,25,580,2,-0.01349762943812779,0.2738037109375,
486,sp500,25,580,3,-0.014576818158830916,0.22412109375,
486,sp500,25,580,-1,,,ValueError: all target probabilities must be positive
487,reit,19,400,0,-0.0227949185677141,nan,
487,reit,19,400,1,-0.022018261471019766,0.43571904392912536,
487,reit,19,400,2,-0.022968517652817093,0.462158203125,
487,reit,19,400,3,-0.024078368388115973,0.3287353515625,
487,reit,19,400,-1,,,ValueError: all target probabilities must be positive
488,sp500,17,288,0,-0.021924483490871845,nan,
488,sp500,17,288,1,-0.02129864605712891,0.337211118959244,
488,sp500,17,288,2,-0.020674726893833706,0.3330078125,
488,sp500,17,288,3,-0.020435062517438617,0.2745361328125,
488,sp500,17,288,-1,,,ValueError: all target probabilities must be positive
489,reit,21,568,0,-0.023887155517501868,nan,
489,reit,21,568,1,-0.022691562981182238,0.4960285189557845,
489,reit,21,568,2,-0.022474385229300974,0.4202880859375,
489,reit,21,568,-1,,,ValueError: all target probabilities must be positive
490,sp500,35,272,0,-0.015357463258390717,nan,
490,sp500,35,272,1,-0.014976145246233261,0.257177066774251,
490,sp500,35,272,2,-0.014891590532575338,0.2227783203125,
490,sp500,35,272,3,-0.015664215576171873,0.187255859375,
490,sp500,35,272,4,-0.016774106785365513,0.162841796875,
490,sp500,35,272,-1,,,ValueError: all target probabilities must be positive
491,reit,12,435,0,-0.022858647793109917,nan,
491,reit,12,435,1,-0.02184626517181307,0.230537326781664,
491,reit,12,435,2,-0.02439851836384756,0.3531494140625,
491,reit,12,435,3,-0.03124623065016412,0.3995361328125,
491,reit,12,435,4,-0.03912307926328079,0.330078125,
491,reit,12,435,-1,,,ValueError: all target probabilities must be positive
492,reit,15,339,0,-0.030713269363934082,nan,
492,reit,15,339,1,-0.031190568585042745,0.4710510893605073,
492,reit,15,339,2,-0.03396841051376066,0.5716552734375,
492,reit,15,339,-1,,,ValueError: all target probabilities must be positive
493,reit,23,290,0,-0.03233215341696299,nan,
493,reit,23,290,1,-0.028238547000036248,0.5028044358346978,
493,reit,23,290,2,-0.02596768640188122,0.41748046875,
493,reit,23,290,-1,,,ValueError: all target probabilities must be positive
494,sp500,17,711,0,-0.07955477673919674,nan,
494,sp500,17,711,1,-0.07632213486153738,0.19228929935946487,
494,sp500,17,711,2,-0.07341500596400671,0.1875,
494,sp500,17,711,3,-0.07101523880440848,0.1602783203125,
494,sp500,17,711,4,-0.06910700266810825,0.1285400390625,
494,sp500,17,711,5,-0.06786433493477959,0.1009521484375,
494,sp500,17,711,6,-0.06724634640938895,0.0811767578125,
494,sp500,17,711,-1,,,ValueError: all target probabilities must be positive
495,reit,19,360,0,-0.02380234127170599,nan,
495,reit,19,360,1,-0.019989667159839183,0.5985851418800257,
495,reit,19,360,2,-0.01737215509454138,0.584716796875,
495,reit,19,360,-1,,,ValueError: all target probabilities must be positive
496,sp500,40,732,0,-0.01166719567430619,nan,
496,sp500,40,732,1,-0.011269326660156249,0.33860206682315425,
496,sp500,40,732,2,-0.011330163051060268,0.3072509765625,
496,sp500,40,732,3,-0.011953090253557477,0.2491455078125,
496,sp500,40,732,-1,,,ValueError: all target probabilities must be positive
497,sp500,26,482,0,-0.02322516461751601,nan,
497,sp500,26,482,1,-0.023570860464913506,0.3624561547119711,
497,sp500,26,482,2,-0.025119607482910155,0.2987060546875,
497,sp500,26,482,-1,,,ValueError: all target probabilities must be positive
498,sp500,21,335,0,-0.013791156073555478,nan,
498,sp500,21,335,1,-0.013759573163713729,0.15937618241657164,
498,sp500,21,335,2,-0.013703737827845983,0.1409912109375,
498,sp500,21,335,3,-0.013625032270159041,0.1536865234375,
498,sp500,21,335,-1,,,ValueError: all target probabilities must be positive
499,reit,20,425,0,-0.03261250929093471,nan,
499,reit,20,425,1,-0.026093205497531552,0.6541529385775284,
499,reit,20,425,2,-0.023584075948411703,0.416259765625,
499,reit,20,425,-1,,,ValueError: all target probabilities must be positive
