trial,universe,n_assets,method,mean_base,mean_rep,vol_base,vol_rep,sharpe_base,sharpe_rep,es95_base,es95_rep
0,sp500,16,hrp,0.00010480819514260907,0.00014232562939453126,0.00595213352543757,0.005925768647325246,0.2795264103439138,0.38127531766395617,-0.012970793393369763,-0.01267155664934431
0,sp500,16,schur,0.00010332239478308114,0.00014366983935546872,0.006030797060866944,0.006006461222252188,0.27196938517480784,0.37970577193801547,-0.013245727793980136,-0.012866003540039065
1,reit,17,hrp,0.001158105908545449,0.0011476067316685842,0.01018465045385601,0.008913533293259722,1.8051047935920197,2.043823867597845,-0.021664521387689324,-0.018305656243941724
1,reit,17,schur,0.000990863675455055,0.0009138780013538133,0.010169766479625666,0.008921277363621406,1.54668971426647,1.6261531762891717,-0.02205124568447839,-0.0186971195958196
2,sp500,18,hrp,0.001168114823998083,0.0010683050927734377,0.008179364342714683,0.007669466331557035,2.267076900531744,2.2112122103143617,-0.017725703992339522,-0.01592882084437779
2,sp500,18,schur,0.001106182196481022,0.0010049818598632815,0.0077072254877654355,0.007235207705302263,2.2783942169034757,2.204994395431797,-0.016193940169689926,-0.014872652186802454
3,reit,19,hrp,0.0009661070181436752,0.0013304039832002228,0.009945700685494944,0.009265410612404101,1.542020411056717,2.279392611970315,-0.021567280777674554,-0.019881282706053154
3,reit,19,schur,0.0009549299933648891,0.0013628373830302694,0.0101459287735364,0.009423282256088659,1.4941011345417319,2.2958425917405183,-0.022014768220933355,-0.02037808540049266
4,sp500,28,hrp,-0.001029899129386826,-0.0009850631010742187,0.011949750381336815,0.011751410627346305,-1.3681576024023927,-1.3306821149200212,-0.027156721933657167,-0.026845435084751672
4,sp500,28,schur,-0.0007088278958006947,-0.0005598066723632811,0.011335110576142282,0.010984526506865483,-0.992693801460258,-0.8090157931279838,-0.0251372720818721,-0.024221371704101557
5,reit,25,hrp,0.0017336931591009298,0.0017628003661760406,0.00752363370699172,0.007114993302761002,3.658009781427052,3.9330449220343264,-0.013667648671027053,-0.013365146609991121
5,reit,25,schur,0.001738182735647545,0.0017769142168055955,0.007680949920237199,0.007264839744762379,3.5923675843213765,3.882761313890333,-0.01401973049599394,-0.012970462742441912
6,reit,22,hrp,0.00014891063741113297,0.00013107299187553595,0.009751173140157554,0.009343945649924166,0.24242037865544652,0.2226810084898164,-0.02470082193568392,-0.023139741384124564
6,reit,22,schur,0.00012068325046307111,7.71834222876014e-05,0.009832077000794026,0.009395236060864214,0.19485071248552305,0.13041171465217408,-0.02491966150451933,-0.023295844466143276
7,reit,15,hrp,0.0006220292908712695,0.0007070877482525367,0.005466267867788207,0.005427454981323677,1.8064260862969517,2.0681277063533776,-0.011369328006314437,-0.010898872934603312
7,reit,15,schur,0.00048476158444147856,0.0005763997468436212,0.005221631263496041,0.005183694102007833,1.4737447355458164,1.765162475908581,-0.011063847520722814,-0.011015816712742422
8,sp500,25,hrp,0.0006488775057458776,0.0005678750112304686,0.006952423924216595,0.006689538019762296,1.4815855853389355,1.347587278265191,-0.018673927281327097,-0.017997410086495535
8,sp500,25,schur,0.0006686970358096274,0.0006037732006835936,0.00726793012030031,0.007093183296641577,1.460558395510735,1.3512413288831449,-0.019292318983621253,-0.018608942810058593
9,reit,23,hrp,0.001834120526563987,0.0019056633399221305,0.007213627651859632,0.0071326112065303315,4.0362161913551216,4.241289312472716,-0.014824858140701952,-0.014474944663234585
9,reit,23,schur,0.0017943774254219886,0.0018237860486463732,0.007285571965995235,0.007213540866916135,3.9097628419676798,4.0135221398172884,-0.015218176858169143,-0.015092622291450966
10,sp500,15,hrp,0.0006645486028042019,0.0006376495571289063,0.005417626316872979,0.005081264366207447,1.9472332356989126,1.9920972775908707,-0.01045991814119268,-0.009641883039202008
10,sp500,15,schur,0.0006469040980076192,0.0006166008662109375,0.005476403246091497,0.005147815382740373,1.8751877338378005,1.901434797740602,-0.010553612123145581,-0.009855640380859374
11,sp500,16,hrp,-0.00022324465755249622,-0.00025357154150390624,0.008889738474018114,0.008241439236219124,-0.39865054329818445,-0.48842481451606856,-0.018568665568665984,-0.01719542113385882
11,sp500,16,schur,-0.00021315326722820812,-0.00024924184130859384,0.008873941369968004,0.008171303745684293,-0.38130781760761134,-0.48420566578202145,-0.01883866423266931,-0.01755535529436384
12,reit,17,hrp,0.0005275760212724652,0.000564939179335684,0.010594781765340103,0.010549960007153369,0.790484399329989,0.8500630751504294,-0.026202708885414216,-0.025901907933585395
12,reit,17,schur,0.0005426198438369708,0.0005367465420356735,0.010795261321847539,0.01083656386194819,0.7979263051293856,0.7862812707375846,-0.026536512596917437,-0.02666187132897834
13,reit,13,hrp,0.0016182953848342808,0.0016141784304037616,0.007747848416623995,0.0076974416669282906,3.3157131419311265,3.3289356775889845,-0.014716208825533176,-0.014677629918304342
13,reit,13,schur,0.001590479011112995,0.0015677033107630582,0.007669869840086017,0.007704010987256836,3.291851374228062,3.230332690339438,-0.015290456292866097,-0.015356353594938778
14,reit,17,hrp,-0.0005468435287139719,-0.0004919819080236622,0.009704525736580758,0.009284161760350912,-0.8945178913309413,-0.8412144112347723,-0.022596210478542218,-0.021965317031751443
14,reit,17,schur,-0.0005791080038650634,-0.000577100844226353,0.009884054354548243,0.00940649355058216,-0.9300894383096613,-0.9739220935098769,-0.02309893763165381,-0.021956386607843055
15,reit,19,hrp,-1.3035626092756048e-05,-0.0002615693069826275,0.011626092435694409,0.009623745732529786,-0.017799114371172015,-0.4314623574546323,-0.02037042184244515,-0.017635414260206695
15,reit,19,schur,-2.784849170509024e-05,-0.0004063451433276789,0.01141753931065613,0.014653898469688016,-0.038719472612359085,-0.4401920204078598,-0.02350975175830777,-0.03076507162833785
16,reit,12,hrp,0.0009876284803443174,0.0009387378949113832,0.013529682026028491,0.013430051954144684,1.1587941276175286,1.1096012247851275,-0.026869734730163797,-0.02525169893297224
16,reit,12,schur,0.0009551728642455377,0.0008583143471779102,0.013385612612041884,0.013303852550106353,1.132775883083973,1.0241633244800283,-0.02661074706097505,-0.02462803525400794
17,reit,25,hrp,0.0008301571457099547,0.0009531757226233843,0.008574534023465013,0.008239874500702756,1.5369157208831126,1.836338102666982,-0.019743726195773074,-0.018586358948108957
17,reit,25,schur,0.0007797849306837707,0.0008132882577879945,0.008530872283569342,0.008032623551382873,1.451047630858529,1.6072645211505645,-0.01956302718515817,-0.018141475022302487
18,sp500,18,hrp,0.0005799078601996844,0.0003943373173828128,0.012406703644928149,0.011500174178757618,0.7419982093537927,0.5443318291966854,-0.025272498800774455,-0.023391277509416854
18,sp500,18,schur,0.0007631458569800731,0.0006225357587890624,0.01291961292413635,0.01191749920170364,0.9376879153398529,0.8292384696440162,-0.026432329569396444,-0.02471012034388951
19,reit,23,hrp,0.001253004752019937,0.0010032112461236921,0.00931180783290767,0.008605947163652438,2.136087229191716,1.8505208683479863,-0.01938998587873054,-0.01872442154293654
19,reit,23,schur,0.0011775415861036878,0.0009182588033569833,0.00904471784880986,0.008568564177119412,2.066719325474718,1.7012076114449461,-0.019096579136330234,-0.018904145499507554
20,sp500,14,hrp,0.0016169479484223653,0.0015779393271484377,0.008420266448976109,0.008088069227517728,3.0483896302225992,3.097032129284558,-0.015045617333725761,-0.014716515337262833
20,sp500,14,schur,0.0016532446758397376,0.0016183052050781255,0.00869584950693943,0.009105695989144146,3.0180427559996,2.8212888656568493,-0.0147377497207335,-0.01570744161551339
21,reit,25,hrp,0.0008409010171264059,0.0005247020381969841,0.00808517265474705,0.007514911808318507,1.6510333645613466,1.108381155404582,-0.015854348920595156,-0.014329666525060594
21,reit,25,schur,0.0008844062757435324,0.0004946740692226684,0.008049254475842352,0.007369104422190679,1.7442005869623083,1.0656257468039436,-0.015572631548055979,-0.014306941677781381
22,sp500,33,hrp,0.0014911111519203977,0.001285316385253906,0.011782289251334689,0.011440159754187626,2.009003106772069,1.783520991570176,-0.029639371353306097,-0.02891905860246931
22,sp500,33,schur,0.0014451408467605962,0.0012480929956054686,0.011418086641402302,0.011063845522882457,2.0091719795464416,1.79077537152384,-0.029130299886562856,-0.027900877362932477
23,sp500,32,hrp,0.0014709171210583814,0.0013171307109375002,0.010901594949654227,0.010390004497547158,2.141896256179102,2.0123958403265423,-0.024928450513033107,-0.024678317121233258
23,sp500,32,schur,0.001277719503037117,0.001021661771484375,0.010621061021616793,0.010140837349599177,1.9097120580248668,1.5993134757118637,-0.024934743750767294,-0.02458466209193638
24,reit,23,hrp,0.0012537761019741434,0.0014306602527840069,0.007797014339956138,0.007790350625634274,2.5526538397503082,2.9152766708877915,-0.017519688611322196,-0.015756194083719022
24,reit,23,schur,0.0014501157294971817,0.0017501994177998575,0.008290047207561524,0.010228556787703331,2.7768085004483956,2.7162731754113985,-0.01718985092805728,-0.019340210174638457
25,reit,18,hrp,1.552217095513625e-05,-0.00027579782715615974,0.008024634223983139,0.00779613208130382,0.030706299882714803,-0.5615803748659489,-0.01770736278135099,-0.017616536019543546
25,reit,18,schur,1.1174782853749731e-05,-0.00018834129671607501,0.008202448260682327,0.007786358678589045,0.02162697924805515,-0.3839824903656692,-0.017917522458988512,-0.0175910607510033
26,reit,16,hrp,0.0006941648716294788,0.0006854050101815294,0.009729410852195067,0.009651601742680121,1.1325994844555185,1.127322439929723,-0.024350754776936066,-0.024278418069937725
26,reit,16,schur,0.0006462478449055911,0.0006195316846606143,0.009767064214155541,0.009696264256149,1.0503531330040285,1.014283474729396,-0.024610021958257483,-0.024513286316807593
27,reit,21,hrp,-0.00017546339949613474,-7.735505660965442e-05,0.011180714849555752,0.01110130729418166,-0.2491249578442799,-0.11061521153444782,-0.026117441498689973,-0.02594566902524537
27,reit,21,schur,4.3190718800300875e-05,0.0001972043436688587,0.010665338090138324,0.011619876495882524,0.06428595132715725,0.2694109447691964,-0.021087703204793744,-0.022647722120065047
28,sp500,25,hrp,-0.00012061011729722847,-0.00014620079394531255,0.01189500236689575,0.011678412667042962,-0.1609605611453476,-0.19873125909538736,-0.02247337966460938,-0.02305921085902623
28,sp500,25,schur,0.0002659916568112063,0.00030610894482421895,0.011818350214330947,0.011827084246054494,0.35728224091064403,0.4108644828673409,-0.022395536960820462,-0.022768269391741074
29,sp500,37,hrp,-0.0001376682926514479,-6.882204492187504e-05,0.013679067728130758,0.013491230697725861,-0.15976354807815468,-0.08097972067717599,-0.030208529689548895,-0.030034282348632813
29,sp500,37,schur,-4.3538250533481814e-05,0.00011222841552734404,0.01373429689460168,0.013633760445047468,-0.050322801806779595,0.13067347576641614,-0.02961296817900339,-0.029553920200892862
30,sp500,39,hrp,0.00013195629257850276,8.957685986328131e-05,0.008428468465814515,0.00815391879665688,0.24853165353266177,0.174393270525207,-0.02365253380681517,-0.02285443516322544
30,sp500,39,schur,0.00015498664880180178,0.00013005488183593763,0.008497659167195262,0.008382929073945219,0.28953111994503594,0.24628112996726828,-0.023966974440413208,-0.023623313860212054
31,reit,15,hrp,-0.0008453456586992393,-0.0007365629087306339,0.034372813333671294,0.03458261378272071,-0.3904087273441789,-0.33810555102043677,-0.09532654068645487,-0.09702820183511647
31,reit,15,schur,-0.0007637913841503003,-0.0006507495412431144,0.03635075180803325,0.039893348707455034,-0.33355052462198254,-0.2589486479880651,-0.10343414663515406,-0.1124063859367741
32,sp500,17,hrp,-6.187335909884526e-05,-0.00010786974316406228,0.01352416036893539,0.012942733378515299,-0.07262625545246762,-0.1323042850628159,-0.031124349261121582,-0.030007014151436945
32,sp500,17,schur,-1.4939192234329712e-05,-5.5129449218749906e-05,0.013417651394645045,0.012810438052666802,-0.017674652416144136,-0.06831560885698783,-0.030771661481681034,-0.029452117126464845
33,reit,23,hrp,0.0013153728342343953,0.001222702227504075,0.014830206464659716,0.01352020134280974,1.4079976872908293,1.4356144288550445,-0.03021499999374835,-0.025816026111198067
33,reit,23,schur,0.001338146944128749,0.0012465599755778739,0.014697759078090967,0.01379829401632138,1.4452831944033588,1.4341284592738688,-0.029747841140949267,-0.026315905895525234
34,sp500,16,hrp,0.0011675793729784693,0.001072940061035156,0.01393644564934291,0.01332092249336778,1.3299479944409243,1.2786198138713745,-0.023124640672055042,-0.022343320329938614
34,sp500,16,schur,0.0011010751441683931,0.0009710578432617191,0.014008336560870001,0.013407787425458818,1.2477588585649604,1.149709857594045,-0.02353365126015727,-0.0232499541015625
35,sp500,19,hrp,0.0007749863192781125,0.0007629448608398437,0.004019418235947888,0.0039832174370482264,3.060772902828276,3.040600817412874,-0.00825215135086544,-0.008172524152483259
35,sp500,19,schur,0.000789371534897632,0.000784194759277344,0.004061784034658889,0.004047417206355876,3.0850691551568965,3.0757160036230546,-0.008052672366308303,-0.008002884783063616
36,sp500,32,hrp,0.0004965881245485675,0.0004330744414062499,0.007439711335014341,0.00694617794120569,1.0595964997189877,0.9897304222588915,-0.020485812568649047,-0.01898627302769252
36,sp500,32,schur,0.0004564844440313509,0.0003639947368164062,0.007592166819499159,0.007137875557689992,0.9544661056508846,0.809517799268792,-0.020914265357418728,-0.019410672807965962
37,sp500,38,hrp,0.0015802081867516866,0.0016269431806640623,0.008589256111264572,0.008247609321354332,2.920512203405057,3.131443466017158,-0.018802611414792024,-0.017106737775530133
37,sp500,38,schur,0.001591835892745287,0.0016473674130859375,0.008902636389806097,0.008619196905614837,2.838441366685254,3.034058421478626,-0.017606280356789544,-0.015718810695103235
38,reit,13,hrp,0.0006274840886137592,0.000719973473516017,0.01845431718588707,0.016588796332024047,0.539765356821211,0.688972505308097,-0.03604726027689654,-0.03387515892871805
38,reit,13,schur,0.0006797210330590835,0.0008018427838764506,0.019131830810727595,0.017495247075693877,0.5639939529569323,0.7275610070084115,-0.03683642530233856,-0.03501085288407503
39,reit,18,hrp,0.0011529531880439853,0.0007872795201000969,0.009490933584376703,0.008965217661014177,1.928426143799933,1.3940180157835698,-0.019909147220711552,-0.018381140702144118
39,reit,18,schur,0.001339806524378806,0.001065400712442286,0.009768081761488015,0.009108831398282237,2.177374199972784,1.8567378460544783,-0.02057325672805203,-0.018936152244546388
40,sp500,26,hrp,-0.00038364624204753324,-0.0003772291523437499,0.00823789337651514,0.008182454928221769,-0.7392903754563901,-0.7318496953350113,-0.0245003848690403,-0.023470288478306362
40,sp500,26,schur,-0.0002962370370372296,-0.00030305040820312513,0.00813507778527608,0.00825187460976042,-0.5780666514675799,-0.5829919038326419,-0.023451295812928052,-0.022972287353515624
41,sp500,21,hrp,0.0013189840184777081,0.0011940030009765623,0.009235552412348153,0.00880743702180645,2.2671326242455114,2.152068755594141,-0.020365660941525317,-0.01956377335902623
41,sp500,21,schur,0.001242764463454248,0.0011731089238281249,0.0100557797317518,0.00966659598436102,1.9618840882997868,1.9264823801022837,-0.022017947165714386,-0.021261548383440295
42,reit,25,hrp,-0.0011222642759327818,-0.0010132240599648415,0.013479216055398726,0.012730116801611933,-1.3216935616463543,-1.2634945586900141,-0.032890765934934285,-0.030672784347577805
42,reit,25,schur,-0.001894641763498952,-0.002135195005798017,0.019380472464937827,0.02432088062176982,-1.5518974386751088,-1.3936654039357512,-0.044202295491257905,-0.05272215278755099
43,reit,21,hrp,5.880397084660474e-05,1.186438608546278e-05,0.015275086450446946,0.014858794715713025,0.06111154269453822,0.012675408325304394,-0.02736718783402677,-0.0274967500452501
43,reit,21,schur,-7.966801879401802e-05,-0.00013186017371765918,0.014998561918236055,0.014793537579292287,-0.08432079008237924,-0.14149525451398803,-0.02756598711953368,-0.02778880259398945
44,reit,20,hrp,0.0012602517898965622,0.0014175266226889556,0.006048178973885424,0.005567431369052137,3.3077521413837956,4.04181677887853,-0.010469087255511668,-0.008816204353125561
44,reit,20,schur,0.00380952801389132,0.005467343247290575,0.01627832571431064,0.02495709856855149,3.7150247196845982,3.4776231359169736,-0.020859952892950256,-0.031131748751742655
45,sp500,35,hrp,0.0013040201670610659,0.0010760763242187502,0.008446133950175178,0.008089335699338378,2.4509057661238662,2.111691578709125,-0.018083411182265474,-0.016288355756487165
45,sp500,35,schur,0.0010577528309063033,0.0008429337719726565,0.00864833544439393,0.008190317613889785,1.9415650263427693,1.633777763554717,-0.01750745708542584,-0.01638958064488002
46,reit,23,hrp,-0.000370595185049197,-0.0011864086095496828,0.012655532171885229,0.013362150506272645,-0.46485727351538647,-1.4094776732386898,-0.02848981572260782,-0.027167979135666855
46,reit,23,schur,-0.00028054326276863483,-0.0009544473808227304,0.01269482048376982,0.013038975897114533,-0.35081128066178263,-1.1620070912376144,-0.02880690006480033,-0.027417920941291418
47,sp500,37,hrp,-0.00011292360695593349,-8.283738037109372e-05,0.008546755539225535,0.008268597211232496,-0.20974119110996106,-0.15903576056957955,-0.01815590061319586,-0.017204547215053014
47,sp500,37,schur,-9.722919233414103e-05,-6.38701752929688e-05,0.008626962562569044,0.008427761560085548,-0.17891182062707328,-0.12030568175038553,-0.018378103557107606,-0.01770081261335101
48,reit,19,hrp,0.00020140775681210552,6.911644166192976e-05,0.020476057163723995,0.020360069755430775,0.15614573617862243,0.05388927985211638,-0.04222645365330109,-0.04264340786656173
48,reit,19,schur,-0.00041470637708684567,-0.0012360706937232905,0.02305751665828039,0.03216002996783411,-0.28551468672330066,-0.6101366811706044,-0.04722188083499406,-0.06325094704844601
49,reit,23,hrp,-8.12027479139516e-05,-3.3759378113157585e-05,0.007882609757313905,0.008091215335085198,-0.16353133038664722,-0.0662339946754153,-0.017658810094884608,-0.018944200198689105
49,reit,23,schur,-7.23583233128278e-05,6.957518736177357e-05,0.01274349843281122,0.02129152366263059,-0.09013637649694481,0.05187378210129482,-0.030394975931002297,-0.047665244146589826
50,reit,20,hrp,0.0013472076581839472,0.0010951123452048988,0.00897020017443994,0.008328098264967047,2.3841450749825523,2.0874356888489554,-0.020590035057884724,-0.01990850671808844
50,reit,20,schur,0.0013304083418590874,0.0011901475627398832,0.008889928042750054,0.008476597719896476,2.3756747621341217,2.2288431598600127,-0.020543740899167977,-0.0196409574155823
51,sp500,21,hrp,0.001624454084709498,0.0018142120209960937,0.007323340931115968,0.006859289416533407,3.521262957557909,4.198645260422956,-0.015803611963400625,-0.01437214777483259
51,sp500,21,schur,0.0015586766247748499,0.00171833378125,0.007163171741089748,0.006766931654633097,3.4542274338069276,4.031029796031178,-0.015571809842167614,-0.01437482670375279
52,sp500,35,hrp,0.00089663078491333,0.0009223229560546876,0.005905295290125185,0.005634871357889059,2.410306639898809,2.598359765701011,-0.011674974627103736,-0.011283689488002232
52,sp500,35,schur,0.0008440619261415501,0.0008768718505859374,0.005952812648859728,0.005655226103544843,2.250880126190243,2.461423970513735,-0.011698836889087997,-0.011218988176618302
53,reit,15,hrp,0.001272220294097669,0.0012251242191773743,0.009175305867466916,0.008943847377099601,2.2011114788053296,2.174482997600077,-0.02161155967885728,-0.019432881785679652
53,reit,15,schur,0.001230850706017719,0.0011636491303872894,0.009222054570711872,0.009047216519540052,2.118741443699641,2.0417724317917796,-0.021717608826492655,-0.020039602452117368
54,reit,21,hrp,0.00016448642921382638,0.00045363671730703966,0.01090585378763057,0.009874543975995177,0.23942564840090225,0.7292751599343672,-0.024138814621278204,-0.021861293236771332
54,reit,21,schur,1.8369374391415988e-05,0.0002385484945864797,0.011237847549645566,0.010136988072710618,0.025948454718657223,0.37356657881667826,-0.0247073823527068,-0.02247949206848802
55,sp500,25,hrp,0.00035441999203690225,0.00016411184423828102,0.008410395534503188,0.0080255642572633,0.6689629433613986,0.3246120370876359,-0.021273110982550702,-0.019357295017787386
55,sp500,25,schur,0.0003873554994575807,0.00017508060839843697,0.008619821398142984,0.008238797089489349,0.7133648876475064,0.3373451809874796,-0.022022217046367136,-0.020431773402622772
56,reit,19,hrp,0.0007056858209877603,0.0008838931267397745,0.008516927843235477,0.00776794759511431,1.3153117324301167,1.8063160470214208,-0.01972489119078883,-0.017140448559930462
56,reit,19,schur,0.0006237841652742984,0.0007814273558571579,0.008427800114004817,0.007425767353821437,1.174952716560024,1.6705040861778608,-0.019328483915960825,-0.01600118087239136
57,reit,24,hrp,0.0008432502757838018,0.0008434656074861053,0.007141369329169506,0.006917189545580822,1.8744560768740064,1.9356996555949129,-0.014491083501690458,-0.013528679496920689
57,reit,24,schur,0.0008569830513010612,0.0008502711475904461,0.007245485363191027,0.006891608270223069,1.877608401274583,1.9585611212562446,-0.014904553807442964,-0.013799398815365382
58,sp500,38,hrp,-9.258326175010682e-05,0.00016439834033203098,0.014156076803341727,0.01305360314588908,-0.1038221067436525,0.1999250871698025,-0.033252130025509016,-0.030846972133091517
58,sp500,38,schur,-0.0002453200647997846,-5.370025390625005e-06,0.014571547814301136,0.013420535070324525,-0.26725611774919455,-0.006351945720455996,-0.03412442993839613,-0.031760799211774556
59,reit,14,hrp,0.0001055060773232639,0.00017885369598449847,0.009575569367736542,0.00920818167825855,0.17490939599508593,0.30833605407048825,-0.022345687311678585,-0.02159538989850377
59,reit,14,schur,3.4914920651547956e-05,0.0001074342881261681,0.009655204122071447,0.009685399598223133,0.05740501966916299,0.17608632815640185,-0.023002614161093202,-0.023465845978854132
60,reit,15,hrp,0.00016401401386426058,-1.5703313328630425e-05,0.010445685998194228,0.010551334540116671,0.24925521921069602,-0.023625672185438602,-0.021751238954972486,-0.022303209232371418
60,reit,15,schur,0.00017167463565435613,-9.11508567727895e-06,0.01045828281399855,0.01051016319187053,0.26058296592500907,-0.01376738844537473,-0.021924125934110382,-0.022113935446943633
61,reit,19,hrp,0.001335191540124053,0.0017539992843815598,0.017634202075111998,0.016435156336370837,1.2019545038982868,1.6941655356167789,-0.037066332471273,-0.03526917011002393
61,reit,19,schur,0.0014259030445751774,0.0017641944896648032,0.01758881475490937,0.01645195044173319,1.2869263457048241,1.7022735026590023,-0.03749423490415792,-0.035363578542099254
62,reit,23,hrp,0.0005632680799834344,0.0006095227248488995,0.009207034481597988,0.008747356786912096,0.9711708568544557,1.1061482372404186,-0.01688159067543363,-0.01660957194887577
62,reit,23,schur,0.0005650584139066867,0.0006147522268431041,0.009339792722330055,0.008966962982052256,0.960409347745392,1.0883159750333455,-0.01698262192767318,-0.01687105574023627
63,reit,20,hrp,-0.0005046999089903244,-0.00029979116164152963,0.008513213023221767,0.007797232118301975,-0.9411091503968906,-0.610349555014698,-0.017219410403331897,-0.015645386398636236
63,reit,20,schur,-0.0006366498570127467,-0.0006635405893979079,0.009156635008370937,0.009240969748029713,-1.103735504805428,-1.1398565944131958,-0.018522960952586452,-0.01937168565812809
64,reit,21,hrp,-0.00013473080187548846,-0.0009300603638428696,0.021980247789882588,0.021517020147761957,-0.09730487093060056,-0.6861661354894704,-0.04187830114784814,-0.041065334400647156
64,reit,21,schur,-0.00018538362448796737,-0.000996726030132513,0.021987139215455587,0.021771756456027344,-0.13384523454351968,-0.7267459213926426,-0.04212776463578281,-0.04175844400015132
65,sp500,19,hrp,0.0003964808693976824,0.0003667781484374999,0.008047314893771194,0.007677626818113467,0.7821166144495395,0.7583622831020623,-0.01919223942395974,-0.018359233555385046
65,sp500,19,schur,0.00043099239006910315,0.00040928582519531275,0.008153773048094826,0.007780015957063468,0.8390952318821001,0.8351153889041961,-0.019030141016753047,-0.018101184378487727
66,reit,15,hrp,0.0009708241660370775,0.0009243352455515356,0.009405568914861497,0.009186971373936757,1.6385352125041186,1.5971930824031024,-0.019994619962606812,-0.017148724082923093
66,reit,15,schur,0.0009203121325234934,0.0008240083578506612,0.00973068447675286,0.00938333637906549,1.5013848431915553,1.3940379658404771,-0.021219944390010376,-0.01919530129173515
67,sp500,24,hrp,0.0012944887002371388,0.00095275672265625,0.012650335929276583,0.012731817456254879,1.6244130724866352,1.1879328415229422,-0.030879286151409367,-0.02979498475864955
67,sp500,24,schur,0.001330990522799618,0.0010046518730468749,0.01270069136440819,0.012820986728642287,1.6635960136375096,1.2439256353050208,-0.03074050674466916,-0.030093856724330355
68,reit,15,hrp,0.0009738336460779302,0.0009665624267930913,0.008190502415629538,0.007873508498912935,1.8874458599410286,1.948775803010819,-0.018023762334519616,-0.017156926642211707
68,reit,15,schur,0.0010204930358704589,0.000999075488728974,0.008082361396613377,0.007740152747852113,2.004343029291818,2.049033426290479,-0.017812115863064953,-0.016796944264686527
69,sp500,17,hrp,0.00011479416974576117,-0.00013864359570312464,0.014553195888388782,0.014569842020473768,0.1252165479404032,-0.15105852537870826,-0.03334249775244037,-0.03499845083182198
69,sp500,17,schur,0.0002325609482394762,-3.29939501953126e-05,0.014554979243689163,0.01442934277882772,0.2536445116431767,-0.036298446155649554,-0.03137402779091909,-0.033293485900878904
70,sp500,26,hrp,-0.0006758672629469296,-0.0006710298657226563,0.012717330173296177,0.012733349712294376,-0.8436566508915299,-0.8365645429270073,-0.0373902194703195,-0.037362118216378346
70,sp500,26,schur,-0.0006117526987104098,-0.0006012478891601563,0.012738433623770966,0.012827295509249437,-0.7623600604897115,-0.7440784644931194,-0.03668401183679426,-0.03664940044294085
71,sp500,25,hrp,-1.3261937495567838e-05,-6.637247460937507e-05,0.0070761182690292634,0.007142224117700363,-0.029751725888806074,-0.14752132570118473,-0.019163746495406007,-0.019326445765904015
71,sp500,25,schur,8.440553369753659e-05,2.8174079589843554e-05,0.007098542625874802,0.0071402347724329965,0.1887565348645151,0.0626379471168008,-0.019007912085262455,-0.01927628693498884
72,reit,15,hrp,-0.0008696857671886124,-0.0006322788560210633,0.011520468698487295,0.010841038212575056,-1.1983742948178575,-0.9258445064804163,-0.026668467893425363,-0.02568328653021908
72,reit,15,schur,-0.0008948129927842068,-0.0006827561002594491,0.0114664558243587,0.010843242555090171,-1.2388061411899365,-0.9995549789951718,-0.026854582241968815,-0.026065272341452148
73,reit,13,hrp,0.0005860272837128895,0.0006559804416136587,0.008989975740226228,0.009094680180951734,1.0348075449849752,1.1449953679957408,-0.01957480080066587,-0.01833170915077188
73,reit,13,schur,0.0005524605661001578,0.0006181533942815683,0.009106713130682629,0.009095819618717131,0.9630301818641429,1.0788341602514013,-0.019999208930777244,-0.01836764300515828
74,reit,15,hrp,1.7474317465746236e-05,-0.0004552795283341381,0.01877069369787144,0.018255725591066998,0.01477815335621816,-0.39589434108727023,-0.03019961033702921,-0.03276713556121586
74,reit,15,schur,8.226776184188045e-05,-0.0003513361825742787,0.018824326578034917,0.018188421774935824,0.06937619930759607,-0.30663952392546917,-0.029902773604011577,-0.031743289893374084
75,reit,24,hrp,-0.0016670301208235605,-0.0016082449625807267,0.032894420974962146,0.03267398306970934,-0.8044915211202937,-0.7813585890369685,-0.0933482992563919,-0.0931364143340276
75,reit,24,schur,-0.002001143683780413,-0.001947484763919076,0.03203432501415051,0.03160907723116446,-0.991660387284933,-0.9780532971086786,-0.09059728930908083,-0.08968998312072222
76,sp500,12,hrp,-0.001119684234941548,-0.0009078939838867188,0.008538281345893746,0.008087409711087032,-2.08173465775965,-1.7820749416587272,-0.02331919336577743,-0.021968826590401783
76,sp500,12,schur,-0.001111809505815951,-0.0008981832954101562,0.008510849658179553,0.00805523787529046,-2.0737563762552615,-1.7700554607063397,-0.023277915924786566,-0.02177659770856585
77,reit,15,hrp,0.0007648139664803332,0.0006894016339951869,0.006202418949071506,0.005957808326528518,1.957469404583289,1.8369022738154779,-0.012354529146096705,-0.011695523257670357
77,reit,15,schur,0.0007790236465124532,0.0007087681066301939,0.006140747783011696,0.0058823553446697785,2.0138617382846995,1.9127278487758956,-0.01229699667439727,-0.011744841263657827
78,reit,16,hrp,0.0016773250671831116,0.0015981220760148708,0.010388016132883544,0.010220091864868308,2.563214153008461,2.482306597884241,-0.0211140382943285,-0.020703201454977258
78,reit,16,schur,0.0016784773376072805,0.0016153222702973685,0.010361894253235037,0.010145584384978059,2.5714411909850643,2.5274488993018234,-0.02108574335095938,-0.020609838797457408
79,reit,24,hrp,-0.00019260141054406788,-0.000934288345179006,0.018910614329737663,0.01706361224762831,-0.16167917939879836,-0.8691810075020757,-0.032809637487161994,-0.031865257414506576
79,reit,24,schur,-9.047590766692731e-05,-0.0006709238122199182,0.018880290868951023,0.016989971124683097,-0.07607194814668597,-0.6268748343755922,-0.03238966332252388,-0.031136686023198863
80,sp500,13,hrp,-0.00033337059447113805,-0.0003374821401367189,0.009954969854541982,0.009825847311344909,-0.5316032295105184,-0.545231644519862,-0.02585261058325637,-0.02551359055001395
80,sp500,13,schur,-0.0002874559899382161,-0.0002932535590820311,0.009856581772398792,0.009706806623299948,-0.4629619556642587,-0.47958675918396276,-0.025491274119213543,-0.025105660853794644
81,reit,14,hrp,0.0009121201285999419,0.0012261008074743764,0.006741831784784892,0.006274091720668559,2.14770386131967,3.1022413729013953,-0.012976087888965713,-0.011358852357393272
81,reit,14,schur,0.0008923893742441374,0.0011468438239286094,0.0067622130441888076,0.006331380416538544,2.094912131390648,2.875452129983674,-0.013073528023672109,-0.011420295954911536
82,sp500,18,hrp,-0.00033870734016548415,-0.0005974161962890623,0.015082315061508934,0.014488524021450021,-0.3564978130964895,-0.6545655094651187,-0.03320061546380621,-0.031513579145159044
82,sp500,18,schur,-0.0002562048234741639,-0.00045587990087890616,0.014517471627127125,0.013935792774978643,-0.28015384428561785,-0.5193008528100233,-0.031439069355124645,-0.029857911307198663
83,sp500,35,hrp,0.0010833581140988217,0.0007361155498046873,0.013105660747361969,0.012212260370452895,1.3122403544467036,0.9568639818896477,-0.03153228566656761,-0.031088491280691966
83,sp500,35,schur,0.0010581957047088044,0.0006477115087890623,0.01292432243264415,0.012201486987128226,1.2997459732317047,0.8426924892243596,-0.031634331262077126,-0.031829100673130585
84,reit,24,hrp,0.00332944305196508,0.0064466923587897735,0.04923498500811061,0.04550601739971788,1.0734901190769603,2.248890902995681,-0.08326796015346041,-0.07780571770699253
84,reit,24,schur,0.0029829805371634002,0.004993273104190518,0.04920119531670616,0.04477350402640162,0.962443040208062,1.770371895055456,-0.08504671041488313,-0.076480600440057
85,sp500,35,hrp,0.0008868728857675096,0.0007779880180664062,0.00616717969081019,0.005821189016368824,2.2828377487656146,2.121590087183647,-0.014319479723629914,-0.013564389369419642
85,sp500,35,schur,0.0009159788890538618,0.000788013017578125,0.006551628907474052,0.006197511674950172,2.219404408442992,2.018442159120306,-0.015169956554252377,-0.01447578360421317
86,reit,17,hrp,0.0006249595426899346,0.0006568283845852533,0.009624837832591411,0.009473672826413761,1.0307628397656023,1.100610877007907,-0.01756546141055119,-0.017750002730578748
86,reit,17,schur,0.0006405838280626174,0.0006937117807105128,0.009808616471386972,0.009698441984131447,1.0367367352291572,1.135474454341541,-0.01726687385258787,-0.01702832009240877
87,sp500,30,hrp,0.0008439645472102703,0.0007879137460937499,0.009864418061727206,0.00926053318938175,1.3581664685950874,1.3506504112248803,-0.022886869229939568,-0.021451079110281806
87,sp500,30,schur,0.000838348833462835,0.0007762210771484374,0.0098718831105037,0.00931635773167756,1.348109069223324,1.322633581721629,-0.02270053450947877,-0.021616713849748885
88,reit,21,hrp,-0.000393281789236958,-0.0003213055870895635,0.009883016577186913,0.009613557081981612,-0.6317053915866344,-0.5305599193172087,-0.02397555585753623,-0.023401653748024814
88,reit,21,schur,-0.0005112010904466808,-0.0004787422611435371,0.01019467117088366,0.009973024640038705,-0.7960105427214405,-0.762035396963157,-0.024931657207845365,-0.024623096738912758
89,reit,15,hrp,0.0004652778219950522,0.00036603716239840824,0.011226548017578625,0.011005799172023387,0.6579098431459937,0.527963460268686,-0.02750660474734091,-0.026558714763256077
89,reit,15,schur,0.00048139109439067205,0.0003809475021679056,0.01136705550242892,0.011209911625703202,0.6722802323856619,0.5394649237001233,-0.02770736217254505,-0.026949656262099997
90,sp500,16,hrp,0.0005100298524390364,0.0006103193579101564,0.007679107115890175,0.007136100539382249,1.05435082262131,1.3576769826440924,-0.015289253205601414,-0.014185125270298549
90,sp500,16,schur,0.00032436051372576635,0.00036393383935546874,0.008119188996246302,0.007589280025956824,0.6341844646141037,0.7612409314103067,-0.016435438037009916,-0.01569440743582589
91,reit,23,hrp,-0.00013403961712351496,-0.00024693889911980946,0.022042727966031787,0.02086626865983376,-0.09653128958057315,-0.18786461348215602,-0.04867236568223229,-0.046875366500560275
91,reit,23,schur,-0.00014485280273261253,-0.0003167325271725229,0.022282243177477363,0.021512639866058347,-0.10319728306221053,-0.23372180380679014,-0.04884238239896684,-0.04767631972417547
92,reit,23,hrp,0.00011713027778273605,0.00023666011109196505,0.009969280960918406,0.009524726815706406,0.1865114970019772,0.39443260346264536,-0.023395849133478856,-0.022109995222557514
92,reit,23,schur,0.0005544570103218722,0.001046982289596639,0.009577252601974447,0.010019080620623733,0.9190247493434301,1.6588676368127278,-0.021639448776514362,-0.02137116870668258
93,reit,16,hrp,0.0011294804857763482,0.0009717160623884621,0.008523803636584682,0.00813431825811271,2.1035147712027813,1.8963499812533442,-0.020134843317355426,-0.01824813317785198
93,reit,16,schur,0.0012089750312736357,0.0010881153442182307,0.008682090473890399,0.00822332426514037,2.2105141269761126,2.1005246825244153,-0.02052711031098533,-0.018745619537752462
94,reit,16,hrp,0.0006747253384476157,0.0008470739183806464,0.005812049135720279,0.005599713256369925,1.8428840573644396,2.4013518130502236,-0.011992714536508884,-0.01049938966439415
94,reit,16,schur,0.0006248917369452108,0.0007790557990918165,0.005760547747283652,0.005447635806863633,1.7220322144634534,2.27018248823759,-0.011954478565187632,-0.010288974289915685
95,reit,22,hrp,0.0007994962411135833,0.0008971183406564898,0.005658185024485063,0.005281098276845814,2.2430530839453917,2.6966572877976716,-0.012022221669015409,-0.010452614918434477
95,reit,22,schur,0.0007526247833992627,0.000811127243304637,0.005589421407428287,0.005188769288315152,2.137528587240111,2.481560672484969,-0.01205914248486033,-0.010720908484446174
96,sp500,15,hrp,0.0005099154822828442,0.0005952645844726561,0.007328419234949938,0.007170898152922448,1.1045570777511755,1.3177613357877636,-0.0191841514837559,-0.018266299115862167
96,sp500,15,schur,0.0005052557243459617,0.0005734658623046875,0.007192694471062484,0.006913831110202432,1.1151156222380891,1.3167067863180615,-0.018660286189528575,-0.017552259783063618
97,reit,12,hrp,0.0019993968089662907,0.002087603642963177,0.006378648881929156,0.00662146148099857,4.975887677699901,5.004889109031034,-0.011318285778798882,-0.011841383348379251
97,reit,12,schur,0.0017814297424117414,0.0018244875465156943,0.006168834550022375,0.006528106138333054,4.584224172332416,4.436637716292575,-0.01092454259787827,-0.011581422933539488
98,sp500,12,hrp,0.0008575738544605939,0.0008762840200195312,0.004945576202986759,0.004936340988640108,2.752674782449295,2.8179936517760527,-0.010323391156344777,-0.010289247427804129
98,sp500,12,schur,0.0009205331151583056,0.0009511872998046876,0.004923256042670293,0.004914808649239058,2.9681596998406157,3.072272259367669,-0.01015012346690596,-0.01011157058279855
99,reit,13,hrp,-0.0042958155543584165,-0.0047504952030801096,0.06689580834425654,0.0648802068536302,-1.0194055427101745,-1.1623232589356645,-0.13433479513951557,-0.13247070662239907
99,reit,13,schur,-0.0038888849077399596,-0.0038306423423943364,0.06886301294749744,0.06934291924079568,-0.8964773891967397,-0.8769397461692203,-0.1379002771097006,-0.1399839946528964
100,reit,20,hrp,0.0003738963815596294,0.00041375800892073385,0.015397295997556201,0.015000471650360739,0.3854846364728082,0.43786654983179024,-0.028618589192158605,-0.02800672276978562
100,reit,20,schur,0.0002942850154657956,0.00039309424540716185,0.015268916987122901,0.014899174788838721,0.3059568531881855,0.4188270679005868,-0.029458578040087828,-0.02931361645543144
101,reit,16,hrp,0.0003107024263738075,0.00027456830866120564,0.012566070446265223,0.012079996483907814,0.3925052093785312,0.3608144076456748,-0.033541402674303104,-0.03186607854823537
101,reit,16,schur,-2.909886386920495e-05,-0.00027318491705748403,0.012247141088662549,0.011943917639445663,-0.03771738563722869,-0.36308657223868224,-0.032282014560140085,-0.029974723323501377
102,reit,18,hrp,0.00039303158759244775,0.00047502050937639533,0.011620927618702476,0.01109090802141348,0.5368919963784894,0.6799007617980389,-0.02352454360193023,-0.022368830650375895
102,reit,18,schur,0.00041229514919917983,0.0005021765566253669,0.011849083192510686,0.011460837851031138,0.5523619408270016,0.6955691897994674,-0.024610126450944035,-0.02406358914785308
103,sp500,20,hrp,0.0013827990361106623,0.0012992989648437498,0.010569218934346694,0.010421131806752634,2.0769041035792184,1.9792218370020365,-0.022713373285395983,-0.023008027378627234
103,sp500,20,schur,0.0012992002183621703,0.0012104320854492187,0.010323365321006403,0.010219005914744827,1.997814031092729,1.8803212193532926,-0.022800938561401064,-0.023532687500000003
104,reit,16,hrp,0.0017594019905238577,0.001762444298480011,0.009096892806057879,0.009049668280573173,3.070239622930342,3.0915979473358988,-0.017580559642064463,-0.016917721569342438
104,reit,16,schur,0.0017191753405887147,0.0017140517301528547,0.009108047375091272,0.008863041871762215,2.996368084613916,3.0700213388810984,-0.01821332610924953,-0.016821801539082807
105,sp500,28,hrp,6.90218099704602e-05,-0.00016555197851562503,0.01076679105372666,0.010978928992965497,0.10176544337684826,-0.23937272815282615,-0.021710432826988296,-0.021715524196079798
105,sp500,28,schur,9.655690267640493e-05,-8.107276855468758e-05,0.009975690335323228,0.010064782828655958,0.15365285604978052,-0.12787064798923917,-0.02061610951301016,-0.020614113638741632
106,sp500,39,hrp,0.000321535695551564,0.0001888029111328124,0.008873395361095653,0.008285312477223795,0.5752274885368619,0.3617429404399448,-0.019790910270020678,-0.01886198974609375
106,sp500,39,schur,0.0003427279304547678,0.00024498000732421865,0.009065569661120812,0.008501885333199765,0.6001428957485158,0.45742054861522685,-0.020505185676871672,-0.019671702366420202
107,sp500,31,hrp,0.0015781770513898254,0.0011299640537109374,0.010320987534850562,0.010675358828520186,2.4273630727917377,1.6802829345134003,-0.024478343008608534,-0.026283636265345984
107,sp500,31,schur,0.0014276413952983397,0.001088936437011719,0.010397941635306041,0.010968938813346778,2.1795760502339983,1.5759345848756954,-0.025018871001786052,-0.026318341997419083
108,sp500,30,hrp,-0.0013357646631348542,-0.0014324030732421873,0.025060022986888426,0.024733064225044305,-0.8461527215546109,-0.9193642019898188,-0.07161466102391886,-0.07139891755022322
108,sp500,30,schur,-0.0011513781200166977,-0.0012039474794921876,0.024581570714593104,0.024246270776081644,-0.7435473198846854,-0.7882479706021343,-0.0692786475909751,-0.06880137918526787
109,sp500,30,hrp,0.00019360590681743523,0.0002579370190429686,0.007480962440411991,0.007034608575704275,0.41082929037981,0.5820683828766156,-0.0198051809087442,-0.018333517909458707
109,sp500,30,schur,0.00023597958270331405,0.0002765194770507814,0.007107583744020699,0.006794360869103211,0.5270510875207072,0.6460667453819515,-0.018735027878814807,-0.017848746651785714
110,sp500,30,hrp,1.181241816084666e-05,6.065051757812454e-06,0.011901627974009529,0.011373576803544515,0.015755518944543787,0.008465209626002291,-0.021527173290642833,-0.02033493304443359
110,sp500,30,schur,-4.416086024167003e-05,-3.612379443359367e-05,0.011295045599472236,0.010742566515793304,-0.06206543542644819,-0.05338086183192714,-0.02031219104096632,-0.019094686497279575
111,sp500,21,hrp,0.0004047495434001351,0.0003271059780273438,0.010292266688291665,0.010138476720749476,0.624274516509704,0.5121722487866599,-0.023193404843026854,-0.022787923095703124
111,sp500,21,schur,0.000442379264661858,0.00038410571972656267,0.010232447575254336,0.01000544700909029,0.6863023792845429,0.6094169769510539,-0.0233477646340657,-0.022942437430245537
112,sp500,32,hrp,-0.0005860558266680152,-0.0005726241293945313,0.012729479315090901,0.012475274205466442,-0.73085061849737,-0.7286514185454678,-0.03073599091189474,-0.030551785897391184
112,sp500,32,schur,-0.0005490602587227005,-0.0005705812719726561,0.012580256452530199,0.012406146058530002,-0.6928365434443329,-0.7300975538745659,-0.02982434446968105,-0.029560685546875003
113,reit,20,hrp,0.00032066969068938263,0.00031959722779510534,0.009339401626741396,0.00938385554209869,0.5450534981582946,0.5406571620745964,-0.016510872913518278,-0.016701493822434455
113,reit,20,schur,0.00034997761011877496,0.0003620990926483028,0.009334202300575911,0.009351806960155825,0.5952005480476059,0.6146560679821278,-0.016439094264188037,-0.016504731918319145
114,reit,12,hrp,0.00115323457861525,0.0011794972565851076,0.00783866305621207,0.00783467338954273,2.335478800241293,2.3898811790973253,-0.0162379557127116,-0.016363742121409335
114,reit,12,schur,0.0011231278595948383,0.0011117035588946098,0.007898908500403602,0.007957121640476334,2.2571602191855082,2.2178556126367157,-0.016434728362109807,-0.016533499529551278
115,reit,12,hrp,0.003318188060373983,0.0029938168614152515,0.04537656196971729,0.03353698601786793,1.1608328216164367,1.4171031735451536,-0.07765034090755234,-0.06166703554846668
115,reit,12,schur,0.0031504999902400833,0.002847900474154175,0.04497461862528262,0.03352618587665042,1.1120191433931432,1.3484688847691277,-0.07738331512874012,-0.061534358061016654
116,sp500,18,hrp,0.0004088150399387874,0.0005206721435546876,0.008306408237014168,0.008004442877834115,0.7812928743962899,1.032603288550702,-0.016486734389465577,-0.015323934910365513
116,sp500,18,schur,0.00038702712901233203,0.0004811776113281249,0.00852631344741342,0.00825309027385278,0.7205769811190184,0.9255269871890103,-0.017523858026003838,-0.01668294566999163
117,reit,21,hrp,0.0015668562816650354,0.0018925033755366396,0.01948738105920729,0.018162919870541767,1.2763681427083529,1.6540600264854468,-0.03191976929523992,-0.030710311197707063
117,reit,21,schur,0.0013389617957765148,0.0014428126551213668,0.019255898306117753,0.018290082305719664,1.1038363010617727,1.2522601298674927,-0.03204801532748856,-0.03136884979751614
118,sp500,13,hrp,0.0006285827597220455,0.0008375156254882814,0.007238988630651058,0.007022659450912429,1.3784303958750332,1.8931785711620714,-0.017011835066584022,-0.016521516200474328
118,sp500,13,schur,0.0005517900877633151,0.0007705782788085938,0.007343341121653428,0.007068840784304029,1.19283524266147,1.7304889616096746,-0.017353789383290137,-0.016701600254603797
119,sp500,18,hrp,0.000966757622550535,0.0007784602866210939,0.006036268418338689,0.005812715433787376,2.5424319166198313,2.125972634374258,-0.011050179629844333,-0.011055303771972657
119,sp500,18,schur,0.0009023578132803556,0.0007216173427734376,0.006245898207879403,0.005952296844601939,2.293422935894867,1.924520984662802,-0.011209321847317466,-0.011076675258091518
120,reit,13,hrp,0.000766752600653254,0.0009527125226091154,0.01010197410933635,0.009776631157161328,1.2048952075014592,1.5469380189807194,-0.02303113076851478,-0.021957213473347423
120,reit,13,schur,0.0007609057510448217,0.000899974500570563,0.010101352748174313,0.009783479889854424,1.1957808653621829,1.460283298958995,-0.023146090553304483,-0.022255985181848088
121,reit,24,hrp,-0.0010764301040742312,-0.0010322488481782,0.010725588346891513,0.01092935851762768,-1.5931804952867807,-1.4993050538185793,-0.026301718070843222,-0.0259614335189885
121,reit,24,schur,-0.0011239613048357811,-0.0011330561764459777,0.010820133183671985,0.01069953830046259,-1.64899380370434,-1.6810733959682185,-0.02671249557290477,-0.026372573748692927
122,sp500,30,hrp,0.0009224740157685788,0.00081910176171875,0.007769981690065683,0.007604269924142812,1.8846660911156692,1.7099389539676197,-0.018890171810394627,-0.018488098092215403
122,sp500,30,schur,0.0009450409888317149,0.0009072868657226563,0.008121951712459791,0.007796086872029922,1.8471004436351468,1.847430989854307,-0.020217011769595384,-0.018896931169782364
123,reit,16,hrp,0.000233177622692741,0.00011891732135011449,0.010816391756027317,0.010853167969162447,0.34221948401959446,0.17393575392787441,-0.020202171930925546,-0.02029990767293367
123,reit,16,schur,0.0003768218530633652,0.00033153968254164446,0.010811691611400753,0.010616165797023477,0.5532771083086893,0.4957561325956866,-0.02010793427565257,-0.019451128859366017
124,sp500,18,hrp,8.287591424981605e-05,-0.00014369007470703093,0.01548048570588275,0.014589241308877092,0.08498534075018183,-0.15634872115458495,-0.0256092552181329,-0.024529025181361606
124,sp500,18,schur,7.026679608865972e-05,-0.00015031439257812506,0.015356398804542828,0.01448564732262834,0.07263752533734005,-0.16472629453605633,-0.025822373464910665,-0.024163458871023995
125,sp500,39,hrp,0.00113241783811315,0.0011082597260742189,0.004842844457497751,0.004828297730094979,3.7119870433445823,3.6437433486976816,-0.008708269834674046,-0.00879621452985491
125,sp500,39,schur,0.0012420103360597312,0.0012426871464843745,0.004714760142101752,0.004655905569744738,4.18182521605981,4.2369946268919785,-0.008644734946136429,-0.008665613351004466
126,sp500,29,hrp,-0.0007946016562514129,-0.0016042013974609378,0.013451867106685068,0.017162257095109854,-0.9377070218407816,-1.4838320835153846,-0.03400429296983428,-0.047338364981515065
126,sp500,29,schur,-0.0009652478683304621,-0.001699966396484375,0.013299706460357908,0.017052913038715957,-1.1521182760309867,-1.5824938456155813,-0.03422119639889066,-0.047266842241559706
127,reit,18,hrp,6.276662880387159e-06,3.4140923864404244e-05,0.009870118000539671,0.00938877010121846,0.010095009427842774,0.057725384540078084,-0.023262805546818525,-0.021956434247409288
127,reit,18,schur,6.220774278492751e-05,9.789841938573543e-05,0.01011439895325335,0.009687754366466555,0.09763479834576871,0.16041790180241652,-0.023480542980176055,-0.022149886760849585
128,reit,24,hrp,0.00045414330370624636,0.0008474045859247044,0.0077428256054187395,0.0075614306987595815,0.9310943852469927,1.779045699312084,-0.017625820954710828,-0.016381635001132804
128,reit,24,schur,0.000535552522093301,0.0009520599393002148,0.007570066317578156,0.007311365389026108,1.1230592135094624,2.067121829033203,-0.017122507432038702,-0.015728745692126903
129,reit,13,hrp,0.0018408443246854499,0.001977389079856526,0.009706378292835095,0.00947225833141104,3.0106489600333273,3.313895948023116,-0.017787549507885723,-0.01682948967394545
129,reit,13,schur,0.001758120219483923,0.0018791572892365976,0.009992439625505096,0.00963233767366301,2.793040968995775,3.0969322485163424,-0.018296480319854664,-0.016788838361756885
130,reit,23,hrp,0.000656519934030005,0.0003109658826279204,0.011887151763662342,0.01214395434797782,0.8767391099572053,0.406492828324661,-0.024808778807765376,-0.02606033876882206
130,reit,23,schur,0.0007338363929646624,0.0005291052273171199,0.011787833683687533,0.01165361850975472,0.988247027007154,0.7207448129661808,-0.02476382502946436,-0.02523380986167011
131,reit,20,hrp,0.001737407948964252,0.0016318293076082956,0.007756868053636427,0.0072500959602578505,3.555622702648333,3.572985422845125,-0.013553786670806395,-0.013199543240165954
131,reit,20,schur,0.0017712176480140587,0.0016907716629076311,0.007762712162430744,0.00729476435348453,3.6220856703360305,3.679374241920707,-0.013911006873913978,-0.01303489974868488
132,sp500,40,hrp,0.0004630559120047174,0.0005744012592773438,0.007342899714517106,0.007135298046514315,1.0010738268920452,1.2779196116853915,-0.018621937563760297,-0.018009086975097656
132,sp500,40,schur,0.000418985426498165,0.000517543072265625,0.007447508099815282,0.007336454930763377,0.8930755575830562,1.119851706227298,-0.018825274715835498,-0.018330492004394534
133,sp500,38,hrp,0.0009042891092781305,0.0008684490649414062,0.0041237761067654125,0.00407987499406272,3.481067887069186,3.379074489544844,-0.00970912244978564,-0.009473039550781251
133,sp500,38,schur,0.0009537369991342939,0.0009108618105468749,0.0042748042047522,0.004197543337007269,3.541707355483392,3.4447489438018697,-0.009770477088763238,-0.009505392238071989
134,sp500,17,hrp,0.00025773381998165734,0.0001887995029296877,0.010351425297601241,0.009937976258092089,0.3952496815758347,0.3015804341439204,-0.024989689064060034,-0.02355094179861886
134,sp500,17,schur,0.0003072817887614169,0.0002575218618164064,0.010409129174896125,0.00997514326524284,0.4686220231232193,0.4098219657070548,-0.025181111118869556,-0.023941058149065293
135,sp500,31,hrp,-0.0013373217446233836,-0.0012279258540039055,0.034850896439908505,0.034042133039820115,-0.6091471589983225,-0.5726056767924741,-0.09215000284568065,-0.0908012873447963
135,sp500,31,schur,-0.0019206956840066266,-0.0020257878764648437,0.03740381150612263,0.038415869723448355,-0.815160207395144,-0.8371120011619776,-0.10573925382286578,-0.1098400234200614
136,sp500,34,hrp,-0.00042679444223122227,-0.000430305205566406,0.01112861396238092,0.010862623714638062,-0.6088046322239851,-0.6288428606347083,-0.026314359064093584,-0.02574549139404297
136,sp500,34,schur,-0.0003001749688076958,-0.0002805105444335937,0.011274951038439946,0.010978482721380406,-0.42262976463352586,-0.4056085851958085,-0.02719702930970595,-0.026499360360281807
137,reit,22,hrp,0.0006554697174118345,0.0007245714409518456,0.012679376275917725,0.012069889809459689,0.8206444038573074,0.9529676923922745,-0.02254235631958318,-0.02219669779173043
137,reit,22,schur,0.0005254887722284682,0.000519483349979582,0.01252616357537188,0.012503146707268434,0.6659561483645638,0.6595573673397177,-0.023529659990192842,-0.024836506472915038
138,reit,22,hrp,0.000687736522228383,0.0010965113212993804,0.007530690259843973,0.006766327404605072,1.449731492786516,2.5725296094456396,-0.01601908817088632,-0.013717425998587357
138,reit,22,schur,0.0006702268531220033,0.0010653690945704292,0.007510343273754402,0.006866701071315722,1.4166491549501092,2.462930874188167,-0.016013360962919342,-0.014176636418891584
139,reit,13,hrp,-0.0005735560209820336,-0.000581905200814373,0.019642780244475817,0.0186583605789512,-0.4635249925709386,-0.49508415537003375,-0.03867625555272845,-0.03682511332351655
139,reit,13,schur,-0.0004918892831578969,-0.0004209310766485607,0.019851023445785713,0.018958742241570112,-0.3933550487312268,-0.35245342767586274,-0.039397368428157935,-0.03772487926242167
140,sp500,33,hrp,-0.00013871285503681076,-0.00010697404248046878,0.008686337987826911,0.008601810659686035,-0.25350133871567304,-0.19741893259918136,-0.022943561860289678,-0.022627639500209264
140,sp500,33,schur,2.3179455880820757e-05,0.00010437171533203129,0.008968684825224008,0.008899334878832441,0.04102747079301916,0.18617679170693985,-0.023469645549665803,-0.023036603969029016
141,sp500,14,hrp,0.001315921887242176,0.0011269482924804691,0.00889754794520632,0.008342349582052542,2.34779430009501,2.1444497569941974,-0.019618582756278286,-0.018430950090680805
141,sp500,14,schur,0.0012972965812135821,0.001142350573730469,0.00886228261350207,0.00829384630916717,2.3237743233483563,2.186470847526184,-0.019195848242042766,-0.018319159946986605
142,reit,21,hrp,0.000897344332199435,0.0007903720699151743,0.00757046799525994,0.007475162121056664,1.8816405629450248,1.6784609401177601,-0.017959820239111544,-0.01749532586947182
142,reit,21,schur,0.0010253945487459228,0.001055136562963639,0.00753022572366855,0.008789556687206483,2.161639561355403,1.9056448766363043,-0.01645609943535459,-0.01852354574176909
143,sp500,29,hrp,0.0005646609339827515,0.0005965547529296872,0.004732304797411705,0.004527332301225047,1.8941540796893632,2.09174244080796,-0.009081143520965257,-0.008867843715122769
143,sp500,29,schur,0.0007542406303297258,0.0008351713935546874,0.005098491459213423,0.004890739255001556,2.348380675951062,2.7108243080445136,-0.009306893628530587,-0.009166871887207032
144,sp500,30,hrp,-0.002260470512671209,-0.0020120576567382816,0.030326521638076948,0.028859929973307885,-1.183250006821806,-1.1067395218581044,-0.0831437293349145,-0.07922066768101284
144,sp500,30,schur,-0.0025365835865716903,-0.002224653174804687,0.030553646179584153,0.028741424323007858,-1.3179119723422117,-1.2287238769566031,-0.08345728350447526,-0.0782688599155971
145,reit,21,hrp,-6.439637451253909e-05,-3.616151737253637e-05,0.007298529108608956,0.007005156248856143,-0.14006394145367398,-0.08194625096115067,-0.014257987764237605,-0.013948449011992494
145,reit,21,schur,-0.00019504801019091302,-0.00013611475668678195,0.00799180211936309,0.007539322087158378,-0.38743341312180124,-0.2865980191290846,-0.01583246087223226,-0.014724537542062623
146,reit,22,hrp,0.001455759808274222,0.0014297178513574967,0.009093152466711048,0.009031638682359176,2.5414146097979757,2.512951201471313,-0.01713686759302792,-0.016955661594804446
146,reit,22,schur,0.0015066687240826453,0.0014769252194531013,0.008847913913058976,0.008810485040838135,2.7031936281826945,2.661086297247042,-0.016680040512181804,-0.016405411012743128
147,sp500,37,hrp,0.0005182611450592332,0.0005893418212890628,0.006928777140637468,0.006556652371530331,1.1873871041158774,1.4268731736742664,-0.018301687534869503,-0.01749664219447545
147,sp500,37,schur,0.0005550661894953328,0.0006035498466796876,0.006828775792676484,0.006502905875646595,1.290334147587508,1.473350064123608,-0.018149307058687763,-0.01734130855015346
148,reit,14,hrp,-0.00016596949799477833,0.0002338629104163052,0.014809482292410315,0.013762544568144857,-0.17790521298970355,0.26975088746690606,-0.028779133187192923,-0.027368047251587112
148,reit,14,schur,-0.0003256972563125934,-4.6063998195541025e-05,0.01520371123245212,0.014294240039647023,-0.34006720979803945,-0.05115650077822778,-0.02951958276298683,-0.02829072644837764
149,sp500,35,hrp,-3.2614513495355974e-05,6.991014062499995e-05,0.008153327044029561,0.007737055135616348,-0.0635003782191659,0.14343817613281276,-0.02052213952059998,-0.018995342206682475
149,sp500,35,schur,0.00010074147097935754,0.00021876075634765624,0.00807130367877473,0.007618631827691255,0.1981366749635215,0.45581928960992046,-0.019882482412985153,-0.018300476667131693
150,reit,17,hrp,0.0011401772690283717,0.0014174362120521855,0.01926875391501086,0.018493822633454008,0.9393317858591249,1.216682064292219,-0.03926218636234583,-0.03807920290979335
150,reit,17,schur,0.001467291858060992,0.0021477163555429935,0.017508973034224554,0.019203537749470846,1.3303199506644967,1.7753989200128448,-0.03492011832704558,-0.038333952420277505
151,sp500,14,hrp,6.607895827603743e-05,0.00010712085644531253,0.007659638075865154,0.007752497225760448,0.13694784695648554,0.21934749910581003,-0.017455451800677677,-0.01749311802455357
151,sp500,14,schur,0.00012787464227627054,0.00019582431347656273,0.007403606281880175,0.007372931087622249,0.2741835448076579,0.42162534381101285,-0.016524668841622684,-0.016076484061104908
152,sp500,33,hrp,-0.0007719324036908505,-0.0006012425756835938,0.01158421609867816,0.010984124958589737,-1.0578227227743207,-0.8689294807987816,-0.027509840325319942,-0.026103250967843196
152,sp500,33,schur,-0.0008224667735765557,-0.0006802069643554688,0.011683532916630724,0.011111595796497575,-1.1174920599914357,-0.9717731821954902,-0.02758415867976472,-0.026305755536760605
153,reit,18,hrp,0.0017406257915756778,0.0011470486681520763,0.012871389715474113,0.011682199877085008,2.1467439360946536,1.5586818661977075,-0.024540526837687655,-0.022684041346155988
153,reit,18,schur,0.0015224149828992463,0.0009779504842836603,0.012399800117380377,0.01186683120991306,1.949030499940516,1.3082247805741067,-0.023684254153443496,-0.02308468263114875
154,reit,15,hrp,-7.726936827947614e-05,9.02876704933911e-05,0.00702963208138147,0.006739297840269227,-0.1744918055999148,0.2126738377581315,-0.014587932481833684,-0.013903891551261888
154,reit,15,schur,-0.00021727777369626473,-0.00010384445830699221,0.007535180194147616,0.007380426075898986,-0.45774323093313896,-0.22335833369543037,-0.01565910523523167,-0.015020788371390077
155,sp500,23,hrp,0.000981052776715576,0.0008552671586914062,0.005623506521821879,0.005359538536763753,2.7693984102053193,2.5332302670050044,-0.010109997047773463,-0.009144408621651787
155,sp500,23,schur,0.0010015210352045851,0.000898019802246094,0.005430000105219567,0.0052090249312060025,2.9279287741496103,2.736716103915233,-0.009836963345646857,-0.008932605198451451
156,reit,20,hrp,-0.00011175477990712685,-0.00013010284631514041,0.022169865201120655,0.021691155547349992,-0.08002088044506549,-0.09521478248407224,-0.04068249089874703,-0.041429401532988346
156,reit,20,schur,-8.81391993377934e-05,-3.9644645631074e-05,0.02192258235371669,0.0207812619217118,-0.0638230656703493,-0.030283976079099953,-0.03954466088488874,-0.03864633614640689
157,sp500,31,hrp,0.0015585257116298205,0.0014787358427734373,0.007165606657027117,0.006752106951195014,3.4527193374439786,3.4765746363454135,-0.013766773939342378,-0.012389482709612166
157,sp500,31,schur,0.001570211368850666,0.0014941391093750002,0.007279240003811504,0.006826337247660064,3.4243042836421522,3.474589986508656,-0.014166812921261615,-0.01274773797607422
158,sp500,32,hrp,-0.0013219309974109104,-0.0013537141572265627,0.012842548989158797,0.012591712401095563,-1.634021722240327,-1.706642063700845,-0.031034773997606895,-0.030181923583984378
158,sp500,32,schur,-0.0011081641838143034,-0.001157165839355469,0.01240163733346578,0.012060322826682636,-1.418486977178273,-1.5231298932498072,-0.030131229251927398,-0.029251685886928013
159,sp500,40,hrp,0.0008732598520874586,0.0008265322529296877,0.004716068532757978,0.004622640228376831,2.9394336182930516,2.83837636128618,-0.010094675081147819,-0.009974674944196429
159,sp500,40,schur,0.0009625637404551031,0.0009571320468750002,0.004902672070269705,0.004841822183093188,3.116713794180682,3.1380748058744583,-0.01020385317370893,-0.00995731525530134
160,sp500,39,hrp,0.0008402534512472849,0.0008454571210937501,0.007350322223412752,0.007009109546581413,1.8146973174995307,1.9148246478815696,-0.014700442690918485,-0.01440087202671596
160,sp500,39,schur,0.0008121792488196621,0.0007934904433593748,0.007363747914174528,0.006987529732245257,1.750867360557894,1.802678595682234,-0.014316454408416019,-0.01357507097516741
161,sp500,32,hrp,-0.0022547197795570934,-0.002249220540039062,0.02931641666139562,0.028470339376497227,-1.220905245360732,-1.2541216556612553,-0.08122474060226784,-0.07955510942731583
161,sp500,32,schur,-0.0023649295060160723,-0.0023954855122070313,0.029906209512257444,0.029070541269455165,-1.2553276613446127,-1.308099262923033,-0.08435020055403483,-0.08284931300571986
162,sp500,19,hrp,-0.0007644828793928772,-0.0008861279199218749,0.010971101053946001,0.010770223042803242,-1.1061596664699322,-1.3060866594424916,-0.026525478220080285,-0.025990127075195314
162,sp500,19,schur,-0.0006204895620312132,-0.0007049774995117187,0.010842193644506793,0.010625712398898873,-0.9084846440154065,-1.0532160519218197,-0.026489375742067327,-0.02595491500418527
163,sp500,35,hrp,0.000371900572895488,0.0003879943168945312,0.008044752677042372,0.007763770070647721,0.7338620349126691,0.7933283417217483,-0.01995977038242026,-0.019261767778669083
163,sp500,35,schur,0.00035946096313517223,0.00038194027783203146,0.008261306896543254,0.007948838733470846,0.6907219352105398,0.7627672605061621,-0.0206217765541796,-0.019666547528948104
164,sp500,28,hrp,0.000696840563152896,0.0008086138803710939,0.006631123173355064,0.0060732961953227135,1.668194167443232,2.113571772558511,-0.014748385220302649,-0.013006346121651786
164,sp500,28,schur,0.0008036653598670419,0.0009428218305664063,0.006214803698237829,0.0056989593457408205,2.0528069262702426,2.626239574267879,-0.013330267199145037,-0.01161273987688337
165,sp500,37,hrp,0.000429569503506472,0.0004514824604492188,0.007406576968354445,0.006812483353365478,0.9206958209858092,1.0520483497983861,-0.01695044823533897,-0.015161585562569756
165,sp500,37,schur,0.0004707009221523302,0.0004951198032226562,0.007585676303571302,0.006928973065718359,0.985033527980252,1.134335945098301,-0.017234043405510876,-0.01518437140764509
166,reit,22,hrp,0.00037943026411643536,0.0003850084008152373,0.012835221905309007,0.011754860370480583,0.46927655453860634,0.5199397266100318,-0.023294310114741253,-0.02210411161544578
166,reit,22,schur,0.0004013760334503428,0.00042803665252375754,0.013050904491507502,0.01201681137342782,0.4882149742596815,0.5654471054289613,-0.02395826105945501,-0.02289935473330822
167,reit,25,hrp,-6.170084327290591e-05,0.00010875947372873774,0.005476356459121485,0.005105430364564998,-0.17885441336950814,0.3381699480682509,-0.013099806399148869,-0.011496292307342807
167,reit,25,schur,-0.00012656349511458944,5.643946686812469e-05,0.005734789305762267,0.005550459093182055,-0.35034124039662484,0.1614188566623812,-0.013976668500973158,-0.012834209832876803
168,sp500,31,hrp,-0.0008857857673002321,-0.0008777627680664062,0.03195222927764474,0.03153477919942032,-0.440076121411024,-0.4418629944537049,-0.08540310164182156,-0.08469076580810546
168,sp500,31,schur,-0.001003023820709186,-0.0010112638779296867,0.03266568265019669,0.03239199969271313,-0.4874384442697752,-0.4955951017991558,-0.08778247450329994,-0.08749034561593193
169,sp500,25,hrp,8.819688323943562e-05,4.997499609374984e-05,0.01203406253306321,0.011033539256938604,0.11634326420762753,0.07190154039774883,-0.02262732112631285,-0.020934498160226002
169,sp500,25,schur,0.00044885008253529315,0.00040832839062500013,0.012512216899690292,0.011639658111424232,0.5694653651833336,0.5568902614660036,-0.022856474193363445,-0.021716258745465962
170,sp500,37,hrp,0.000570349743701938,0.0005221368793945313,0.004339279767925818,0.004316996935639336,2.0865263309160564,1.9200073854238218,-0.009571974639016148,-0.009721791564941407
170,sp500,37,schur,0.0006607309317383579,0.0006254460903320312,0.004345712092681685,0.00430908229734856,2.413592559688794,2.304121433718359,-0.009269427163055366,-0.00929834987967355
171,sp500,18,hrp,0.0008488797867810867,0.0006627028583984375,0.012486779376286767,0.011836419158991278,1.0791853084602996,0.888789218885693,-0.02942146404757435,-0.02736114683314732
171,sp500,18,schur,0.0006410751368830729,0.000501188978027344,0.011742712385408827,0.01165326845622511,0.8666440911932038,0.6827379292023164,-0.027157177515718604,-0.026126406005859377
172,sp500,37,hrp,-0.00016056782326440532,-0.0004091927211914061,0.012467548056355495,0.011621746853664657,-0.2044455864118506,-0.5589291483640618,-0.022438098130105673,-0.020442104649135043
172,sp500,37,schur,-2.3839057868728455e-05,-0.00025272233691406244,0.012733745866735677,0.011942547683829532,-0.029718930754930317,-0.33592854988439774,-0.023047249462442288,-0.0211040008719308
173,reit,19,hrp,0.0011402981342970224,0.0009402714107918022,0.01682394118411403,0.015004275037916869,1.0759471579713786,0.9948062048605376,-0.033689897755840845,-0.03024872460880496
173,reit,19,schur,0.0013716078878874404,0.0011450719271693063,0.01975278030142151,0.02029624820308945,1.1023055931170074,0.895606573862344,-0.03982689604579849,-0.04088616948124711
174,sp500,22,hrp,0.0005717848240189002,0.0004917381166992188,0.007684225927023715,0.007645411548198198,1.181225379494368,1.0210177114120191,-0.02189243102630925,-0.02167921971784319
174,sp500,22,schur,0.0008056226061725862,0.0008321770161132815,0.014953104962972186,0.018356100933873333,0.8552646711632758,0.7196735644517763,-0.027219409908221637,-0.030543718924386152
175,reit,14,hrp,-5.069146213166793e-05,0.00020954612282555188,0.013321358113266473,0.012452205150469804,-0.06040690502618215,0.2671367468628424,-0.02859954503566702,-0.026153300134203028
175,reit,14,schur,-2.402185680501351e-07,0.0002652392402388501,0.013293770903915298,0.012496753289674206,-0.00028685250977516906,0.33693090581578183,-0.028381528334822024,-0.02577021196625447
176,reit,13,hrp,0.00018306631672509237,0.00026355380928139534,0.00955782416224706,0.009577841263391961,0.3040532694043459,0.4368194151060965,-0.022587072135226757,-0.022959242108038822
176,reit,13,schur,9.044249345304227e-05,0.00014962290816824175,0.009693610903970296,0.009702548253584246,0.14811096587216835,0.24480064109252012,-0.02315439794450545,-0.02359557069149773
177,reit,15,hrp,0.0009953090370966853,0.0011035309691023827,0.009102354814669733,0.009180256600937594,1.7358190776538331,1.9082267317047434,-0.02136096085818333,-0.02122515846764673
177,reit,15,schur,0.0009965724862620532,0.0010938236454249035,0.009128485980011368,0.009432432133070432,1.7330472771972922,1.8408732571591853,-0.021238036744544418,-0.021811076221380128
178,reit,17,hrp,0.00025130660902574576,0.00023756863850992954,0.009016369627637999,0.008447526216638775,0.4424584291249235,0.4464366400431758,-0.016728469398752898,-0.015810695384977917
178,reit,17,schur,0.000244200020374153,0.00022498761737855863,0.009171735183367101,0.00874272359493857,0.42266322205111256,0.4085188858061817,-0.01687562555685707,-0.01607595115520121
179,reit,20,hrp,0.0022218712661209367,0.0018770367959870084,0.015372190410351396,0.013254415198286672,2.2944754098535127,2.248083747010305,-0.029851643562149817,-0.02417117700744171
179,reit,20,schur,0.003841889999133251,0.004764311622940501,0.02620229743492675,0.03222553797885073,2.3275864707856266,2.346930635756227,-0.0511281604105082,-0.0619085107189729
180,reit,25,hrp,0.0007437640968543613,0.0006938061354276659,0.009992981557547218,0.00916509902330368,1.1815181423340075,1.2017143433573447,-0.021029826254761606,-0.019332488351903664
180,reit,25,schur,0.0009601822272925053,0.0008568080253210146,0.010926035504044022,0.011081834928361343,1.395054987207277,1.2273604349702805,-0.022434534344655255,-0.021600773670310807
181,sp500,12,hrp,0.0002563481847692082,9.762090869140629e-05,0.011720974202339803,0.011191645109284687,0.3471896794074172,0.13846792565464733,-0.028641402172819058,-0.027157867109026228
181,sp500,12,schur,5.2452541447110575e-05,-0.00020098454492187477,0.01109715512677988,0.010897071148872653,0.07503349032264925,-0.2927879148255993,-0.027324637214578108,-0.026275978986467635
182,sp500,31,hrp,9.491574094227042e-05,8.97247280273438e-05,0.010438963802579101,0.009631583534515238,0.14433814550250776,0.14788179905987178,-0.02096352606525473,-0.019369310346330916
182,sp500,31,schur,1.920521227705028e-05,4.315550781249879e-06,0.010357021662688442,0.009609607675548365,0.029436386569122935,0.007129036599388206,-0.02084761594941892,-0.019534891697474886
183,reit,18,hrp,-0.00033511798505835716,-0.00041584118601489274,0.01863679324058704,0.01711586327188451,-0.28544787836092694,-0.3856816377707906,-0.037618129110976346,-0.035400828031282174
183,reit,18,schur,-0.0004994091379365954,-0.0006349047323886587,0.01931645764451946,0.018177187964978577,-0.4104207114273684,-0.5544752130048362,-0.0386777382484913,-0.03699245035385863
184,reit,14,hrp,0.00043826109996402275,0.0004304349641314528,0.011728237163130673,0.011666682893658282,0.5931990615590028,0.5856800331641142,-0.02828325026956178,-0.027086536546801928
184,reit,14,schur,0.0004001914245349212,0.00039773093983016617,0.011723131387424274,0.011637035842097928,0.5419065697459736,0.542559378411387,-0.02906542859534231,-0.028316578126175905
185,reit,20,hrp,0.0008323421352975048,0.0007324926730267721,0.014745746257419166,0.011157997313187031,0.8960564995249429,1.0421189729354279,-0.0254249357843001,-0.020633164053582065
185,reit,20,schur,0.0005757989672012343,0.00044886055277214786,0.011648382546721237,0.00935928063237312,0.7847033867261404,0.7613235093353334,-0.022364612271456696,-0.018573431114492164
186,reit,15,hrp,0.0013096910726279666,0.0014094903546203086,0.009990448616774594,0.00875082300686757,2.0810578215738276,2.5568984430901844,-0.021825097204413425,-0.018248080758880847
186,reit,15,schur,0.0013584013730780157,0.001480557516253665,0.010079820148459408,0.009016590718779067,2.1393192502481724,2.606652854882001,-0.02174717857537633,-0.018313882337387028
187,sp500,25,hrp,0.0003838443890526596,0.0003300361801757812,0.007018883081604509,0.0066165504671703195,0.8681353860210241,0.7918267931890426,-0.015221023676943802,-0.014523509373256138
187,sp500,25,schur,0.0005168702631335478,0.000500731556640625,0.007238586673398989,0.006761526254668421,1.1335170010698363,1.1756024801873504,-0.015599841901795706,-0.014300449550083704
188,reit,22,hrp,0.0008321606855455108,0.001145051373314648,0.00813457607519699,0.008085202860343541,1.6239495736070992,2.2481967796079383,-0.016797093709867945,-0.01658205191142828
188,reit,22,schur,0.000890807371688525,0.0012021882531804055,0.008107796087175888,0.008215761017821881,1.7441396499441502,2.3228702539658994,-0.01671961764018126,-0.016843059588239097
189,sp500,25,hrp,0.00027301425525863565,0.0002244103999023438,0.006623584903728251,0.006480823052191082,0.6543234525913099,0.5496839876448298,-0.01507659295034437,-0.014598027143205914
189,sp500,25,schur,0.00040937726379185977,0.000423169718261718,0.012428114784102792,0.017808895434408903,0.5229001105378218,0.37720537166967805,-0.02580606480466036,-0.03627650409807478
190,sp500,30,hrp,0.0017856421633664127,0.0019263930585937496,0.008383510873500427,0.00806176521478428,3.3811837303764127,3.7932811174306975,-0.015849503428514048,-0.013952721296037947
190,sp500,30,schur,0.0014670535884628603,0.0015830501806640626,0.007991809855314988,0.0077671541116297585,2.914077555908999,3.2354376113395933,-0.015331870714832154,-0.013916676696777344
191,reit,12,hrp,-0.005225732764202128,-0.005393357953869714,0.04248789996975088,0.04056720998204194,-1.9524602517899452,-2.1104952325498596,-0.08991817316584264,-0.08206561437431446
191,reit,12,schur,-0.005103763644577752,-0.005148369785852871,0.04285867004540956,0.040715646513937255,-1.8903931465486532,-2.0072832844891053,-0.09242060540318824,-0.08375115613594461
192,sp500,12,hrp,-0.0014971560297874916,-0.0015014677680664057,0.03415503264238467,0.03491632167461392,-0.6958451898118789,-0.6826338157099435,-0.09306843870334089,-0.09594079084995817
192,sp500,12,schur,-0.001457843840317682,-0.001437017328613281,0.033402468065018155,0.03384546847146055,-0.6928396268814783,-0.6740028700280043,-0.09111188404681628,-0.09295675646100728
193,sp500,22,hrp,0.0013420776198934167,0.000982942720703125,0.010693505572601871,0.011085447133572216,1.9923140816316023,1.4075870611257815,-0.02334669771671505,-0.023769702139718192
193,sp500,22,schur,0.001230136847505713,0.0009696214174804686,0.010792486133618058,0.01135331815181414,1.809390053477524,1.3557501528090288,-0.022859395988764554,-0.023971670636858258
194,reit,22,hrp,-0.0003703486215601405,-0.0003447401964292568,0.016671157990279944,0.016720296489657602,-0.3526510941645459,-0.3273016697677167,-0.03449177062044158,-0.034717746884068
194,reit,22,schur,-0.0002698456163361988,0.00012041078155529648,0.016870563172784653,0.017828417655192122,-0.25391365512619823,0.10721433253167907,-0.03438006318661716,-0.03485321223117924
195,sp500,21,hrp,0.0004744369342555533,0.0004429123422851561,0.009786205676508774,0.009629076116526957,0.7695988715037323,0.7301858845687275,-0.01912295598544295,-0.01882512907191685
195,sp500,21,schur,0.00046499533458121424,0.00044775614990234374,0.009799997330977094,0.009707490027390379,0.7532218476540161,0.7322086866731443,-0.018998301262843537,-0.018664963012695317
196,sp500,12,hrp,0.0011032539653123617,0.0010439806044921878,0.006994587192162632,0.0067818802421179035,2.5038809682147036,2.4436701514492976,-0.01316064134140291,-0.012354485639299665
196,sp500,12,schur,0.0010887640218234754,0.0010373369746093748,0.0067796692710955465,0.006582405309480896,2.5493268680175007,2.5017016104755507,-0.012799651788993203,-0.012056864065987724
197,reit,18,hrp,0.001537338104924334,0.0016790169625646935,0.0156452407883931,0.015572393873806706,1.5598664264741695,1.7115909214744145,-0.02957524413932047,-0.029993955907682703
197,reit,18,schur,0.0013315086941027897,0.0013707895597672387,0.015818251488343062,0.015216056680296153,1.3362441009535508,1.430108345867664,-0.030644961049870172,-0.030312261445841895
198,sp500,33,hrp,0.0002865774011463072,0.00033081364990234386,0.007235637684573885,0.006775380641816236,0.6287317589885465,0.7750861782247254,-0.0183064995846523,-0.017199904044015064
198,sp500,33,schur,0.00019772266163826848,0.00021326699218750006,0.007414540571325831,0.00694167024415519,0.4233235919806317,0.4877080624755752,-0.01861084612439341,-0.01760647923932757
199,sp500,32,hrp,0.0002685510805446119,0.0003761505136718751,0.00821515983359638,0.00803745092083271,0.5189328420851962,0.7429226438885997,-0.020963113774889377,-0.019944816964285714
199,sp500,32,schur,0.00027510132418889576,0.0004197656337890626,0.007810618823766311,0.007589648914741651,0.559123192851501,0.877981699875567,-0.01976325035511815,-0.01872924661690848
200,reit,25,hrp,0.0009250187805493285,0.0007342397073285649,0.02128520991666034,0.01959664018056162,0.6898789331127485,0.5947802226507662,-0.04063253474246686,-0.03712907217273893
200,reit,25,schur,0.0010138719939169543,0.0009681464541951653,0.021669913669463355,0.02038167118321387,0.742721876443142,0.7540524211573966,-0.04145205462365127,-0.03847730305353743
201,sp500,30,hrp,0.0002361961179318664,0.00018305283837890624,0.008648473422435942,0.008221823189572219,0.433544389740811,0.3534342269116234,-0.02288402174015022,-0.02151336531284877
201,sp500,30,schur,9.004304741779203e-05,-9.637687011718833e-06,0.008250461870373692,0.00806754241644638,0.17324958129677465,-0.01896408229220105,-0.02214545775746834,-0.021485444832938055
202,reit,17,hrp,0.0006021559451628057,0.0005530220800783462,0.017617684680801955,0.01498414266686519,0.542575795938463,0.5858829267491446,-0.03570802044019054,-0.030406924204514702
202,reit,17,schur,0.0005846283720732799,0.0004964823681278181,0.01788588164491275,0.015528330513398338,0.5188834341878984,0.5075505864308743,-0.03610369771957652,-0.03183301358188239
203,reit,13,hrp,0.0006042976772174092,0.0007881263525315856,0.009771547416883032,0.009300472042561599,0.9817204810420369,1.3452132242014763,-0.023280861699616216,-0.02180839088294211
203,reit,13,schur,0.0005358632665334655,0.0006699357807318321,0.010080535663366178,0.009667220517724675,0.843860477653728,1.100099123807412,-0.023774090016682826,-0.022312712814871415
204,sp500,15,hrp,0.0010538723373157675,0.001011671246582031,0.005412572625124281,0.005399270098406382,3.0908970405737954,2.9744359643731584,-0.012221245376437222,-0.012446323521205355
204,sp500,15,schur,0.0009915328120275744,0.0009374535224609377,0.005323976814724991,0.005250444447273157,2.956454539918229,2.8343530659404848,-0.011826208439424177,-0.011925005205426898
205,sp500,15,hrp,0.0008700555035927964,0.0007462292407226564,0.006477525347407059,0.006543144358783329,2.1322499249665494,1.8104478982002672,-0.01461922213775608,-0.015026122262137275
205,sp500,15,schur,0.0008394740545903935,0.0007391865009765625,0.006511917152515152,0.006465031189668895,2.046438425291751,1.81502943763538,-0.01448798892077589,-0.014531713387625557
206,sp500,31,hrp,-0.0011802909731777511,-0.0014712633857421873,0.010989874534132669,0.011387923699971526,-1.7048910140096631,-2.0509078569389008,-0.02611017242995565,-0.02942865499441964
206,sp500,31,schur,-0.0010731403631481671,-0.0012321434731445316,0.010178728601750387,0.010160467349259832,-1.6736446960187188,-1.9250759423360397,-0.02289457895046148,-0.02461539665876116
207,sp500,35,hrp,-5.754563270670452e-05,5.0339671386718776e-05,0.012759055081209928,0.012057842160928797,-0.07159688497811564,0.06627367473835603,-0.030215238133059295,-0.028575091561453683
207,sp500,35,schur,6.518314300468796e-06,8.513124707031272e-05,0.012443627382338457,0.011830242783784188,0.008315503868690488,0.11423405892780653,-0.029381717252320923,-0.02777151163155692
208,reit,24,hrp,0.0014912598272527461,0.0013294978489740632,0.009366534268632492,0.008936960260182533,2.5274039660357417,2.3615550978687048,-0.018292675306753558,-0.017344482791519827
208,reit,24,schur,0.0017265697390798978,0.0019039664114680456,0.010283046137124385,0.010944286426612215,2.6654013353046375,2.7616720358024387,-0.01949153879741943,-0.020304294569275533
209,reit,14,hrp,-0.0010058183356986268,-0.000607564668486293,0.01687520799512237,0.015761036198743483,-0.946173290831127,-0.6119388336912589,-0.035339827720394505,-0.032659186672856534
209,reit,14,schur,-0.0011431489322251778,-0.0007903948790556042,0.016880076711979487,0.015724384862808582,-1.0750500146828457,-0.7979408946417468,-0.03534800571053805,-0.03313411067233949
210,reit,24,hrp,0.000970882083806235,0.0006092908751541021,0.014484614649473558,0.010543161186097074,1.064044550006511,0.917390203927296,-0.0254340506119196,-0.020133093147314207
210,reit,24,schur,0.000683549692137904,0.000473066653528647,0.012336299812244147,0.010298356994688337,0.8796004580028108,0.7292134382833567,-0.024004398777413522,-0.020087551963132142
211,sp500,16,hrp,-0.0015473492810930277,-0.0014434165273437495,0.0370761746572644,0.036274457005643274,-0.6625119382413857,-0.6316711236842898,-0.10070740894323757,-0.09820870698765348
211,sp500,16,schur,-0.0019180753758160107,-0.0019715744711914056,0.041414782523286724,0.04259623258617635,-0.7352085604842886,-0.7347545205735828,-0.11332170365197979,-0.11643774017333984
212,sp500,35,hrp,0.0022181762997353425,0.002247381060058594,0.0170291787954269,0.015772447155088933,2.0677718839054786,2.261923464752884,-0.035811708280139964,-0.03419912208775112
212,sp500,35,schur,0.0021741073229974307,0.0022809649985351555,0.01730140868396396,0.016409244972911012,1.9948019512007833,2.2066339354416646,-0.035984493100090865,-0.03505360468401227
213,sp500,40,hrp,7.116556583790961e-05,2.714875048828133e-05,0.010524975488699392,0.010642478254829998,0.10733690885292693,0.04049555403068089,-0.023603191346453316,-0.023654213596888955
213,sp500,40,schur,0.0001452309507644643,9.607793408203119e-05,0.010383654598637524,0.01046747783753234,0.22202875186699098,0.14570748981218046,-0.02337740406918206,-0.023599784223284043
214,sp500,13,hrp,0.0005731508913494116,0.0006371406923828127,0.011069272920095316,0.010761849709100704,0.8219589849334858,0.9398286731948564,-0.02460701567694188,-0.02440183498709542
214,sp500,13,schur,0.0002900247526041565,0.0003803384291992185,0.011526100494706093,0.01110615866991408,0.3994412697318047,0.5436339931436605,-0.02556626639994599,-0.025045423366001678
215,sp500,25,hrp,0.00048715917970404296,0.00043664646533203127,0.008228148662920284,0.007732125236509843,0.9398726915624345,0.8964608741738948,-0.016696424164910732,-0.015398776872907364
215,sp500,25,schur,0.0004933174570671534,0.00044307886181640634,0.008104253821184378,0.007675789415848397,0.9663038727104375,0.9163433877969617,-0.01650423545446616,-0.015232437072753905
216,sp500,14,hrp,0.00048793435137986724,0.00078993515234375,0.00979796137431551,0.009290532223103649,0.7905438083849893,1.3497431028367688,-0.020268676086889644,-0.018749151768275667
216,sp500,14,schur,0.0005118909696740647,0.000795793849609375,0.009904520217482506,0.00948445507902384,0.8204352201210539,1.3319516641062574,-0.021215158174708076,-0.019997989711216517
217,sp500,40,hrp,0.00108088115024525,0.0010293364453125003,0.005201578446421285,0.004937478913384087,3.298701826558696,3.3094236522163296,-0.009440808684249482,-0.008952250470842634
217,sp500,40,schur,0.001018406178360063,0.0009352380566406249,0.005493551318835996,0.0052078789793228684,2.942849889127819,2.8507659156505487,-0.01043142496051205,-0.009928757202148438
218,reit,24,hrp,0.000919158140361665,0.001226161309570736,0.009297531073370072,0.00886212871305306,1.5693610502058304,2.196391858490056,-0.022001755053094936,-0.019780025835990596
218,reit,24,schur,0.0008147947378770622,0.0010332242454180593,0.009337548322993747,0.00848057527116258,1.3852100175020707,1.9340582315688613,-0.022015549252214276,-0.019659098222424155
219,reit,13,hrp,0.0006140935583347631,0.0006011520946474203,0.012123231506400352,0.011658555465656618,0.8041117599162003,0.81853997122433,-0.029809673697030477,-0.028641545628845893
219,reit,13,schur,0.0006104972168919861,0.000595675845465663,0.012610203295174878,0.012196820002216353,0.7685318503681695,0.7752890419751546,-0.031683638251953014,-0.030744958132348975
220,reit,16,hrp,4.965822947471105e-05,-3.154838567408158e-05,0.007667556050750497,0.00761880690271657,0.10280980656802892,-0.06573405822589691,-0.01762851752482008,-0.0178438046099788
220,reit,16,schur,0.00015958010337642646,0.00015469017559889323,0.0074880269781174985,0.007451966512830381,0.33830748924530235,0.32952783740634545,-0.01723976636923253,-0.01704715392659737
221,reit,20,hrp,-0.00018194856662036402,3.705649023169355e-05,0.018820809210552368,0.01713574845556596,-0.15346544985289384,0.034329025499476126,-0.03635902425267571,-0.03293073079441829
221,reit,20,schur,-0.0002590695228886952,-7.36805759449805e-05,0.018699881101655505,0.01720463673802583,-0.21992659507732218,-0.06798416614361891,-0.0362284115524698,-0.03295770566793436
222,sp500,12,hrp,0.0007534196392656163,0.0006213870029296875,0.007324493346417675,0.0071684498075825255,1.6329001098843883,1.3760594174272238,-0.014864825532867396,-0.013907389674595426
222,sp500,12,schur,0.0007036245801022423,0.000554370208984375,0.00706944767077835,0.007085129749278767,1.5799952771397894,1.2420879440223664,-0.014166238987584633,-0.013896805079868861
223,reit,14,hrp,2.605324513782812e-05,0.00012781699816504256,0.009295919045566342,0.009073560884016459,0.04449075372301487,0.22362024884885645,-0.02318924258730933,-0.02242898918120941
223,reit,14,schur,0.0005292535565952741,0.0009544744930585333,0.009709136605987117,0.01157573312544555,0.8653333543895565,1.308929005543289,-0.023637027600891012,-0.029538658650571734
224,sp500,33,hrp,0.0017525893448212737,0.0015088502416992187,0.008378097681706697,0.007704409016843173,3.3207411035156134,3.1089023153743804,-0.016300205371183336,-0.014944248046875
224,sp500,33,schur,0.0016973300144487323,0.0014798912631835937,0.008538366857167495,0.008141055515685005,3.1556712327959797,2.885687912770541,-0.016926606608049153,-0.0163722786429269
225,reit,23,hrp,0.0004287356544464909,0.00030933458434132574,0.011937338062872276,0.01122494570006108,0.570141138942833,0.43746619571134104,-0.022294990810647012,-0.022153499384522168
225,reit,23,schur,0.00044421174055835755,0.00037921442533251547,0.011772072503529987,0.011149719368772692,0.5990145548050979,0.5399097662357832,-0.02198416461363856,-0.02236656035943988
226,reit,20,hrp,0.0008380969839334291,0.0006769903928984114,0.010369810917599729,0.010506899130566228,1.282991297523718,1.0228412002424416,-0.024639661697375134,-0.024555760565809187
226,reit,20,schur,0.0009498862110344684,0.0008330338020012323,0.010444640785751538,0.010184409904922866,1.4437046173775834,1.298455361310935,-0.025480446095028173,-0.024006559488485645
227,sp500,30,hrp,0.00228550900093993,0.0020474799682617187,0.014064204978539715,0.012522200349628766,2.579692963056312,2.5956090746787286,-0.027290988231633114,-0.025577223920549667
227,sp500,30,schur,0.0016557739827557489,0.001420608154296875,0.012660084247651287,0.011911675130969928,2.076178688865544,1.8932228315904167,-0.027010969963996823,-0.02542916043526786
228,reit,22,hrp,-0.000721511336449999,-0.0006192006886520095,0.017055347062491042,0.01767110278077487,-0.6715569811741153,-0.5562474693754167,-0.03436586222896388,-0.035376690479916206
228,reit,22,schur,-0.0011024240201619024,-0.0011430380386038277,0.01718871105068489,0.017646505141929555,-1.0181356082227813,-1.0282583542438801,-0.0368459558236547,-0.03854819755176881
229,reit,17,hrp,0.00034332918878141007,0.0005417171570795866,0.015477278535872671,0.01445435901954076,0.3521408428128185,0.5949411703273311,-0.030010545792915688,-0.028373313349220584
229,reit,17,schur,0.0003677705075204317,0.00047796982336800113,0.01542853600750444,0.014545031128955421,0.37840115302052924,0.5216582662271767,-0.02924775122345816,-0.02743566104414708
230,reit,18,hrp,0.0004816754478373436,0.00047681876082114697,0.012436595890262863,0.012360641783545488,0.6148274618882095,0.6123681360601095,-0.036042656849889276,-0.03535047520922362
230,reit,18,schur,0.0005092970073180632,0.0004989440749111493,0.012812094390205664,0.012745812731020066,0.6310318284244586,0.6214191130227447,-0.0376681646304971,-0.037171059939598704
231,sp500,34,hrp,0.00018997557978796763,0.0001400328862304688,0.005982071909584588,0.005869992235702386,0.5041345007795218,0.378697801420948,-0.014183319400660227,-0.013966681518554685
231,sp500,34,schur,0.00016395415981021333,0.00015165758154296887,0.005914852299491572,0.005756360013220199,0.4400264736716949,0.4182312200196079,-0.014380754902767532,-0.014061868826729912
232,reit,13,hrp,-0.0008398633415666348,-0.000718087276428803,0.01467165062071886,0.014639065049590321,-0.9087196503686121,-0.7786892181847948,-0.03489882140770737,-0.034457505209637584
232,reit,13,schur,-0.0007440911877745347,-0.0006935832410210642,0.014377080534495554,0.014212995789220544,-0.8215911001747025,-0.774663749913576,-0.033844542288563775,-0.03287885726087517
233,reit,22,hrp,-2.111551789931624e-05,0.00020712067835641895,0.009218439067828346,0.008536438431622042,-0.036361736789622,0.38516517915490234,-0.01763236360456922,-0.015831007899348295
233,reit,22,schur,1.4238388685853914e-05,0.00025140534120605463,0.009132053019709692,0.008455997914242404,0.024750996595227476,0.4719651195638827,-0.017335511315576056,-0.015616829428630784
234,reit,12,hrp,0.0029832220246912913,0.00264865921311931,0.025805789742949305,0.021323477106234882,1.8351378496789263,1.9718248250304466,-0.04870426932174993,-0.039097163684880594
234,reit,12,schur,0.002938457522429545,0.0026007119289095117,0.025757090660269127,0.021301466550911648,1.8110184752661842,1.9381304979640042,-0.048634744541987636,-0.04048165157242613
235,reit,16,hrp,0.0005345004477019664,0.0006212176924684156,0.006325257004490505,0.005881181084694371,1.3414366492316123,1.6767933181811656,-0.01141653935149938,-0.010307571708505773
235,reit,16,schur,0.0005380618525503203,0.0006470849286447223,0.006283405832471188,0.005723490304593011,1.3593690012465514,1.7947361213747886,-0.01144436330868741,-0.010200670564219586
236,sp500,27,hrp,0.001192398686093439,0.0009730909721679678,0.02849641120651377,0.026686380367230096,0.6642500413502488,0.5788473400971186,-0.07174115162728212,-0.06741551622663225
236,sp500,27,schur,0.0010387141990701263,0.0007291925546875,0.028996841677430527,0.02797197685648195,0.5686507829885937,0.41382748902194727,-0.07265727604070628,-0.06998510563441686
237,reit,19,hrp,-0.00032132262487561775,-0.00015436996995892984,0.005652557990094787,0.005461332433235516,-0.9023947291075474,-0.4487086864615631,-0.013367780154505824,-0.01259607831472163
237,reit,19,schur,-0.00045818241105322223,-0.0004213658882996915,0.005743486155656046,0.005599497303627027,-1.2663772648502165,-1.1945672523331872,-0.013868908447372291,-0.013566652376768299
238,sp500,37,hrp,0.0003385431915208669,0.0004228678618164061,0.006487684396409329,0.00603695372128587,0.8283705292267843,1.1119547223259467,-0.01439213260802155,-0.014125834455217635
238,sp500,37,schur,0.0003301506006337319,0.0004202804248046876,0.006136112359659482,0.005926696456806365,0.8541203289086435,1.1257105806369947,-0.014525562927958665,-0.014112759207589285
239,sp500,12,hrp,0.0004345313013865257,0.0004722901596679688,0.007570185609442669,0.0075760228979628134,0.9112023030779902,0.989618689891056,-0.01784175675927125,-0.016966754874093194
239,sp500,12,schur,0.0005064889519113683,0.0005304656538085938,0.007679088247408246,0.007382088517989786,1.0470335269384425,1.1407179924369184,-0.017803358103340952,-0.01642302607073103
240,reit,18,hrp,0.0004983848455844508,0.00042873864469271334,0.007311090991242214,0.007365228675352044,1.082138652247092,0.9240738187227429,-0.015446524293863954,-0.015596711307280743
240,reit,18,schur,0.0005072478512826941,0.00045501870490266734,0.007332296225475759,0.007397287623478662,1.0981975847372192,0.976465750419756,-0.015894414444198163,-0.016347036052126576
241,reit,23,hrp,0.0014990374603782292,0.0014103680614103986,0.009507113983205683,0.007746784452955374,2.503018476355736,2.8900893036748725,-0.0197617187788978,-0.015540113594149118
241,reit,23,schur,0.0017074264157382177,0.0019288984523989554,0.01029973974748143,0.009824545326182668,2.63157659634478,3.1167155974603777,-0.02141107681282467,-0.019471555502125308
242,reit,25,hrp,-0.0006466053021862958,-0.0007322974112438803,0.014268270324378919,0.014601546424917743,-0.7193963054138485,-0.7961390305542039,-0.03555798000173411,-0.03600666264454909
242,reit,25,schur,-0.0006178248707022324,-0.0006802150443552414,0.01409349101173337,0.014680881648815912,-0.695900381377985,-0.7355197957966886,-0.03484498375282046,-0.03585831142041947
243,reit,16,hrp,0.00026173364160314696,4.634192994319362e-05,0.020789940362942648,0.019069424214953737,0.1998511145290906,0.038577742208384364,-0.03825078688191096,-0.036020921417308185
243,reit,16,schur,0.0002810151389419018,9.473125870923954e-05,0.020993840819263008,0.019342525288909597,0.2124897998471064,0.07774642085823488,-0.038246473827287096,-0.03546836580891899
244,reit,20,hrp,0.0007797194672107714,0.0006825740542524006,0.00812976419262314,0.007669417281625169,1.5225119108675071,1.4128227472486274,-0.018805867074652,-0.01765788909312131
244,reit,20,schur,0.0006751360806686594,0.00041419899729471904,0.008089614891195659,0.007763021159214022,1.3248409433088144,0.846990508714595,-0.01885453146431684,-0.018302232187576484
245,sp500,21,hrp,0.0003364961142415387,0.0003527870390625001,0.010331698565414714,0.010226011643009136,0.5170214925179374,0.5476544348143595,-0.018046794299591794,-0.01812173476736886
245,sp500,21,schur,0.0004699615598361977,0.000492477291015625,0.010135878681441956,0.009809722502766613,0.7360396382978555,0.7969475821604455,-0.01758574184630562,-0.01723728250558036
246,sp500,24,hrp,-0.00039074558848554265,-0.00044925333837890654,0.013398004704942096,0.012586032648979914,-0.4629714688696838,-0.56663412951458,-0.02453933843542147,-0.023175890982491627
246,sp500,24,schur,-0.0003648765738712932,-0.00045270755957031267,0.013405550614684776,0.012572975543625086,-0.43207744378924795,-0.5715838458952411,-0.02437114230706675,-0.022748516052246096
247,sp500,31,hrp,-0.0001519109855401216,-0.00022087580029296887,0.011264004381318728,0.011525502301000445,-0.214090127570158,-0.3042205482828304,-0.027419314532475057,-0.027869499415806357
247,sp500,31,schur,-0.0002897291823233862,-0.0005427062954101561,0.0112160711088974,0.011787103002317622,-0.4100641070531481,-0.7309001502686975,-0.027250455776452485,-0.027864778747558595
248,sp500,28,hrp,0.00032840398380408,0.00018295539306640625,0.01187453635994965,0.011467509428998483,0.43902780422097937,0.2532657020613709,-0.026516702570336788,-0.025640297607421873
248,sp500,28,schur,0.00043106640401963597,0.00031254716503906275,0.011520775406904233,0.011078441763133025,0.5939675742176358,0.4478547196538756,-0.02577280130209061,-0.02481537274169922
249,reit,21,hrp,0.0010458831075751255,0.0009994989776280566,0.00995653312104376,0.00978302484637499,1.6675362213612233,1.6218454549547727,-0.021508019583838543,-0.02117585825080855
249,reit,21,schur,0.001001470083818652,0.0008610800939728322,0.01016292719453668,0.00986865495408493,1.5642978070409916,1.3851150728198631,-0.022404665011358172,-0.021238265358018
250,sp500,12,hrp,-1.4195525271181592e-06,1.1978154296875057e-05,0.007708829304549057,0.007648961671286747,-0.0029232321625268813,0.02485923093644674,-0.018381762849451328,-0.018589979936872208
250,sp500,12,schur,-0.0014745315358079426,-0.0016110468984375003,0.03202043532333025,0.03444377339012423,-0.7310163721404779,-0.7425021751449026,-0.0746068164111343,-0.07998360466657368
251,reit,14,hrp,0.0004235957831797227,0.00029713591796728977,0.010867269746201485,0.010958804655227732,0.6187731370711139,0.43041979627841126,-0.02505064144864367,-0.02414572046016366
251,reit,14,schur,0.00046973157796932375,0.00042200841461944194,0.010890904512244427,0.010637809940035676,0.6846775326311217,0.6297514183201887,-0.02534495467657143,-0.023769953837619737
252,reit,19,hrp,-0.00042903887316550314,-0.00038342378570732183,0.010042912909899216,0.009793433670665336,-0.6781678809878454,-0.6215045822592948,-0.025013308575280436,-0.024299686810445604
252,reit,19,schur,-0.0007215833551890645,-0.0007295876188467946,0.010360814583575005,0.01020558662064198,-1.1055868779239018,-1.1348533724829475,-0.026319990414452096,-0.026094749324129123
253,sp500,35,hrp,0.0003791517104293906,0.0003178864096679688,0.004406063614359687,0.004392932334647801,1.366037201585058,1.1487293512560888,-0.009861597304455055,-0.009665892987932478
253,sp500,35,schur,0.00040827223732162556,0.00035321629492187506,0.004396587410091817,0.0043915120817871215,1.4741253245899728,1.2768118925433425,-0.00987538901519518,-0.00965317023577009
254,sp500,33,hrp,0.00022637604812955885,3.4670535644531346e-05,0.007089097445843648,0.00708480425416085,0.5069204344061242,0.07768424801542684,-0.016046342442802407,-0.016106719560895648
254,sp500,33,schur,0.00041630609145997075,0.00028171429833984395,0.007490492432333025,0.0073302665504124806,0.8822723450303246,0.6100836598933844,-0.01715934173640914,-0.01673896405029297
255,reit,18,hrp,0.0017834965426684008,0.0019577291158363965,0.00764996101511936,0.007415282954958197,3.700950872861771,4.1910722002618455,-0.015124648499066529,-0.014359133850879504
255,reit,18,schur,0.0018262818672644488,0.0019538367553675806,0.007765077418361715,0.0077103077481953585,3.7335527137921374,4.022692472940434,-0.01538196697683531,-0.015197156181637828
256,reit,13,hrp,-0.003602980368503884,-0.003143779441748479,0.06262034908724862,0.054969676500455554,-0.9133698715502934,-0.9078814840362047,-0.1219550426846231,-0.10638245877479258
256,reit,13,schur,-0.003671685074921094,-0.003373736671097783,0.0637100812458327,0.05668962621130122,-0.9148661007012162,-0.9447303308164214,-0.12449026468002437,-0.10996633694434596
257,reit,19,hrp,0.0003752589578253678,0.00034087698615576777,0.011949609119873649,0.012094734786932626,0.498514321110629,0.44740579215069953,-0.02576102722388657,-0.02638618948083436
257,reit,19,schur,0.0004206367771279584,0.0005725781577946049,0.011749142402722705,0.011362966367901893,0.5683309980022271,0.7999140519950733,-0.024543417532883856,-0.02300382976382963
258,reit,21,hrp,0.0006031342075630423,0.0008555064412681686,0.009548703399853024,0.009210306966500124,1.0026972586240668,1.4745158637006188,-0.021118228964086373,-0.020282098018106886
258,reit,21,schur,0.0005930709715592482,0.000796478944458613,0.009602861528313938,0.009190883850937182,0.9804067022714233,1.3756795836268825,-0.021281456523505445,-0.02040798790950114
259,sp500,21,hrp,0.0019499468597048086,0.0022158120224609374,0.014354031745329815,0.013582614512818647,2.1564984188845004,2.5897021039502937,-0.03223955914014946,-0.02988942846679687
259,sp500,21,schur,0.0017174109000860536,0.0019161420039062497,0.014448088776278494,0.01343514522689827,1.8869660385806493,2.264047823854288,-0.03238679184541517,-0.030111428030831475
260,reit,20,hrp,0.001876756102326188,0.0017912222511691487,0.013579189886724642,0.012642431064993692,2.19398798884121,2.249153787784347,-0.025050477995990212,-0.024529632541308157
260,reit,20,schur,0.0018621438533872952,0.0017473003076452593,0.013482339940505659,0.012420871631079652,2.1925435331986702,2.233138969832911,-0.024370521070303037,-0.023973799161912356
261,reit,13,hrp,0.00025187674117826855,0.0002589570755034355,0.00666213861854096,0.006686821035114493,0.6001705365401353,0.6147638931188494,-0.014831627469050387,-0.015182620474589138
261,reit,13,schur,0.0002184686490202117,0.00023001569620779012,0.006750539028790531,0.006763235849449842,0.5137489425124876,0.5398874237307864,-0.015096896282560444,-0.015229362690964282
262,reit,25,hrp,-0.0013710015090261432,-0.001387106243331016,0.04194675672564646,0.045785183082756364,-0.5188476044098566,-0.4809335136101385,-0.10515458763717135,-0.11415135648067422
262,reit,25,schur,-0.0014906081912882743,-0.001654713168049215,0.040804940517215,0.042244721033114864,-0.5798972173069212,-0.6217997553403538,-0.10063935731573596,-0.10427124104089734
263,sp500,30,hrp,-0.0009298175793000234,-0.0009550051767578129,0.011625032808177442,0.011296456541130224,-1.2697079415139958,-1.3420347465317588,-0.02730530292900004,-0.026223365836007255
263,sp500,30,schur,-0.0009172014984998596,-0.0008979465493164064,0.01166097979488057,0.011297560884842146,-1.2486191262753652,-1.2617289436203836,-0.027693336660375923,-0.02658352664620536
264,sp500,21,hrp,-3.8293787900070126e-05,-5.0862280273437564e-05,0.007880834750935452,0.007725068150668475,-0.07713586903738623,-0.10451864663915289,-0.015308549187116887,-0.015299164576939172
264,sp500,21,schur,-4.096669283242622e-05,-5.256546875000008e-05,0.007931988315248535,0.007701719362782765,-0.08198777680723998,-0.10834605986873083,-0.015309053676776848,-0.01496841072300502
265,reit,15,hrp,0.0004972337184950481,0.0005103710960354506,0.012322542224546866,0.012003472313462032,0.6405610491607003,0.6749621915406286,-0.03692911431077288,-0.03554415023870992
265,reit,15,schur,0.0006630917545952757,0.0007978548784116012,0.013832619285520608,0.015902309673454275,0.7609733960854295,0.7964599988090567,-0.03268957420487941,-0.033917095167024784
266,sp500,30,hrp,0.001071586541435427,0.000929300404785156,0.012271199027408777,0.011669375602820789,1.386246685718028,1.2641796003578036,-0.022403026345896977,-0.021518700535365514
266,sp500,30,schur,0.0010695978704581585,0.0009671100937500004,0.012852821980915622,0.01252647117039563,1.321059284386806,1.2255963057800492,-0.023054212863493247,-0.022427648097446986
267,sp500,28,hrp,0.00013214861731246575,0.00031893602880859377,0.03057848232213294,0.028597840551672256,0.06860360965464186,0.1770396785396571,-0.08122889573624846,-0.0767632706211635
267,sp500,28,schur,0.00017637801824042857,0.00035499567822265635,0.029945297811408197,0.028086773217554317,0.09350096484760462,0.20064183389201182,-0.07976445852675265,-0.07585749128941129
268,sp500,20,hrp,-0.0007272753029168751,-0.0006799187871093752,0.0076802387660629065,0.007088793892211749,-1.503226379913923,-1.5225969746885746,-0.015490933600918577,-0.014653747968401227
268,sp500,20,schur,-0.0006855969368054092,-0.0006903827158203125,0.007605337131513878,0.007227471372557174,-1.4310363601622822,-1.516365169528155,-0.0158340190806314,-0.015431233956473214
269,reit,17,hrp,0.0009060114320381032,0.0007759132481989073,0.00764550014058827,0.007446567870370441,1.881170013793143,1.6540829515806355,-0.01663562050633948,-0.01661945184854431
269,reit,17,schur,0.0008523170132116769,0.0007008814760036726,0.0076866676125702076,0.007763058701977717,1.7602053077927495,1.4332171031234267,-0.0169417411599875,-0.017187564661386073
270,sp500,26,hrp,-0.0009948019874398476,-0.0009021471250000003,0.012112221911539326,0.011787907538967028,-1.3038063610828312,-1.2149010827502955,-0.03008239607457538,-0.02986319642857143
270,sp500,26,schur,-0.0010134120053987192,-0.0009223523554687499,0.012077066669627923,0.01174699238178258,-1.332063264339765,-1.246437321707693,-0.029823820977459743,-0.029419605974469864
271,reit,20,hrp,0.0005078676908688639,0.00044960383103026194,0.011478585490232448,0.01167298877894825,0.7023643863298521,0.6114320580278108,-0.022201956212379265,-0.022406901373198375
271,reit,20,schur,0.0005847585763896185,0.0005598849380322419,0.011415163230022386,0.011530453251830216,0.8131950839231563,0.7708194690138448,-0.02240731382994652,-0.022502224478311413
272,reit,14,hrp,0.00019120318374664044,0.0002486205786777823,0.0069423845104602975,0.006958826703674387,0.43720661681747464,0.5671544212880504,-0.015976828949890252,-0.015715903155567226
272,reit,14,schur,0.00020938798301254038,0.00026484011986177417,0.0067889199456784835,0.006797635227372885,0.48961119147905946,0.618480754770593,-0.015668687370081796,-0.01539811809021721
273,sp500,38,hrp,-5.8729959714685814e-05,-9.820078906249967e-05,0.012660262944933904,0.012046588234070798,-0.0736405879987251,-0.12940503719129223,-0.03170868401156178,-0.030359432486397882
273,sp500,38,schur,-6.965955381291539e-05,-0.0001041062041015624,0.012714750702566929,0.012072338553161175,-0.0869707287889588,-0.13689433481943336,-0.03173980071682587,-0.030361940455845424
274,reit,14,hrp,0.0009925651236337343,0.0008623245419686639,0.00916355244675109,0.009673170951763326,1.7194732015324532,1.4151489509616515,-0.017457410359735016,-0.019128573338991785
274,reit,14,schur,0.0010154823000502113,0.0008836741001953593,0.009104654045639931,0.009445621312259816,1.7705540133119206,1.4851210937989705,-0.017055783552977842,-0.018639601318227516
275,reit,19,hrp,0.0020486153737284585,0.00228059942665143,0.007014961305292804,0.006719525744859764,4.6359145047482855,5.387789988921697,-0.013888942175375731,-0.013031521864801209
275,reit,19,schur,0.0023155946738042834,0.00273674214879654,0.007189867575839924,0.007172586828483549,5.112601237356865,6.057010644586395,-0.014082105473702507,-0.01316683637938773
276,sp500,19,hrp,-1.017976262363679e-05,-8.578728613281269e-05,0.006794638829024886,0.006542094390999258,-0.023783268826088805,-0.20816436865004698,-0.014611997697144363,-0.014162922258649553
276,sp500,19,schur,-2.5486149238859412e-05,-0.00011289685107421853,0.007082329495332213,0.006844877892247507,-0.057125282979681946,-0.26182818432712823,-0.015179921174718782,-0.014902966421944752
277,sp500,40,hrp,-0.00014746344956748615,-0.00031331960742187484,0.009863951423453329,0.010132335635573173,-0.2373196693363438,-0.4908833216351156,-0.01996801970977343,-0.0210799933820452
277,sp500,40,schur,-0.00021873381217164855,-0.0003714382812500001,0.009897253901754131,0.010037633111905317,-0.3508338430469447,-0.5874293124528593,-0.019940837049733033,-0.020461833600725447
278,sp500,27,hrp,0.0005003135472051187,0.00044760427246093765,0.006069451157589821,0.006205737553411462,1.3085584074329668,1.144988405174135,-0.01339979459210191,-0.01400672159249442
278,sp500,27,schur,0.000434704274197117,0.0003984340317382812,0.0060084207486063015,0.006240608810741817,1.1485075211976616,1.0135139636022157,-0.013779456333022652,-0.014999115931919644
279,reit,18,hrp,0.0015605876263713224,0.001758756280834936,0.018523960904920207,0.016806337776349017,1.337379228890428,1.6612417759723175,-0.03743385790190528,-0.034069982289785715
279,reit,18,schur,0.0014220535898255334,0.0014951942735203286,0.017760889802857758,0.015724012026653984,1.271017451753899,1.5095049034903907,-0.03605541281088598,-0.03145587842022807
280,sp500,35,hrp,-0.0003144177409495826,-0.0003442631171874999,0.009402961579095053,0.009001459633840253,-0.5308143461026786,-0.6071245980323918,-0.01837094440083627,-0.017498112731933593
280,sp500,35,schur,-0.0002986217261041002,-0.0003563319038085937,0.009933183575738132,0.009366835642577202,-0.4772360144125799,-0.6038958967468344,-0.020152874065129646,-0.018540478419712608
281,reit,18,hrp,0.0006478887824722684,0.0005810058931396653,0.006966846946104194,0.006664513954866949,1.4762654689366355,1.3839242716759037,-0.014611505993171504,-0.013945124559220787
281,reit,18,schur,0.0006567981987563563,0.000615975319630405,0.007101332344346674,0.0068451949575509445,1.4682242243016974,1.4284918278605028,-0.015066025229299115,-0.014475984367066099
282,reit,19,hrp,-0.00022319454395701676,-0.0005079095794521332,0.023851987456801584,0.020798432075508674,-0.1485454220616781,-0.3876645405362501,-0.05656928168632642,-0.0486024850588499
282,reit,19,schur,-0.00014909227856958672,-0.00025906525827688713,0.025016880981568696,0.02238199222110135,-0.09460677974661486,-0.18374295906272997,-0.0585205684639547,-0.05256469901249659
283,reit,17,hrp,0.0006555145044342734,0.0007566257376220869,0.010006520718270165,0.009113715332875545,1.0399189138911706,1.3179105101589108,-0.024054181341892515,-0.02184990226505262
283,reit,17,schur,0.0006717461178300863,0.000762222634384345,0.010230901538249692,0.009412372984167678,1.042297102737374,1.2855322696864948,-0.02450025269026158,-0.022638937536413932
284,reit,20,hrp,-0.0008642943175199967,-0.0008784031509269563,0.011558677837670296,0.010434272829583972,-1.1870083356446086,-1.3363861533037513,-0.025041263956343738,-0.021861812463747746
284,reit,20,schur,-0.001038390595007757,-0.0015776375088896353,0.011064130979298417,0.01234579151651745,-1.4898539885035542,-2.0285632566911462,-0.023534219890688296,-0.027973859437619427
285,sp500,27,hrp,0.00019770621794618198,0.0002761347973632812,0.010858464767302463,0.01077632457315118,0.28903615559643075,0.4067717135996515,-0.02911113372799656,-0.02880830660574777
285,sp500,27,schur,0.00017698300351462676,0.0002564260581054689,0.010903519320454394,0.01082597532136617,0.257670757389253,0.37600653573523274,-0.029173095099455433,-0.02889668563406808
286,reit,12,hrp,0.0006454698030470479,0.00042926599544240116,0.008849036653667867,0.008011686759576857,1.1579244009277403,0.8505557725752853,-0.019410082156465593,-0.0169283177974816
286,reit,12,schur,0.0005697921088778388,0.00039601248243401375,0.008186861087067173,0.007525264817633721,1.1048397204241687,0.8353863179479665,-0.01751130417296932,-0.015210444941887228
287,reit,17,hrp,0.0003184296500629761,0.00022884876175115738,0.010114556698139864,0.009771545046626098,0.4997662414355125,0.37177963682275045,-0.024241061855964474,-0.02355060186390875
287,reit,17,schur,0.00034313109655596563,0.00028499432021043624,0.010244375103819665,0.00985677944907896,0.531710059059523,0.4589881108153523,-0.02454980918840888,-0.023552241021152324
288,reit,19,hrp,0.0002016314775103402,6.191770213430209e-05,0.009176661114206454,0.008991332953754613,0.34879793816228616,0.10931783470315969,-0.022159063321999437,-0.02220946810392694
288,reit,19,schur,0.00022693011486330628,0.0001321005882585576,0.009288973743500507,0.00891277274291757,0.38781505826070245,0.23528388840961711,-0.02209680449907671,-0.02160257145731922
289,reit,25,hrp,0.0007010727111319972,0.0009497024145369,0.009601829192834782,0.008678195271323104,1.1590691777853657,1.737234295719497,-0.022118464277831866,-0.02012882380834507
289,reit,25,schur,0.0006726802526574866,0.0009230468826847693,0.009821334422760727,0.008881504367177077,1.08727261517821,1.6498235427745667,-0.022708549491599478,-0.0204576464814377
290,reit,18,hrp,0.0010947203876898693,0.0007811732304644198,0.012945205149372505,0.009588362828921677,1.3424389343663685,1.293311570836062,-0.02428663349945953,-0.019585523936760923
290,reit,18,schur,0.0009846499380958959,0.0007980240473029892,0.011088023087762631,0.009488064809389005,1.4097042425166284,1.3351762736634927,-0.02210728153667033,-0.01945924840184717
291,sp500,32,hrp,0.0006422087735352982,0.0006339665424804687,0.0046821446074964594,0.004404164666483126,2.177367228476165,2.2850886893993185,-0.009045185285209008,-0.008412725577218191
291,sp500,32,schur,0.0007267351693559447,0.0007309230522460938,0.0046636771548296315,0.004437038777677013,2.473705357321817,2.6150422216231606,-0.009191641721609302,-0.008822963405064176
292,sp500,24,hrp,-0.0012231983914460917,-0.0014609718535156249,0.011867556654825848,0.012730277563657702,-1.636198001992898,-1.8218148870071393,-0.028166967581751752,-0.029521537466866633
292,sp500,24,schur,-0.001039409460906334,-0.0012244038657226559,0.011360192397860151,0.011956397216864836,-1.4524501950040265,-1.6256409389471815,-0.02689672431301473,-0.027837327523367743
293,sp500,40,hrp,9.425935088087109e-05,0.0001356295092773437,0.010155011619334749,0.010053879078580224,0.14734801525879448,0.21415134348736586,-0.02370980418900431,-0.023225782383510047
293,sp500,40,schur,4.3857856872828866e-07,4.698183740234386e-05,0.010820032960986091,0.010544497510792358,0.0006434563521580716,0.07073011745296572,-0.024732318326656493,-0.023926685259137832
294,sp500,14,hrp,0.0012827265979039042,0.0013085880859374998,0.007510025131070733,0.007006537418807575,2.7113961822318,2.9648299327303382,-0.015569944628468084,-0.014396299865722658
294,sp500,14,schur,0.0013466721261283848,0.0013668465244140629,0.007718350370077592,0.00727583697408339,2.7697313849014833,2.9822020451041005,-0.015832229979102712,-0.01484649529157366
295,sp500,14,hrp,0.002088233487484107,0.0021365731835937497,0.018501873903257315,0.017827948568739663,1.7916930521337215,1.9024649795963262,-0.041529346024774705,-0.040328075343540735
295,sp500,14,schur,0.002356519064378804,0.002430453668457031,0.017839656625939986,0.017880924429833054,2.0969338821454166,2.157732729659091,-0.040654629796212295,-0.04081187414550781
296,reit,15,hrp,0.0008384728000447183,0.0007284211690933792,0.00906614950595622,0.008170106206453727,1.4681362855661413,1.4153215743611705,-0.020615163465731234,-0.017831947434905144
296,reit,15,schur,0.0007406909672196969,0.0006171592901231083,0.008831297270189256,0.008031555857127082,1.3314130671811595,1.219825919180981,-0.01987955819691725,-0.01706847879345434
297,reit,13,hrp,0.0005992797503268681,0.0005730524673716881,0.01093615947802118,0.011054540965882913,0.8698914029051804,0.8229130390144692,-0.023085126524333154,-0.023673094414944185
297,reit,13,schur,0.0006667201044209197,0.0006574988467419472,0.010873741896942523,0.01091804824121466,0.9733405154011041,0.9559831926136081,-0.02294842467836116,-0.023507530000601348
298,sp500,39,hrp,0.0006272559308996409,0.0006907929780273438,0.007621892755359973,0.007367041531142109,1.3064181731371416,1.4885213443394683,-0.01723553519649152,-0.01666247744315011
298,sp500,39,schur,0.000599410153713322,0.0006540714287109373,0.007830312642485055,0.007587542548740954,1.215193011411467,1.368435428671703,-0.017637576515420327,-0.016977752764020648
299,reit,25,hrp,0.0006533912700819021,0.0007689746745970232,0.008663211040729375,0.008448470065222998,1.1972771767858075,1.444888178179399,-0.019926763673703118,-0.019246285061407572
299,reit,25,schur,0.0007892273519911618,0.0009112187648155288,0.008515490024900856,0.008260340680009678,1.471271268114459,1.7511565213127633,-0.019667705054266602,-0.01932047731235993
300,reit,19,hrp,-0.00018846288504859986,-0.00019419267655462495,0.010233000214724074,0.009886220961273983,-0.29236347976630633,-0.31181916564850815,-0.024523392038834472,-0.02305629381265228
300,reit,19,schur,-0.00016477463289674198,-0.00015825265304518333,0.010327023903390391,0.00998412960823417,-0.25328848180952723,-0.251617625593582,-0.024773214581802483,-0.023547996649056182
301,sp500,16,hrp,0.0005907188472058692,0.0004812496166992188,0.006670537554812101,0.00680819763344671,1.405789399990433,1.122117957982974,-0.014170459377188043,-0.01490540389578683
301,sp500,16,schur,0.0008466574719023305,0.0007624237099609372,0.00663128045093531,0.006742484284794125,2.026798715164226,1.7950507068426675,-0.013315123243565676,-0.013833437151227678
302,reit,18,hrp,-0.0011248993187875885,-0.0015799436017122433,0.062168963098830854,0.05420301375884434,-0.2872369458149027,-0.4627201587981299,-0.13297230583104,-0.11470395371275575
302,reit,18,schur,-0.0011093609307039573,-0.0014161942481702489,0.06148922266707176,0.05475664570819516,-0.2864007391421074,-0.4105690997348059,-0.13270393715780995,-0.1182357451868969
303,reit,23,hrp,0.0006137300893502734,0.0004921803859195291,0.009175701041210073,0.009123965878207121,1.0617895120463516,0.8563295295331067,-0.01638041725048716,-0.01669234455935052
303,reit,23,schur,0.0006441292831295562,0.0005374068589479047,0.009247691487013075,0.009117436972490137,1.105706801137391,0.9356872370557386,-0.01636698427181548,-0.016308669092152304
304,reit,19,hrp,0.0006136256098858095,0.0006045701926989994,0.009978580687541035,0.009566330012858393,0.9761913919593266,1.0032326155258848,-0.02486552239645037,-0.023747975044936025
304,reit,19,schur,0.0007534514428850482,0.0007822173456111472,0.009737177177633323,0.009304261333108766,1.2283509521110363,1.3345836882227848,-0.0244382201145533,-0.02317106563777121
305,reit,13,hrp,-1.4936296497966506e-05,-0.00043006039362968105,0.01374464518566039,0.011047683550504825,-0.017250816812574836,-0.6179573365299856,-0.027064854774245438,-0.022050803149837005
305,reit,13,schur,0.0011848369358075706,0.0013571343344192558,0.022011006490440178,0.023096648314418516,0.8545135483028817,0.9327690916103162,-0.03954111779172674,-0.041490644020300387
306,reit,12,hrp,1.541694460380659e-05,0.0003477999114333663,0.00864022320610784,0.008363497956828272,0.02832524143771919,0.660148715104329,-0.020605863973304994,-0.019550137643007108
306,reit,12,schur,-0.0001356881663452105,0.0001863246003938866,0.008793682252946425,0.008408915689158313,-0.2449466335107831,0.3517470556242822,-0.020826922771169258,-0.01968663669241608
307,reit,15,hrp,0.0007860819227210513,0.0008421676811769959,0.01518263925977532,0.014798545985817967,0.8219034551470361,0.9033993942697897,-0.02707274866282943,-0.02596363276261985
307,reit,15,schur,0.0006496473496273616,0.0006393879681036152,0.014951657174589269,0.014500590399443302,0.6897450791985987,0.6999693839861899,-0.026523837140537847,-0.02559670122395269
308,reit,20,hrp,0.0005979639047765117,0.0007745773873287341,0.007973036105333727,0.007551932187584449,1.1905606076260489,1.6281971981277674,-0.017325766254137405,-0.015656935608480114
308,reit,20,schur,0.0005128833848023834,0.0006439314501775646,0.007961395736398787,0.007682829373995121,1.0226562773863201,1.330511765087207,-0.017441339972981744,-0.01619233432746391
309,reit,14,hrp,0.0012225630804621442,0.0015549784210863048,0.00857877376612604,0.00827231852948642,2.262279874378279,2.983990170302345,-0.015861929257979353,-0.016417751507121776
309,reit,14,schur,0.0011685910068316159,0.0014336962282785496,0.008580098927784503,0.008265449277665112,2.162073804355108,2.753537199159631,-0.015736151616355953,-0.016174296037222653
310,sp500,21,hrp,0.0023426872636341774,0.002601499193359375,0.016703118113952888,0.01706463006127467,2.226470958376386,2.420065319968587,-0.034837917448553433,-0.03602924584089007
310,sp500,21,schur,0.0023666973280483954,0.002546685352050782,0.01661471109922163,0.01651258422241061,2.2612584189455287,2.4482767875591933,-0.03386563952437009,-0.03417606604003907
311,reit,13,hrp,0.0003016134297650994,-0.00021503419175048294,0.013448939019035764,0.011027541985521404,0.35601059359680814,-0.3095487619060676,-0.02610901918335292,-0.022266117596137225
311,reit,13,schur,0.0010370272343839765,0.0009519488831140026,0.016975079574792964,0.016193076757091224,0.9697920364586766,0.9332210462582037,-0.03191372201441143,-0.030460178842325856
312,sp500,17,hrp,0.000856379187860955,0.0006772572314453125,0.006412153891206726,0.00634859529221799,2.120129738768776,1.6934652081736925,-0.012783906014308113,-0.012931847542898996
312,sp500,17,schur,0.0009746941845042585,0.0009068955458984376,0.006264625336150365,0.006294920517657912,2.4698668585890453,2.2870059180211766,-0.013368906748022973,-0.014004971958705358
313,reit,13,hrp,0.0013907165406082322,0.0013348562564541775,0.006508477420578835,0.006496586559873861,3.3920284633694298,3.2617415235347686,-0.011617114118868354,-0.011798078341190413
313,reit,13,schur,0.0013906238439384138,0.0013562385742803564,0.006534746835097807,0.006507144941516338,3.3781674649154216,3.308612319167855,-0.01168808495755017,-0.011949624308739842
314,reit,12,hrp,0.0015289981983831963,0.0016982197128188952,0.00585029966860966,0.005722437372315999,4.148863357916632,4.710999952645577,-0.012278990198279677,-0.010857393146711764
314,reit,12,schur,0.001534318443080771,0.0017326672224796732,0.005779299526980411,0.005622952929382103,4.214446764789,4.891600516404808,-0.012059283625304772,-0.010652808402260258
315,reit,13,hrp,0.0007298659432145824,0.0006301635212301752,0.009939094170665796,0.00996049939208042,1.165726217904636,1.0043207053285592,-0.022588614274716815,-0.022900704727324122
315,reit,13,schur,0.000554729190691048,0.0004483688738425388,0.009700454844297811,0.00966656886937583,0.9077979375901403,0.7363145404576518,-0.021821488433039212,-0.022070623623384484
316,sp500,12,hrp,0.0017484516204844059,0.0016389025932617189,0.017945972621981474,0.016213275200809805,1.5466316364140948,1.60465863847649,-0.038133672596344724,-0.03466641115897042
316,sp500,12,schur,0.0015755429058079248,0.00150817218359375,0.017625022490125146,0.01613830423871889,1.4190602177155804,1.483519633672888,-0.036879897848963734,-0.034144998692103794
317,sp500,35,hrp,-0.00027191916356619875,-0.00015831466601562517,0.010917286720826237,0.010545285478862415,-0.3953897164593711,-0.23832142013292082,-0.02331725168069523,-0.02219118194580078
317,sp500,35,schur,-0.00022855786163582776,-7.653736572265634e-05,0.010725645587112295,0.010278767654804915,-0.3382774065201523,-0.11820415199957629,-0.022871064134209345,-0.021575033499581474
318,reit,12,hrp,0.001787113130715913,0.0017410246124043467,0.01004246603289054,0.0098416178462716,2.8249576706318797,2.808268857508776,-0.020589139562468717,-0.019134493455426914
318,reit,12,schur,0.0018324212311532412,0.0018154578347905018,0.010001301790740684,0.009741414433013853,2.908499899023985,2.958451247265166,-0.020253160688797366,-0.019086927782008687
319,sp500,31,hrp,0.0006023687461612754,0.0004778858544921872,0.009840133769367437,0.009016179177067641,0.9717659966341973,0.8413988461616667,-0.02001096433150475,-0.018187408569335935
319,sp500,31,schur,0.0005805530812422546,0.0004599479277343753,0.009905439356909967,0.008957302090925937,0.9303973426081987,0.815139081258029,-0.020460127565227814,-0.018183832676478794
320,sp500,36,hrp,0.0005742002888378795,0.0005137776269531253,0.013360992561882315,0.012317568093409611,0.6822207975808321,0.6621410102051783,-0.02516708278928991,-0.023042810991559713
320,sp500,36,schur,0.0005133785206777126,0.0004996341293945313,0.013323444222408217,0.012111976220874352,0.6116760222725428,0.6548432537144311,-0.025457293465197317,-0.022868428641183037
321,sp500,37,hrp,0.000625106600040713,0.0006051279531249999,0.007451450021892009,0.007137487112373856,1.3317219615676146,1.345867011850745,-0.015827002576490595,-0.015328761509486607
321,sp500,37,schur,0.0005667621526888626,0.0005097544370117187,0.007471895567721021,0.0071747711490079335,1.2041215203940887,1.127854903272753,-0.015486628668451569,-0.014969425789969307
322,sp500,17,hrp,-0.0001783978034499566,-0.00028706288378906253,0.00573775805192627,0.0059977131024849676,-0.4935686218525455,-0.7597865934883283,-0.011956182960627218,-0.011705445556640626
322,sp500,17,schur,7.491215514692477e-05,2.41243564453125e-05,0.005315752067348044,0.005275058580740213,0.22371126062716726,0.07259867929446044,-0.011747873805727076,-0.010929837114606584
323,sp500,14,hrp,0.0006948820342238861,0.0006552061547851562,0.004875902918266865,0.0047561966817147765,2.26233181903043,2.186847171024169,-0.010796524419728734,-0.010376343383789063
323,sp500,14,schur,0.0007969515488684111,0.0007471176274414063,0.004953588241809656,0.004819322188172665,2.5539493825630446,2.460952845825896,-0.010892866856174422,-0.010519025870186941
324,reit,25,hrp,0.0006684889939219381,0.00044062445977831425,0.01850625617325217,0.017612501444307586,0.5734241271308645,0.397143839845323,-0.03364650596903438,-0.03314408465089762
324,reit,25,schur,0.0007256929475433839,0.0005998461306526868,0.01888970175440196,0.017658033888067314,0.6098570826654183,0.5392594770192972,-0.03426748736505546,-0.03309249006846889
325,sp500,37,hrp,0.0006399259049835898,0.0005853756538085936,0.007672722795051062,0.006574194085276812,1.3239770396917563,1.4134889083952258,-0.01631828258181523,-0.01510716443743025
325,sp500,37,schur,0.0008431534493071261,0.0008756686528320313,0.007978163186371935,0.006927981415944563,1.6776601018215604,2.006473182179549,-0.01618182056214925,-0.014649227164132252
326,sp500,22,hrp,0.0010227270899018364,0.0011387078325195315,0.010488323820910505,0.009596553340263927,1.5479393572351523,1.8836373647823927,-0.01856776599084894,-0.01765898828996931
326,sp500,22,schur,0.001040094707982075,0.0011560917910156247,0.010408568279768039,0.009479161816320681,1.5862884481185786,1.9360771117068074,-0.018577674430525846,-0.017614773716517856
327,reit,12,hrp,0.0005547020312450735,0.0005575208145736172,0.009697637921556295,0.009424057401391454,0.9080171717823763,0.9391250689238084,-0.01742341685257694,-0.017282943341390588
327,reit,12,schur,0.0005497275171843619,0.0005503653469382682,0.009857411770732872,0.009606838394060372,0.8852885522975413,0.9094333297789566,-0.017786541398168845,-0.017586406818195125
328,sp500,38,hrp,0.0006111685484044691,0.0005785233266601562,0.006077608533834483,0.005972878748547035,1.5963515707409703,1.5375790278999701,-0.013244559289253544,-0.012992943472726006
328,sp500,38,schur,0.0007412877537556595,0.0007074329736328125,0.006199895166568383,0.0060841591373655465,1.8980285895324707,1.8458015399213725,-0.013391565293662795,-0.013060274152483259
329,reit,18,hrp,-0.0007227412082599613,-0.000640410624446199,0.010094297460344653,0.010181237957175496,-1.1365982665913494,-0.9985233169336195,-0.023960621541500395,-0.02337277693800807
329,reit,18,schur,-0.0006896719065473945,-0.0005764298254495779,0.009911115498178013,0.009723478020252002,-1.104638736954054,-0.9410768224560218,-0.023460980172607337,-0.022453167842102082
330,sp500,17,hrp,0.0002424825339538461,0.0003452042895507812,0.008189850551299336,0.007579995038747634,0.4700074645563852,0.7229487858464345,-0.019480926771022637,-0.017692692714146207
330,sp500,17,schur,0.0003666996780887492,0.00048627133056640637,0.008209999852981643,0.007613015781433819,0.7090349608602662,1.0139632287510267,-0.019713214604766226,-0.017838845563616073
331,sp500,32,hrp,0.0006200719693191637,0.000665942716796875,0.007037525697072818,0.0067172911672416175,1.3986929182763352,1.5737761894124596,-0.016681074654928314,-0.015759482857840405
331,sp500,32,schur,0.0006316471655310031,0.0006666451127929689,0.006770794523989323,0.006459273568097685,1.480932239558702,1.6383673760759272,-0.015888788932016177,-0.014932084150041852
332,reit,17,hrp,0.00037998526453035254,0.0003568746900019114,0.007088785259199944,0.007254914716126255,0.8509326845625491,0.7808789345458887,-0.01430562410273153,-0.014543329622191898
332,reit,17,schur,-0.000427628399960624,-0.0006458083471840784,0.00965959732395918,0.010926532180485947,-0.7027612198935108,-0.9382564859747154,-0.01956531478126674,-0.02206650134531598
333,sp500,24,hrp,-0.00046940558828591846,-0.000392767181640625,0.010380241667095919,0.010295534364871468,-0.7178621599332972,-0.6056009813232074,-0.027365444870980766,-0.02728003499930246
333,sp500,24,schur,-0.0004992732896292269,-0.0004399342631835936,0.010452394506852189,0.010397416818400418,-0.7582681421468117,-0.6716802878617087,-0.028358682407574227,-0.028436763270786834
334,sp500,15,hrp,0.00011927863921969395,7.118048583984381e-05,0.010727248548192262,0.010913120853564324,0.17651214923179168,0.10354097581800666,-0.02166035926313103,-0.02161252894810268
334,sp500,15,schur,8.18286869674922e-05,2.9394632812500057e-05,0.010774718304552133,0.010975323389728427,0.12055908082653241,0.04251586155978879,-0.022433197606713244,-0.022303070425851
335,sp500,13,hrp,0.0007486856748047908,0.0007475153945312499,0.0077184812895801334,0.0074764114398471705,1.5398128450716029,1.5871837854571957,-0.01987873748737043,-0.019008428074428013
335,sp500,13,schur,0.0007651512173045927,0.0007597124311523439,0.007805558985064489,0.007620747525879776,1.5561216104213975,1.5825299189567386,-0.019934559259137362,-0.01924550198800223
336,reit,14,hrp,-0.00010322014783511186,-0.0007203252153179674,0.019497121251377085,0.019427476473642298,-0.08404158889161323,-0.5885894811112622,-0.03549668864565343,-0.03617866192751103
336,reit,14,schur,0.00012561484763619089,-0.00019247749776900248,0.019559205673153442,0.019491185694306277,0.1019506579284459,-0.15676242586561487,-0.03527830432577637,-0.035566773878161914
337,reit,14,hrp,-0.0012132293325138397,-0.001184262274597497,0.038115323170993295,0.03733384434465824,-0.505293330357486,-0.5035533072996764,-0.10237926179467524,-0.10013835405180219
337,reit,14,schur,-0.0012057217935997088,-0.0011843184278330482,0.03814924473782385,0.037325580537666124,-0.5017200269287768,-0.503688674847842,-0.10285412076179544,-0.10081698083628798
338,sp500,32,hrp,-8.490411220787077e-05,5.9054990234375205e-05,0.014741069886899072,0.013915085246088735,-0.09143237278390114,0.06737069090457304,-0.027465528682526857,-0.02628972603934152
338,sp500,32,schur,-0.0001667021677435756,-3.558914892578126e-05,0.01435098106406222,0.013464957525895042,-0.18439957946959867,-0.04195781705912202,-0.027063224329883045,-0.026018563075474326
339,reit,23,hrp,-0.00021870797391120855,-0.0001834169322873425,0.00918667971531111,0.009111646085984592,-0.37792560096644073,-0.31955296627496926,-0.024663374828165333,-0.023631321068861698
339,reit,23,schur,-6.831796288893845e-05,-1.97617234428675e-06,0.009420159321802709,0.009360214570222042,-0.11512693174795323,-0.0033515004586025595,-0.024922643689806828,-0.024239653063306166
340,sp500,25,hrp,0.00024752715057509183,0.00044769556884765633,0.006599995913246339,0.006627419861933093,0.5953597169753474,1.0723550005093543,-0.01574802098479005,-0.015579003627232144
340,sp500,25,schur,0.0002276320295960652,0.00042663657275390625,0.00673917141004056,0.0066916616442392815,0.5362004057473219,1.0121022236832524,-0.016147796618366236,-0.015770928989955357
341,sp500,15,hrp,-0.0003553166308649109,-0.0002945850947265626,0.00889131004181679,0.008730148376867681,-0.634380830855698,-0.5356602432953376,-0.01940092121062967,-0.018985522713797432
341,sp500,15,schur,-0.0004059616977659313,-0.0003355893203125,0.008917224220897657,0.008725844591913206,-0.7226959875624374,-0.6105214514264433,-0.019490239528191202,-0.018912732264927457
342,reit,20,hrp,0.0016761020492700813,0.0015434474895816017,0.008846298028110674,0.00879538996322581,3.0077321701639272,2.78571722426882,-0.016558308390739136,-0.01693476075113912
342,reit,20,schur,0.0016821209468782102,0.0015644143268511398,0.00893763008989151,0.008935868321321736,2.9876871088717825,2.7791711610869463,-0.01663535142817135,-0.016978581777200834
343,reit,21,hrp,0.0019559281471565,0.002271474441150703,0.006183247214351478,0.0066847624932809616,5.021535720916708,5.394139121709786,-0.012459266020739334,-0.013264913742165877
343,reit,21,schur,0.0018332334549245842,0.0019578910465280703,0.005888508109892424,0.005904586735321359,4.942114090364526,5.2637988419604484,-0.01183145221945904,-0.011799282620602255
344,sp500,36,hrp,0.0004092170916339679,0.00047086652294921894,0.0068144843595910306,0.006276159771392226,0.9532812165106384,1.1909789735830474,-0.016762083723024904,-0.015143414716448101
344,sp500,36,schur,0.00043791412572423215,0.00048584615625000004,0.00666930289089998,0.0061315809866099615,1.042338509336088,1.2578433924443548,-0.016584460580372645,-0.01459411510358538
345,reit,12,hrp,-0.0006178518651127692,-0.000714428755378879,0.010671226226927753,0.010283402244688612,-0.9191159557882057,-1.1028650467400731,-0.027121466698641693,-0.026244713762791087
345,reit,12,schur,-0.0005985108543269239,-0.0006599157449270093,0.010750763729669086,0.010340020833540665,-0.8837572384658416,-1.013135065455147,-0.027322371485034153,-0.026400638072292214
346,reit,24,hrp,-0.002673301378689699,-0.002538960343971411,0.03781247969618219,0.03870398820126921,-1.1223105203946477,-1.0413589871727607,-0.10531876220800829,-0.10794441766524125
346,reit,24,schur,-0.0023218840947406196,-0.002180472691134749,0.03635398290604228,0.03624680479585824,-1.013885257691363,-0.9549512317791103,-0.1004313092683824,-0.10050375000389909
347,sp500,15,hrp,0.00036270439047429037,0.0002691176977539064,0.007066364004220702,0.007394853129469696,0.8148113649846436,0.5777141121239356,-0.01497332726747877,-0.016315823608398436
347,sp500,15,schur,0.00030504868614210845,0.00021330145703125005,0.007166337757672866,0.007433846667704893,0.6757283750140457,0.45549172708453317,-0.014910498040776737,-0.016065367379324774
348,sp500,25,hrp,0.001399193923482542,0.0012694258911132815,0.007031711222232796,0.006895592085390654,3.158763811957623,2.92237577929933,-0.015316482508837383,-0.015232817801339286
348,sp500,25,schur,0.0014658231817473502,0.0013591775039062503,0.006869169082219339,0.006604444432346647,3.387487096454401,3.2669324723064435,-0.015023132784486474,-0.014312601885114396
349,reit,20,hrp,5.329765819505783e-06,-8.493759662675632e-05,0.015796671433870042,0.01547979747173985,0.005356027678485426,-0.08710337123370313,-0.029045048757236284,-0.030539629400644124
349,reit,20,schur,-0.00011326605662129993,-0.00021458456856491122,0.016017077558024537,0.016152200948416063,-0.11225786354069973,-0.21089537163188313,-0.029167368437454138,-0.03164990384742783
350,reit,20,hrp,0.00013183462706976926,0.0002416536523291421,0.007690058942354044,0.007476954706866383,0.2721448353217277,0.5130608590309333,-0.015852019190038688,-0.015264228199905439
350,reit,20,schur,0.0002281812946945522,0.0003515940977426042,0.007531622102631085,0.007285311835710353,0.48094098565112114,0.7661145323982126,-0.015452711677988092,-0.014699063875628254
351,sp500,29,hrp,0.0008901627253597777,0.0006247592514648436,0.009878494767354713,0.009862476949467732,1.4304704834978388,1.0056039373062673,-0.02029886323009724,-0.022088625017438617
351,sp500,29,schur,0.0005360349238013775,0.00032966274023437503,0.00940146807615814,0.009629186819610943,0.9051023250424833,0.5434761897492091,-0.019710675832243386,-0.02199359717668806
352,reit,19,hrp,0.00012130733768530029,-0.00011764940055840373,0.007898233703163502,0.007320626057368237,0.24381328265388322,-0.2551183901492122,-0.016626245535796173,-0.014964487776018475
352,reit,19,schur,4.3889224280682065e-05,-0.00021863340248372422,0.007519651840291894,0.007226691280406991,0.09265320401672876,-0.48026095662792617,-0.015306491653037302,-0.01401850522120548
353,reit,15,hrp,0.0028937647320605446,0.0031641145643176885,0.02260764095055576,0.020170870162939395,2.031927661229098,2.490163346234785,-0.045104887833230724,-0.03987525674015282
353,reit,15,schur,0.0027212996148975933,0.002826958893508716,0.021475277010364807,0.019488899509136008,2.011582533842966,2.302673948927752,-0.0427354881484309,-0.03822297679537607
354,sp500,34,hrp,0.000705410400066245,0.0007579858173828123,0.006358872734320706,0.006118959964548949,1.7610107031147297,1.9664537585417292,-0.015498366701006818,-0.01467514115687779
354,sp500,34,schur,0.000733508109458128,0.0007840961333007811,0.006397047353306163,0.006163708339267118,1.8202273034033647,2.0194239491817525,-0.015727852943622857,-0.015220239815848215
355,sp500,24,hrp,0.0008378146829173635,0.0007958004809570313,0.009509974527743518,0.008914236865240927,1.3985206517374773,1.4171646082556673,-0.0168982536712239,-0.015696152500697547
355,sp500,24,schur,0.0006713592846424994,0.0006259696674804689,0.009321050246456547,0.008723555399140843,1.1433795509557716,1.1390952376501626,-0.016754135485478865,-0.015655550938197545
356,reit,15,hrp,0.001248637394280272,0.0016622766713130903,0.009056292562593184,0.00900863789952226,2.188699625235177,2.9291691362432863,-0.020254716449033445,-0.018507263837427117
356,reit,15,schur,0.0010696341859891118,0.0014384033499894849,0.009414106450704856,0.009149964870694718,1.8036673356683648,2.495522727915412,-0.021663229702735026,-0.02031235324424599
357,sp500,22,hrp,-0.0003117928258918778,-0.0003353676132812499,0.00911927303423787,0.009140893948747167,-0.542757920365027,-0.5824152260178542,-0.019935373156716375,-0.02120080010114397
357,sp500,22,schur,-0.0003884415541924672,-0.0004016549257812498,0.00904747429466302,0.008881026336322631,-0.6815513707839491,-0.7179434039971441,-0.019558688468532256,-0.020569948939732147
358,sp500,38,hrp,0.0004025270879129575,0.0003732618793945313,0.004312315062414311,0.004433128570907476,1.4817839909709256,1.33660654003052,-0.00962084555757543,-0.010294928379603793
358,sp500,38,schur,0.00044869239098913467,0.0004377751918945313,0.004508299165944342,0.004588131725985671,1.579924186076783,1.514661335479878,-0.010224034174221481,-0.010550368565150669
359,reit,23,hrp,0.00031823741121971087,0.0002747416447716244,0.009646484704053585,0.009036671278113828,0.5236998184077611,0.48263218467560887,-0.023908958637347277,-0.021851119066722786
359,reit,23,schur,0.00031252155697402507,0.00026297329792142424,0.009713174604017636,0.00913544732193459,0.5107625587774142,0.4569641244036517,-0.02410582835760632,-0.022298113877657476
360,sp500,35,hrp,0.0008386708672549814,0.0006950399462890627,0.013910689407453833,0.012870804276771446,0.957068833153261,0.8572437943704757,-0.023127449375407175,-0.021623398925781252
360,sp500,35,schur,0.0008009634589674659,0.0006819461113281249,0.01414680594729874,0.013276255504466051,0.8987824373526422,0.8154075450784344,-0.023500933837575993,-0.022041198364257813
361,reit,16,hrp,0.0015212875451843149,0.0015039566836081428,0.006520986118891103,0.006195884879821163,3.703380234640412,3.85329499623187,-0.012830298334591053,-0.011841287277213683
361,reit,16,schur,0.0015150870339455261,0.0014947277102204915,0.006578312654661165,0.006340729173551745,3.656144409856855,3.742166893513828,-0.01297341532069385,-0.012389063263836356
362,sp500,22,hrp,0.0010087353140430194,0.0010342969047851562,0.005173721712393541,0.005158221887602625,3.095098184256721,3.18306476707679,-0.011831426566765219,-0.011837235953194756
362,sp500,22,schur,0.0010299519358966112,0.0010788364985351564,0.005378844043471386,0.005311161581410529,3.0396828716825786,3.2245297417583068,-0.01192037830879862,-0.011529976143973214
363,sp500,37,hrp,-3.0517774655565e-05,3.3100346679686353e-06,0.011619337243200212,0.0113573797654821,-0.04169382845978743,0.004626522354599907,-0.026440355757887963,-0.025866098362513957
363,sp500,37,schur,-0.0001102239987765412,-9.61965668945313e-05,0.011920028217178422,0.01158183559536818,-0.14679090550484253,-0.1318507023616724,-0.02695465212341239,-0.026002571271623885
364,reit,13,hrp,-0.00026029246177873495,-1.5418268867749246e-05,0.010714840608444635,0.009921585849276255,-0.3856347362564929,-0.0246691843567546,-0.025087912285943006,-0.023564881498347037
364,reit,13,schur,-0.00031507185267909204,-0.00010978838540833039,0.010803452795488892,0.010052875843872088,-0.4629640818091069,-0.17336696631590312,-0.025039662531604296,-0.023572590775050393
365,sp500,28,hrp,-4.571018684601125e-05,3.8372678710937235e-05,0.011228749474025655,0.010085620008704017,-0.06462222016258978,0.060397614576538985,-0.02014754011708542,-0.018320849722726008
365,sp500,28,schur,-0.00023505430968436957,-0.00017338753808593735,0.01145930580583958,0.010262552349707861,-0.32561933081595035,-0.26820246498982636,-0.02200484767154224,-0.019159988586425782
366,sp500,14,hrp,0.0015734626558746496,0.0013601369145507809,0.00821884766286887,0.007990304155179172,3.0391055209594144,2.7022130484739093,-0.017796354984708423,-0.01656431578717913
366,sp500,14,schur,0.0013957725731867773,0.00118594084765625,0.008088195359610877,0.008017772907698843,2.7394494949250907,2.348061928408086,-0.017058292549413566,-0.015937254568917415
367,reit,13,hrp,-0.00032668008756889277,-0.0002774747524823411,0.009357554574350233,0.008866280215446585,-0.5541923991679906,-0.49680080416711675,-0.02231743915189683,-0.021206191749183236
367,reit,13,schur,-0.00034621462837491066,-0.0002860050262387341,0.009524640043682824,0.009118688914769977,-0.577028298853262,-0.49789932316905766,-0.022451574082147797,-0.021437393251162125
368,reit,21,hrp,0.001161279070130704,0.0010755580060561134,0.008386643032068467,0.008396815736817779,2.198106401258665,2.0333843879685456,-0.018643746601802496,-0.018676141762157542
368,reit,21,schur,0.00139727513907502,0.0014275402637495306,0.00850373965885445,0.008565852285226517,2.6083883181510985,2.6455626821350924,-0.018945906383297444,-0.019179350373345432
369,reit,15,hrp,-0.00035556540026569246,-0.00045040868492059524,0.016625875455810183,0.01561871255220074,-0.33949645289568403,-0.4577852488138526,-0.036605053044482375,-0.03388284030495476
369,reit,15,schur,-0.00021447725508585663,-0.00018216963208573988,0.016581991693124576,0.01547539689531461,-0.20532641289606635,-0.1868677926081205,-0.03644306417125609,-0.03323586684162306
370,sp500,22,hrp,5.7194652681232386e-05,2.3583040527343875e-05,0.009527449823043961,0.008504232310306904,0.0952969557192007,0.04402151172551238,-0.018763489622906554,-0.016921373229980472
370,sp500,22,schur,8.396757529854209e-05,3.4614829101562644e-05,0.009456867155797933,0.008549634797847554,0.14094984233557487,0.06427097646378492,-0.018753802465097693,-0.01719115540422712
371,reit,12,hrp,0.002018111529101542,0.002197826887465177,0.00924411741898753,0.009977966203193729,3.46561233397646,3.496646461165269,-0.01652385651005953,-0.01777178314558215
371,reit,12,schur,0.0019163872227983864,0.002037567825952895,0.009168597478441983,0.009252486439984064,3.3180324596960187,3.495858836561895,-0.01743278064128679,-0.017358151560337202
372,reit,14,hrp,0.0005089358546332172,0.0006245644298757428,0.00959135557913255,0.009471759109551026,0.8423320521490202,1.0467594076722988,-0.01845239759207737,-0.01849454856345
372,reit,14,schur,0.00044829289132026844,0.0005488011847529531,0.009917245408572667,0.009744743091864688,0.7175812170139133,0.8940152287561743,-0.01904144054760882,-0.018973501748388032
373,reit,20,hrp,0.0016404343808510378,0.0014980400599455056,0.008814843036304648,0.008730043237078882,2.9542316721761286,2.7240012529108304,-0.015599563860196708,-0.01592744074614848
373,reit,20,schur,0.0017233425178736354,0.001587096348646703,0.00874481329898911,0.008994843240697813,3.1283931881801985,2.8009797166128796,-0.015939107790164126,-0.017510170762031995
374,sp500,20,hrp,0.0006494764143906058,0.0007854751953124999,0.009543334663055087,0.009494664730543528,1.0803475738087855,1.313267242257513,-0.023847286505847082,-0.02267446968296596
374,sp500,20,schur,0.0005729397808031129,0.0006955727924804685,0.009503681001259373,0.009444643862785826,0.957012031035147,1.1691151012463266,-0.023728510419362463,-0.02274089910016741
375,reit,12,hrp,0.000640644886382306,0.0005891721274770086,0.009799173237400293,0.009365147663671919,1.0378347276912656,0.9986834066237215,-0.025330023604920395,-0.023322712175894995
375,reit,12,schur,0.0005972696035620633,0.0004908038861393006,0.009694219704517762,0.009242915944715118,0.978042721239501,0.8429450400689589,-0.025156114150955304,-0.023149589683207693
376,sp500,26,hrp,-0.000824223461821834,-0.0008818786899414063,0.012114961517715121,0.012013572398413025,-1.0799986289035728,-1.1652978594879653,-0.025628190411370315,-0.025179558968680245
376,sp500,26,schur,-0.0009962774858463899,-0.0010673731337890629,0.011950729462984,0.011856453837253944,-1.3233848891952358,-1.4290970505418494,-0.025570623067014995,-0.02522353325544085
377,reit,22,hrp,0.0015182902452411714,0.0013817614043817009,0.008695294945098235,0.009130355258946527,2.7718565722865374,2.4024018410274737,-0.01394650526956127,-0.015630465338003063
377,reit,22,schur,0.0015467479071397368,0.0014216699482237742,0.008713582561775587,0.009001561035756278,2.817883648330845,2.5071552241704005,-0.014186123021090643,-0.0152278054585419
378,reit,20,hrp,-0.0007686100053198633,-0.0008793648310661584,0.015651050697808373,0.014979694935214607,-0.7795837999133758,-0.9318937393957211,-0.03153553359515631,-0.03223619373680104
378,reit,20,schur,-0.0008118913332916812,-0.0009383033349897189,0.01545898911479106,0.014728476110732261,-0.8337139809911083,-1.011313292724037,-0.031224415497794675,-0.03163203215739886
379,reit,23,hrp,0.0006405819532058882,0.0005198337368903298,0.009520333136924642,0.009230454175012687,1.068126830120321,0.894008527534652,-0.0222239608564735,-0.02085378483777949
379,reit,23,schur,0.0006203268495865638,0.0004946019550614557,0.00962262941401751,0.009265319004963586,1.023356821696614,0.8474141712927017,-0.022455254667804476,-0.021441459462705873
380,reit,24,hrp,0.00040386424772194537,0.0007601090908890773,0.006867690474288633,0.005956350476285599,0.9335228780937143,2.0257971371348797,-0.013505515358169896,-0.010704473625571743
380,reit,24,schur,0.0003067472437565878,0.0006287228332555235,0.007174933461831196,0.006077995126030792,0.6786768908605125,1.642098316194291,-0.014023229658232618,-0.011206226573022091
381,sp500,28,hrp,0.00034114718483120625,0.00027201935888671865,0.005069544392565352,0.005021522986639061,1.068250566488976,0.8599330250894848,-0.011793931840262034,-0.011656433401925221
381,sp500,28,schur,0.00043772501499931714,0.0004038762861328125,0.005036971422334325,0.004955540439396739,1.3795331780343885,1.2937715592616978,-0.011633489017329541,-0.01141685560825893
382,reit,15,hrp,0.0006010591752249359,0.0006762605044574574,0.008998703138186667,0.008981937268636003,1.0603215217515634,1.195210161979608,-0.02128568750511812,-0.021556695462093888
382,reit,15,schur,0.0006078880686780948,0.0006879532520395315,0.009042551362297544,0.008931743135359946,1.067168273806927,1.2227086186540146,-0.02141918979514264,-0.021294897834721455
383,reit,22,hrp,0.0005104457081020176,0.00045220597199195146,0.011878834075281704,0.011487188081431505,0.682143917262947,0.6249177090795127,-0.03264762537328851,-0.03172628226482549
383,reit,22,schur,0.0005370503992524071,0.0004955082430098472,0.011616879911016828,0.01131791996861933,0.7338812876505562,0.694999569119524,-0.030047224481501506,-0.02851549474902495
384,reit,22,hrp,-0.00034425867907420936,-0.00018365531656907427,0.0074542941327341685,0.0071529363631222895,-0.7331260360437685,-0.40758614638465235,-0.019716496875753126,-0.018335371338023754
384,reit,22,schur,-0.0003624798377535274,-0.0002406279745888854,0.007640190304965068,0.007326181923232952,-0.7531473439982017,-0.5213971909939292,-0.020206490793180657,-0.01900902577141857
385,reit,19,hrp,0.0010022441461809306,0.0010282658106566026,0.008799422847668124,0.008351369041627185,1.808088196012343,1.9545554290132505,-0.01880190127701898,-0.017834951513140643
385,reit,19,schur,0.0011374447968924095,0.0012880153122695685,0.008317675622396006,0.008165135660180314,2.1708440188785314,2.504135884277438,-0.017645887047476033,-0.017692675616279206
386,sp500,21,hrp,0.00028008565173486964,0.000271553974609375,0.009802857561374162,0.009518128060971026,0.4535638566499991,0.4529026798621941,-0.02286706815501446,-0.02223649244907924
386,sp500,21,schur,0.0003081704745113901,0.0003169798359375002,0.009593869853088941,0.00934828424967057,0.5099146326489251,0.5382697792114528,-0.0225212972397147,-0.02190508486502511
387,reit,22,hrp,-0.00013587288268480393,2.9969312069422472e-05,0.009812798191476067,0.009245343968213497,-0.21980632872713984,0.05145812658046516,-0.019995129992662754,-0.01810966054360876
387,reit,22,schur,-0.00020052947530511768,-4.8770846694469266e-05,0.009653470875070937,0.00936100504241501,-0.32975773940481956,-0.0827062036601571,-0.01943413531550645,-0.018420607266576933
388,sp500,40,hrp,-3.386926860241657e-05,2.2814924804687358e-05,0.00681841783257751,0.006915003744859589,-0.0788537728340723,0.05237534448947776,-0.018482928410311922,-0.018330953220912386
388,sp500,40,schur,-0.0001061754935799081,-4.221445312499947e-06,0.007022513508933652,0.00704892475511322,-0.2400114582773892,-0.009506892064948544,-0.019297831411167154,-0.0188817131086077
389,sp500,15,hrp,0.00012080224624594104,0.00017301105078125004,0.01201135035482669,0.01167383754845884,0.15965533863042047,0.23526670430337726,-0.025639835091540445,-0.024875734592982705
389,sp500,15,schur,3.745634000183529e-05,9.509797265624991e-05,0.012004008587297927,0.011625559866118672,0.04953353370926436,0.12985469365727464,-0.025617122165862198,-0.024927485290527344
390,sp500,25,hrp,0.0009730099829283296,0.0008653294438476561,0.007499961082871289,0.007001924452798253,2.059484636973077,1.9618433697733828,-0.019266464589231955,-0.01801141797746931
390,sp500,25,schur,0.0010050939899599698,0.000893657888671875,0.007483529527281203,0.0069824644488461155,2.132065142779631,2.0317152042106463,-0.018859906786724463,-0.017707962236676898
391,reit,25,hrp,0.0005576007599959385,0.0004783001678712072,0.009037338104453911,0.008579932662787622,0.9794518638731472,0.8849463131915847,-0.021910024721884504,-0.019951860823758816
391,reit,25,schur,0.0006329545946173645,0.000579495645943433,0.00935523090027964,0.009181626291777318,1.0740347083276318,1.0019149002290353,-0.022557856059382594,-0.021897819682558273
392,reit,21,hrp,-0.0007231578259003262,-0.0005484288920919971,0.01330890464820133,0.013364141653286761,-0.8625634414959844,-0.6514476565374822,-0.02909002991062738,-0.028773955233701996
392,reit,21,schur,-0.0007861014050533487,-0.0006926408745676373,0.01319670826128239,0.01325110993590245,-0.9456125490710091,-0.8297669451911225,-0.028456395454725864,-0.02802092215300912
393,reit,13,hrp,0.0009399137063827303,0.0010043127186983502,0.009978825197606202,0.0090684377259354,1.4952328786436113,1.7580724084032369,-0.023246196565576336,-0.021161815764954437
393,reit,13,schur,0.0009149362881305082,0.0009886700183100233,0.010309873237136714,0.009328126794188176,1.4087625491702809,1.6825082172663457,-0.023822454199015474,-0.021773290460088374
394,sp500,26,hrp,2.9894701322180873e-05,1.5158929199218769e-05,0.013699480618853692,0.013256405885131132,0.03464099731263941,0.018152774055366045,-0.026907543950251276,-0.02584756773158482
394,sp500,26,schur,2.9044409580326698e-05,0.00010168328271484364,0.014685025748442706,0.01487313931453973,0.031396996931133896,0.10852934523103046,-0.029219002675534195,-0.029184337071010043
395,reit,23,hrp,0.0002484698098259804,0.0003445199670382206,0.009028726062946758,0.008544610215822947,0.43686517047289913,0.6400625410329583,-0.016998500802062177,-0.01617854620184825
395,reit,23,schur,0.00022718059136656705,0.0003081668837392535,0.009099316928324578,0.008548878280010561,0.39633525385989293,0.5722385393552325,-0.01689112078675794,-0.015977885018912532
396,reit,22,hrp,-0.00015205681613375644,-0.000175794175223417,0.0078633811752862,0.008193029591333239,-0.30697063642794936,-0.34061222241907296,-0.016257404288209158,-0.017738346468588396
396,reit,22,schur,-2.2895348467219734e-05,8.828917984449792e-05,0.007637400547560652,0.0087000813164486,-0.047588493897003814,0.16109588278313963,-0.016030024447897796,-0.019463591522274733
397,reit,25,hrp,-0.0001145655353789253,-0.00036504702452476304,0.01994013574887775,0.01964204783742372,-0.09120657529585809,-0.29502737751094854,-0.039966437030596616,-0.04120120883745384
397,reit,25,schur,-0.00010941016590777248,-0.00019909123044960692,0.01997686342019692,0.019413874700173868,-0.08694220423060689,-0.16279466890103889,-0.03994094887274452,-0.03950758412275112
398,sp500,21,hrp,-0.0002692963969839198,-0.0002507630068359376,0.007671953931725901,0.0072524203532020525,-0.5572176019765743,-0.5488842525321258,-0.015780103827909734,-0.014403764892578124
398,sp500,21,schur,-0.00033648467878084095,-0.0003201390683593751,0.007920905956686288,0.0074919718597787925,-0.6743583006078228,-0.6783327879663088,-0.016550694738759607,-0.015170177036830356
399,reit,12,hrp,0.0008867283834289456,0.0011628824414699238,0.009681137616917867,0.009036211896405015,1.4540002688830003,2.04291208267731,-0.021602904375505733,-0.019512410595648604
399,reit,12,schur,0.0008418684992634529,0.0010751829430456948,0.009732124225234482,0.009035462552020285,1.3732097746316598,1.8890012535515708,-0.02180195000387869,-0.0195390474935569
400,reit,20,hrp,-0.0008836930630939836,-0.0007999711651498866,0.010679443324256833,0.010369380259679276,-1.3135696361339833,-1.2246776794785872,-0.02524210490853465,-0.024768569999574525
400,reit,20,schur,-0.0009905605409638888,-0.0009323705664305013,0.011182414582666398,0.010941733424527032,-1.4061955030748716,-1.3527037551482834,-0.026249955975098906,-0.025858363283797727
401,reit,18,hrp,0.0006199060540552116,0.0006634514093597915,0.010153576025543393,0.010112954112573248,0.9691859800689354,1.0414330471205953,-0.025236264619139245,-0.025056338612427037
401,reit,18,schur,0.0005672111299981321,0.0006046591026993951,0.009988999210539529,0.009846695381375207,0.9014113781846599,0.9748108690799994,-0.02492990988432756,-0.024411840159432326
402,sp500,14,hrp,-0.00018739364747966325,-0.00032020669580078094,0.008122523309020633,0.008030317929232299,-0.3662386450431314,-0.6329915896425048,-0.016032589102454524,-0.015231956342424665
402,sp500,14,schur,-0.00022987691090780506,-0.00037327179199218754,0.008063226098792066,0.007923743522793687,-0.4525710659475983,-0.747816481090669,-0.016279709361022,-0.015531302307128906
403,sp500,28,hrp,0.0011087781654156583,0.0011526313359375001,0.008267778467673332,0.008105776011308775,2.128904127969804,2.257335409201652,-0.01778171607564971,-0.016760728367396758
403,sp500,28,schur,0.001008778253620896,0.00099520650390625,0.008233786487203415,0.008030648562021752,1.9448959901296483,1.9672649541225213,-0.017793979887336817,-0.0161457332850865
404,sp500,36,hrp,0.0003396764753152989,0.00037863194873046874,0.005282868628296465,0.005054356191185397,1.0206948646304492,1.1891911889925209,-0.011419010488420893,-0.011001559875488282
404,sp500,36,schur,0.00043777653263750893,0.0004678408276367188,0.005271516239932002,0.005107795326011503,1.318308944669711,1.454001663049336,-0.010943798189748225,-0.010685315926688057
405,reit,13,hrp,0.001135216185784113,0.0009467480819122882,0.010944056472041561,0.009977222301291043,1.646647046944435,1.5063470994185606,-0.022768992237519502,-0.01965464206269511
405,reit,13,schur,0.0010772620026499198,0.0009117812071935832,0.010852346846199143,0.01001514892192045,1.5757885715950832,1.4452184444645682,-0.022738629628529315,-0.019888103855527226
406,reit,14,hrp,-0.0004416915092053204,-0.00038761808997204734,0.013644847113703016,0.012210589289555714,-0.5138669036720037,-0.5039270646567843,-0.03132838468667864,-0.027780178326886906
406,reit,14,schur,-0.0004097323738211334,-0.00035545451088993463,0.013215938393456849,0.01194429590725187,-0.4921557287644041,-0.4724150735280521,-0.03037050223242987,-0.02707017394491704
407,sp500,17,hrp,0.0006884766465084608,0.0006849410288085939,0.009222361110050791,0.008483953008478443,1.185079158189945,1.2816079649389336,-0.018917506502357895,-0.017061094717843193
407,sp500,17,schur,0.0005638894465540791,0.0005306487490234371,0.00959744328810472,0.008923185100017259,0.9326929252283566,0.9440337330495329,-0.019977335188795655,-0.018149091770717076
408,reit,17,hrp,0.0012365933157949059,0.0011182189799547224,0.009913084723047732,0.009565097613506563,1.9802423632543353,1.8558280020654718,-0.020036496426733975,-0.01901993303247515
408,reit,17,schur,0.0013762136104608592,0.0014603224648660124,0.009958208079667909,0.009527111844149512,2.193839856559722,2.4332558319039466,-0.019915885003155696,-0.01878323724822124
409,reit,16,hrp,-0.0003151658034044881,9.2808132679412e-05,0.009287379807847508,0.008755827605215809,-0.5386989795693993,0.1682631840999743,-0.018016281208517577,-0.016583659818441367
409,reit,16,schur,-0.00043484569670186054,-0.00017458752209724814,0.009472668980522994,0.008873295299829113,-0.7287240214085194,-0.3123406693068414,-0.018307399333441655,-0.016921777265765388
410,reit,21,hrp,0.00031985847803194737,0.00029085206771553503,0.007580931184962353,0.007324660047936658,0.6697852548405782,0.6303546385345188,-0.017293040348223022,-0.016470818995554443
410,reit,21,schur,0.00038527039791871073,0.00041403991662439433,0.007578758350203545,0.007351498917801486,0.8069894407284506,0.8940598355441225,-0.016544989409798243,-0.015571371227073607
411,sp500,26,hrp,0.00034485281260501045,0.0002984537958984375,0.006927668127282943,0.0066523242107402875,0.7902180915515616,0.7122032812372104,-0.018254738502129646,-0.017315821576799666
411,sp500,26,schur,0.0003273921173034205,0.0002834830634765626,0.006683665869236521,0.006501201656910066,0.7775955356248382,0.6922034354007711,-0.017474988209057452,-0.016657740931919643
412,sp500,12,hrp,0.0006012852856923126,0.0005267481411132814,0.00788603512422164,0.007801638419892332,1.2103811164051608,1.0718091584950948,-0.018312040016131497,-0.01773302964564732
412,sp500,12,schur,0.0005836827728888512,0.0005098690410156251,0.007684886639020556,0.007575175653204331,1.205701164497578,1.0684795274689443,-0.01785790736520992,-0.01755498123604911
413,sp500,30,hrp,9.448467206896167e-05,8.524912304687488e-05,0.005556181362191873,0.005668316368285604,0.26995117189984613,0.23874600260174966,-0.01267546682955612,-0.013378679085867744
413,sp500,30,schur,2.719598824024616e-05,-1.0004073242187535e-05,0.0056716379447848625,0.0058926691200407244,0.07611962072630978,-0.026950391434488966,-0.01257414500682122,-0.013379530116489955
414,sp500,36,hrp,-0.0008443154181931348,-0.0007161529423828125,0.012816358851244507,0.012186097518814167,-1.0457799990921548,-0.932913551679736,-0.029468898289574115,-0.02785719861711775
414,sp500,36,schur,-0.0007101010300183452,-0.00054500027734375,0.012838239912284513,0.012050147131107707,-0.8780412629748264,-0.7179672659383916,-0.02932343199536754,-0.027435164376395083
415,reit,13,hrp,0.001283324096675573,0.0012287197474275945,0.007190980143686664,0.007427315335959116,2.8330127549701043,2.6261603841822443,-0.01249619546131577,-0.01379499868688619
415,reit,13,schur,0.002979984381391277,0.003687651211607466,0.019510799550953185,0.02651460466220757,2.424594921421186,2.207826551175979,-0.0348917534251124,-0.048293091149440213
416,sp500,29,hrp,0.00045233683925917286,0.000491389884765625,0.008307492733407135,0.008072963110080348,0.8643552204627258,0.9662589169316228,-0.01960632940551834,-0.01854957143729074
416,sp500,29,schur,0.0005950469430636592,0.0006865811748046875,0.008395248426172664,0.008079373992364748,1.1251694886223065,1.3490077660287327,-0.019974500248463666,-0.018540667759486606
417,sp500,29,hrp,-0.00035710496055455345,-0.000360744224609375,0.011336537204161919,0.011383226311697837,-0.5000526530595334,-0.5030767969033954,-0.026150094543923835,-0.025677857849121095
417,sp500,29,schur,-0.0003828362289600994,-0.00032305020312500024,0.01137204255725439,0.011208403634394647,-0.5344103047071715,-0.4575373227110662,-0.026207083087308954,-0.025385527980259483
418,reit,14,hrp,0.0004999366725655774,0.0004332434457782943,0.010945556077733868,0.010578269812771728,0.7250658244291749,0.6501560850494437,-0.025420859712741987,-0.024741559682476908
418,reit,14,schur,0.000689984802710882,0.000717457625456556,0.011037027215430945,0.010598692861674674,0.9924021173933549,1.0745935246688745,-0.02628322098082721,-0.025241256769514296
419,reit,22,hrp,0.0005656670918979964,0.0008130303946965476,0.00918941930318956,0.00822184771331824,0.9771767294343123,1.5697757786629718,-0.020850229132946787,-0.01719955097948843
419,reit,22,schur,0.0004816558018262358,0.0006425978584574965,0.009487308881300883,0.008377404563674045,0.8059238832259215,1.2176712586187362,-0.02145867157644457,-0.018534652345854257
420,sp500,22,hrp,-1.3872673210603038e-05,-8.021152832031238e-05,0.006808187864840128,0.006785245195889799,-0.032346619156449055,-0.18765991508561639,-0.014884388885587392,-0.0143479193812779
420,sp500,22,schur,-3.0415024857161667e-05,-9.93951757812501e-05,0.006986514625399691,0.006993492089520821,-0.06910792823592833,-0.22561682770539007,-0.014870526759058492,-0.014300329153878346
421,reit,24,hrp,0.0008006537100429063,0.0009049101335777334,0.005226973305733664,0.005160676000222971,2.4316144114197846,2.7835506498049636,-0.010790359100207874,-0.009958625491099576
421,reit,24,schur,0.0007658764834118941,0.0008583777800354517,0.005001454973579165,0.0048507498815413014,2.4308750803174464,2.809117178636174,-0.010321952176759106,-0.009290769285115602
422,reit,13,hrp,0.0003882722194224025,0.0006625415958963267,0.010602200994651898,0.010631401287896832,0.5813538532829003,0.9892883817525279,-0.023120763624756766,-0.021734799407314154
422,reit,13,schur,0.00022053179296779602,0.00041658761386894645,0.010729218636188753,0.010433271641286502,0.3262897141873696,0.6338494367608317,-0.024701536646930283,-0.02257400256415523
423,sp500,21,hrp,0.0005066347349244142,0.0004301355986328126,0.01152685822476151,0.010606175018474115,0.6977249939333909,0.6437939155460263,-0.02279978584805779,-0.02088240676443917
423,sp500,21,schur,0.00037229428910729676,0.00028306249511718753,0.011605484232840855,0.010712244412069628,0.5092410193726368,0.41947118013422274,-0.022801238260013196,-0.021035405125209267
424,sp500,15,hrp,0.00045997221012285895,0.0005277368779296875,0.012591570851195107,0.011755901890233638,0.5798984538312746,0.7126261598897311,-0.02135979646763711,-0.02031911526925223
424,sp500,15,schur,0.00044275247436563193,0.0005092591030273439,0.012501608030115182,0.01170067909203091,0.5622058874545451,0.6909203793601213,-0.021092524496601595,-0.01980492577253069
425,reit,22,hrp,0.0006499667067842026,0.000637545748871031,0.009102067740272508,0.008829080644791943,1.1335777643231342,1.1462943213238272,-0.021708068997107248,-0.020890234618832184
425,reit,22,schur,0.0006392412404548402,0.0006174177320936836,0.009286845106136726,0.009242875950199797,1.0926897115376841,1.06040616554596,-0.022318073529775818,-0.022232237668651993
426,sp500,14,hrp,1.5548545129079942e-05,-6.762146874999991e-05,0.009324872071884495,0.009269094614432987,0.026469585862380574,-0.1158103981306937,-0.025742409887470393,-0.025614543840680803
426,sp500,14,schur,-0.00012112781988968497,-0.000187773154296875,0.00940060757168433,0.009386090775031329,-0.2045447078834562,-0.3175769856084942,-0.02605841579776878,-0.025958196515764507
427,reit,17,hrp,-0.002962847090734884,-0.0033303065364982285,0.03858308464709984,0.036078599908721365,-1.219024862293112,-1.465327852102801,-0.08203746632937627,-0.07972419996519398
427,reit,17,schur,-0.0028287936898967127,-0.003030569887479098,0.03915566417168876,0.036728207276445074,-1.1468508741353844,-1.3098598893302862,-0.08269701266875644,-0.0794613943892355
428,reit,15,hrp,-9.024729797893094e-05,-6.193982832457946e-05,0.009657420510164627,0.00930494052390117,-0.1483451445630732,-0.1056712065440467,-0.022738921222508958,-0.021789631687431612
428,reit,15,schur,-0.00010345134420690596,-7.482825846060998e-05,0.009807836391765325,0.009467959607779635,-0.16744153468747916,-0.12546122150595054,-0.023138324484172974,-0.022294236171836512
429,sp500,40,hrp,0.0016088709891202435,0.00157472912890625,0.00725633172002684,0.006957156838533126,3.5196895839675792,3.593141641682834,-0.014899801186379026,-0.013729099234444753
429,sp500,40,schur,0.0016458812294791023,0.0016155321357421875,0.007526231676327696,0.00714197015355557,3.4715320559005343,3.5908547705808727,-0.015330782436363476,-0.013965022957938058
430,sp500,19,hrp,0.00012963713907992574,0.00021563874218750003,0.009284746263068898,0.00929264353438518,0.22164588302061458,0.3683729927320265,-0.022406062878142816,-0.022467917061941966
430,sp500,19,schur,0.00012465407230494762,0.00022528768652343748,0.009372389480334833,0.009332236647327645,0.21113314331783814,0.38322336724505035,-0.022677681662011475,-0.022627735116141183
431,sp500,17,hrp,0.001792309768029077,0.0017166508525390623,0.009134169005684305,0.00827703302191745,3.114901365835772,3.292361814953747,-0.01825430319673884,-0.015735986249651227
431,sp500,17,schur,0.0017890890580640937,0.0016933219184570312,0.009458148960289963,0.008530388251052476,3.0027977403557022,3.151163970943065,-0.019497381634890888,-0.016934814985002787
432,reit,24,hrp,0.0007549425399517377,0.0009384422560987266,0.00956543282139392,0.008548480207051347,1.2528801898363067,1.7426850873797932,-0.02255738064482055,-0.02045255063904325
432,reit,24,schur,0.0006886175193442439,0.0008436689751018231,0.009874624195858786,0.008901041500283579,1.1070258483707065,1.5046362587405446,-0.022934133552725906,-0.020894472462323014
433,sp500,17,hrp,-0.0017370764094682095,-0.0018258206909179682,0.027660985331722367,0.027626046039361443,-0.9968998861004166,-1.0491550212902045,-0.08099549435065659,-0.081249795035226
433,sp500,17,schur,-0.0015641495613156746,-0.0016245067866210937,0.027733844640736163,0.027693818400366162,-0.8952997623287046,-0.9311914085085333,-0.08130779385862742,-0.08157255994524273
434,sp500,22,hrp,-0.000432549261060123,-0.00039386491357421894,0.009973886900599553,0.01007075493946988,-0.6884484169242264,-0.620848358083184,-0.024523008178779452,-0.02435011106654576
434,sp500,22,schur,-0.0004551705207710987,-0.00042479938281249997,0.010181241827350264,0.010316781692995058,-0.709698103144755,-0.6536419345455694,-0.02485856991348668,-0.024803174237932483
435,reit,18,hrp,0.0017773745867912596,0.001718315934454355,0.009546188191980758,0.00882331580040389,2.9556244117664714,3.091515756149869,-0.01645074711787418,-0.015354164847592932
435,reit,18,schur,0.001824341919914058,0.0018479041245090953,0.009285269962929584,0.008510165441447467,3.118975568214817,3.4470033235758337,-0.01577163438269581,-0.014200303958577834
436,sp500,38,hrp,1.1021311446159952e-05,-0.00015094634228515614,0.008562272980356016,0.008109966214440692,0.020433580621801027,-0.2954634871032435,-0.01956774780374198,-0.0187544431413923
436,sp500,38,schur,-2.4843963961431667e-06,-0.00022332316796875025,0.008607682397686233,0.008167282523126138,-0.004581787328073438,-0.4340667017001342,-0.019899457316486877,-0.019186321088518418
437,reit,24,hrp,0.0004665154551754331,0.0006410142945018014,0.008999821455118033,0.008382148559399468,0.8228722425112436,1.2139830722905658,-0.02151949571878407,-0.020258093906661136
437,reit,24,schur,0.000374054023988094,0.0004777429529756311,0.009383931308173252,0.008705695653986604,0.6327756833728181,0.8711462663698742,-0.02296693023737554,-0.021446050310117513
438,sp500,31,hrp,0.002560872514889735,0.0024787625859374997,0.01118435679821984,0.01098407111427127,3.634772353552171,3.5823817744813065,-0.021136130252057732,-0.019315138645717076
438,sp500,31,schur,0.0023190274688357224,0.002225547942871094,0.011104542660726675,0.010989865142606439,3.315167577913778,3.2147326530115,-0.02124894490734806,-0.01939260382952009
439,reit,18,hrp,0.00022391601333785665,0.00020293922918622232,0.010524801966140139,0.009765721886310754,0.33773143918312987,0.32988451111137834,-0.024088638791706817,-0.022125942785758128
439,reit,18,schur,0.0002139996402608392,0.0001919189622612843,0.010709391053108303,0.01015009677745997,0.3172112173211574,0.30015665297805155,-0.024703226968222438,-0.023396904278117626
440,sp500,29,hrp,-0.0004078895829078479,-0.00030911459863281203,0.013036522635371531,0.01223369542084876,-0.49668508800956274,-0.40110873769582195,-0.02905954579826986,-0.027048445059640068
440,sp500,29,schur,-0.00044323450430079343,-0.0003707855800781248,0.013025378511557944,0.012169484640972297,-0.5401861925880993,-0.48367196979534444,-0.02930284385807622,-0.02709506316266741
441,sp500,35,hrp,-0.000941752095915078,-0.0008172009462890622,0.01519147282203188,0.014660131264341097,-0.9840949083692138,-0.8848940446965448,-0.03512535798732878,-0.034410183061872206
441,sp500,35,schur,-0.0010812233814357607,-0.0009416157817382816,0.015318437039505249,0.014851216630491623,-1.120472606288721,-1.0064957980364595,-0.035984783109678516,-0.03554855907331194
442,sp500,24,hrp,0.0007225343578521796,0.0003692763583984375,0.010164851965457569,0.010062487594477205,1.1283860686251896,0.5825677200818954,-0.02385561764169316,-0.023627426182338172
442,sp500,24,schur,0.0008680089973198549,0.0004996450454101562,0.01046631185287889,0.010126277896468675,1.316530201826449,0.7832709397133047,-0.024126844104316567,-0.02314412220110212
443,sp500,28,hrp,-0.0005084532201629306,-0.0005207330927734376,0.0070439859438841505,0.0069923210568386945,-1.1458632523499634,-1.1822085270863654,-0.014685752028860712,-0.014563016741071426
443,sp500,28,schur,-0.0004945347549050159,-0.0005019337578125,0.006942982053285111,0.006911848352340355,-1.130709513101392,-1.1527960366928536,-0.01482917566782083,-0.014680302725655693
444,reit,20,hrp,-0.0002470783002122141,-0.0003059784051103315,0.009600064985873059,0.008962323956595497,-0.4085645697299158,-0.5419639618465422,-0.021481219145113077,-0.02056736467434675
444,reit,20,schur,-0.00024316336855992898,-0.0002971599268287615,0.010123756977436482,0.009708695315955833,-0.38129113684032084,-0.4858806917409068,-0.022880174845810352,-0.022118160183318285
445,reit,17,hrp,0.00019198704958680644,0.00024864034217811923,0.006006927127323699,0.005501773393454806,0.5073642253869248,0.7174128750019859,-0.011151614461289261,-0.010396860078790298
445,reit,17,schur,9.994728954374965e-05,0.00010873241584184088,0.006264955709923511,0.005796939601072517,0.253252234740178,0.2977560073755601,-0.011565969832416987,-0.010888521805521958
446,reit,25,hrp,0.0005079811155463318,0.00020575197399401137,0.008794467090392234,0.008180606621941205,0.916934492088356,0.39926272960398723,-0.01876487055396499,-0.017595525553424644
446,reit,25,schur,0.0005672133403567341,0.00038398193153259556,0.00869779948006903,0.008033309932742054,1.0352311126562634,0.7587811554264599,-0.017930732449722868,-0.016169251429929473
447,reit,23,hrp,0.0008288168327916781,0.001172207712997645,0.008021172611926138,0.0071277359862302325,1.6402912602059658,2.6106775835931204,-0.018267194804896074,-0.015878991915162628
447,reit,23,schur,0.0007797377097304776,0.0010278404392867052,0.007884400820125067,0.007115555350350748,1.569929369298494,2.29306924554297,-0.018017526898537414,-0.015895188824122986
448,sp500,14,hrp,7.583705312486215e-05,-4.456691894531305e-06,0.006932207409707387,0.006883685645941279,0.17366414840797306,-0.010277603332964041,-0.014143876099440686,-0.01440072040666853
448,sp500,14,schur,8.364421613631416e-05,-2.561164062500015e-06,0.006854837941736424,0.006834949860098188,0.19370418065600342,-0.005948429745566781,-0.013871808173915586,-0.013909144112723216
449,reit,22,hrp,0.0002128423763165422,0.00031906148467209124,0.010433218947367909,0.010437829638261807,0.32384712658502796,0.4852487752551456,-0.02602314533350308,-0.025942051401830694
449,reit,22,schur,0.00018013106113475794,0.0002638219122181441,0.010387570756520272,0.010425771668518052,0.27528014142955887,0.4017010111087185,-0.02580628125840687,-0.026011633306373072
450,sp500,27,hrp,-0.00047450744820529665,-0.0011284186723632811,0.013526037998293087,0.016728925355048285,-0.5568942080559757,-1.0707855233273464,-0.03399358244046561,-0.04577411434500558
450,sp500,27,schur,-0.0003656328737875642,-0.0010189604580078128,0.012745890159242039,0.015773751145548052,-0.4553814491286761,-1.025469189727151,-0.031208798987796937,-0.04228678575788226
451,reit,18,hrp,0.0003677228430639845,-0.00035298265211568003,0.011813766022252531,0.01294669647011033,0.49412009293854237,-0.43280738840561916,-0.02499638391238563,-0.025431531470343657
451,reit,18,schur,0.0005714492511075023,0.0002059375858591353,0.01151914410002202,0.0116900549902352,0.7875129916926705,0.27965290406558896,-0.02400272783566228,-0.023783713797880218
452,sp500,24,hrp,-0.0006230640613755377,-0.0006765162324218748,0.011813690380465584,0.011812937137199216,-0.8372350235218828,-0.9091187169278512,-0.025495386963375062,-0.025818488054547988
452,sp500,24,schur,-0.0005393903060351813,-0.0005950732392578122,0.011175819499204383,0.011094020369299924,-0.7661680341936666,-0.8514942737815587,-0.024343347513409126,-0.024792464922223773
453,sp500,40,hrp,0.000993401147440831,0.00079599840625,0.007104577841532003,0.0068536002955849355,2.219660996229912,1.8437146049774293,-0.016129058570391673,-0.014961295706612723
453,sp500,40,schur,0.0008405221447862614,0.0006500129047851561,0.006994245097244965,0.0067078019712384475,1.9076934270630863,1.5383034583473656,-0.01603109807125483,-0.01496236158970424
454,reit,18,hrp,0.0014413231004960197,0.0015524622860825284,0.009005319580900749,0.009044953055075551,2.540753239380492,2.7246769134813644,-0.016723023090374822,-0.01629543857863033
454,reit,18,schur,0.0014270246428967344,0.0014424683427658395,0.009204222248049987,0.009136040161543263,2.4611871930833082,2.5063894914384117,-0.017225428310046902,-0.01707030374830874
455,reit,13,hrp,0.0008958378990512912,0.0008276000510778658,0.014426291838524745,0.013179618617600372,0.985768618483187,0.9968227383692169,-0.029289077028399054,-0.027314705878519592
455,reit,13,schur,0.0008990908436148997,0.0008510570357338705,0.014363886068046576,0.013110767463801232,0.9936464687861974,1.0304592500632133,-0.029213422193917017,-0.027330803633974065
456,sp500,26,hrp,0.0002810840722777792,0.0002645005634765626,0.010416664559835018,0.00963543567508614,0.42835893302112077,0.43576818082334345,-0.023353442571817987,-0.021633077776227676
456,sp500,26,schur,0.00027906974680731717,0.00027601011230468756,0.010214337461483132,0.009482512281131204,0.4337133864696382,0.46206369884717763,-0.02285169195399317,-0.021362849618094308
457,reit,18,hrp,0.002214882948583785,0.002061911669751725,0.009501843496768825,0.008833430167345793,3.7003531790833453,3.705449910304217,-0.01901685007983206,-0.016769887885956587
457,reit,18,schur,0.0021754697403611714,0.0020936878054210405,0.00938456229153782,0.00905123830695701,3.6799277828430736,3.672012868269058,-0.018512277844376222,-0.017487228747665503
458,reit,23,hrp,0.0019433833871454853,0.002114916533808598,0.007025301602005002,0.006952211998415263,4.391306824157314,4.829147782080092,-0.013927711330139248,-0.01343544602195309
458,reit,23,schur,0.005626481865839422,0.006926795827162194,0.023548542163551834,0.031116072224350554,3.79291550275242,3.533848168699631,-0.03639177782669563,-0.049701632561013655
459,reit,22,hrp,-0.0005970200449558802,-0.0003536094422011302,0.01661755682533821,0.015040505062442443,-0.5703244766759072,-0.3732172456008729,-0.03493440762302342,-0.03146337214607248
459,reit,22,schur,-0.0007441696502762306,-0.0005833942089909655,0.016893908573805665,0.015434619691631254,-0.6992654728553275,-0.6000210011558266,-0.03572420105487954,-0.032700872509816216
460,reit,16,hrp,0.0017238273271149875,0.0017376943622111091,0.00632053808191261,0.006203815646482752,4.329522282745268,4.4464639818781295,-0.011633229862438487,-0.01173466586725203
460,reit,16,schur,0.0014689358219777623,0.0012331200787563943,0.007352478767706168,0.008680228136295659,3.1715335736330736,2.2551451509168094,-0.013676567422928403,-0.017801723830726174
461,reit,24,hrp,-0.00022595136047266371,-0.0005055592854518334,0.02131006554871153,0.01902847665886272,-0.16831795477330852,-0.4217628661352894,-0.03891056254430992,-0.035027485236895674
461,reit,24,schur,-0.00017779211442064168,-0.0004542918115099127,0.02162077867048544,0.019546179087568057,-0.13053934652247107,-0.3689549196874178,-0.03930018947444301,-0.03538100455009657
462,sp500,20,hrp,0.0007739382894820678,0.0008377307778320314,0.007371516981534505,0.007475022610095794,1.6666704418178102,1.7790667020389273,-0.015553520998914263,-0.015466629682268416
462,sp500,20,schur,0.0007334973439070953,0.0007697645410156248,0.007457506197607665,0.007422148599413225,1.561367707553883,1.646374105550081,-0.015629606920141842,-0.015195723135811943
463,reit,17,hrp,0.0016060415439180268,0.0017357084309500745,0.007152895821437339,0.00716584087854057,3.564307346160788,3.8451198690981574,-0.01461640401506858,-0.014682878047003486
463,reit,17,schur,0.001860420545777369,0.0021587988359575787,0.0076396350803510805,0.00883394545645175,3.8657946718804075,3.879338996634661,-0.015064427428495631,-0.016579484449891876
464,sp500,38,hrp,0.00014268189815606867,0.00010173580712890631,0.0047020739778098255,0.00466666395859669,0.48170337713925826,0.3460728873751512,-0.01115786255531607,-0.011290851039341517
464,sp500,38,schur,4.97791742155157e-06,-5.567768066406254e-05,0.004999593692954204,0.00493321887858047,0.01580568224534158,-0.17916411200027743,-0.01183173927402836,-0.011833495893205913
465,reit,18,hrp,0.0007541324386159742,0.0005135155503738419,0.010229982764407342,0.009616514614427996,1.170234750615521,0.8476882707266351,-0.01926118502828427,-0.01815994258389564
465,reit,18,schur,0.0008839017145876925,0.0007689195160341522,0.009714242793081335,0.008911533998274433,1.4444259856598665,1.369710187748437,-0.017643121762664544,-0.01555888878287374
466,sp500,40,hrp,0.0005176568326622678,0.0002956805156250001,0.009379321038141866,0.008355284726889893,0.8761345761349913,0.5617741135883189,-0.017429893532885793,-0.016222705235072542
466,sp500,40,schur,0.0006614060560062536,0.00048400393164062505,0.009137918439617178,0.008164219741682443,1.1490029932229835,0.9410971854376201,-0.016809955744670518,-0.01612565141078404
467,sp500,36,hrp,0.0001957465537105885,0.0002179282128906251,0.013461928143126743,0.013192625077561531,0.23082727627568897,0.26223008002585085,-0.03208195399244588,-0.030935842921665742
467,sp500,36,schur,0.00027001543930206057,0.0003193803188476561,0.013373585430402417,0.013084092772594461,0.32050957744677677,0.38749384248757063,-0.03184773811669663,-0.03056755724225726
468,reit,19,hrp,-0.00029732262172268986,-0.00023819958776192656,0.011279803932537044,0.010836647028139332,-0.41843371796359086,-0.34893645791711536,-0.024016284718033278,-0.022584789135470094
468,reit,19,schur,-0.0003455495379816448,-0.0003396129288695885,0.011323826540800705,0.010995167591567705,-0.48441477261698934,-0.4903234139879548,-0.024147448133052665,-0.023232600558386253
469,reit,24,hrp,-0.0006646647519647,-0.000496027027758665,0.008369990393369726,0.008106281653151142,-1.2606019048638684,-0.9713682907914802,-0.022036763624035356,-0.020973425506588754
469,reit,24,schur,-0.000757606907491031,-0.0006255723354785187,0.008475767969836304,0.008227011627684536,-1.4189436114103755,-1.2070789990293378,-0.0222856132186157,-0.021202071075961677
470,reit,19,hrp,-0.0027223937368620796,-0.0026471583480915787,0.02898750955641118,0.028308201097974165,-1.4908718083255628,-1.4844580153615092,-0.09031942430312145,-0.08811280820902005
470,reit,19,schur,-0.0027762870485626557,-0.0027320958338327185,0.02910914276780901,0.028763838047782424,-1.514032582247525,-1.5078195313801606,-0.0905362734184454,-0.08910326416704151
471,reit,19,hrp,-0.0007558493399101242,-0.0006729954848405367,0.011450261422024656,0.01092575924834721,-1.0479006417379648,-0.9778242294475359,-0.02488102556806901,-0.024126457110813657
471,reit,19,schur,-0.0008187837674603634,-0.0007371112967240733,0.011405813354567309,0.011099133592537898,-1.1395758420170161,-1.0542515756469817,-0.025097781547843995,-0.02437706887480226
472,reit,17,hrp,0.0010991712212910496,0.000991985166468526,0.007926556310939682,0.007736947132163708,2.2013093094172493,2.035334617058512,-0.016785083964956184,-0.015766294782644113
472,reit,17,schur,0.0011722012586911613,0.001084726572299432,0.008125267394689635,0.007898722128023027,2.2901545510051493,2.180036242034103,-0.017296221174176535,-0.016524360334644335
473,sp500,17,hrp,6.531460347917476e-05,0.00012301034521484364,0.011045131268855557,0.010554506943893583,0.09387278081916132,0.18501372950347567,-0.0257913783323092,-0.02475187540108817
473,sp500,17,schur,0.00013619003012141424,0.00019710285302734388,0.01131032807488353,0.01083288710959963,0.19114827529069797,0.28883443159832195,-0.026558571857336944,-0.025707884538922986
474,sp500,36,hrp,0.0006071925427191539,0.0006558998242187499,0.004824435041972003,0.0047764415742419545,1.997929853329964,2.1798836554962375,-0.009851097041643136,-0.009512092171805245
474,sp500,36,schur,0.0007422249693097584,0.0008084857036132813,0.005207692567383789,0.005284009290719093,2.2625099238252875,2.4288966872963806,-0.011064213891933397,-0.011070845371791297
475,reit,17,hrp,0.0038456531436652304,0.003193586174947768,0.018438522819411524,0.016494957801933684,3.310886217861354,3.0734609609156895,-0.033750309499400964,-0.029310206759933424
475,reit,17,schur,0.003857116055508961,0.003173729835164043,0.018919001091936775,0.01650214451359745,3.2364192415445587,3.0530213326266256,-0.03505182795932755,-0.03020970844065407
476,reit,14,hrp,0.0013045208647323816,0.0013641937688118311,0.007012094940972365,0.007015757899799854,2.953272439033636,3.0867519979413895,-0.014843005671092672,-0.014650575374186377
476,reit,14,schur,0.0012968290671525422,0.0013528773366779866,0.0070345193615991295,0.007055038415834997,2.9265003292553593,3.0441027613894733,-0.01487920964790258,-0.014736233184985658
477,reit,25,hrp,0.0014108015703948235,0.0014977593425950907,0.006238626085035461,0.00649146571624432,3.589857818352841,3.662684747218703,-0.011674155534034683,-0.012841459220722903
477,reit,25,schur,0.0014371407887165768,0.0014795129390353058,0.011602413779407312,0.015036926900583947,1.9663065970013271,1.5619241846700762,-0.023937519393552823,-0.03135911976522538
478,sp500,25,hrp,0.0006132180426396161,0.0006904211660156251,0.006814184963605083,0.006449589176128376,1.42856918232863,1.6993479633713253,-0.017602127544854018,-0.016890874843052454
478,sp500,25,schur,0.0005649495030568818,0.0006359680488281248,0.007014003869751044,0.006604498795739633,1.278627086173325,1.5286065008302567,-0.018200461303327135,-0.01703258585902623
479,sp500,35,hrp,0.00039532375806936693,0.00033818432617187483,0.006365206124078041,0.006405958328800224,0.985917813957836,0.8380494331298389,-0.014622502200778913,-0.015091055201939175
479,sp500,35,schur,0.0005232738004315917,0.0004806601879882812,0.006332955185126481,0.006250075443277617,1.3116647470891438,1.2208242931669144,-0.01384576809784283,-0.014193359165736604
480,sp500,16,hrp,0.0006404470483951307,0.0006177497099609376,0.0065442034155292475,0.006436757213430477,1.55355527055098,1.5235113435336731,-0.015429863935760676,-0.014978414324079242
480,sp500,16,schur,0.0006601295447108531,0.0006255655341796875,0.006535452946184311,0.006393624975054619,1.603443821971897,1.5531947888750766,-0.01632872259178459,-0.01605984855433873
481,reit,12,hrp,-9.561820064557411e-05,-0.00016102924013305199,0.009944432184854683,0.009856679115849315,-0.15263736029390695,-0.2593429195742139,-0.02328192908104504,-0.02356943720852565
481,reit,12,schur,-8.723961457688423e-05,-0.00015804479871241338,0.009965327394677873,0.009879409092177294,-0.13897044151313928,-0.25395075525199423,-0.023187168189971658,-0.023504171495378385
482,sp500,40,hrp,-0.003012526864972125,-0.0032695240830078126,0.021246816500486824,0.020921792098929838,-2.250802204396506,-2.480766730193532,-0.06999486040333024,-0.07021497100830078
482,sp500,40,schur,-0.0029306149537420465,-0.0032171349243164064,0.021295337431127687,0.020940733570828908,-2.1846129598551998,-2.4388082437777436,-0.06943635915458031,-0.06966165643310547
483,reit,25,hrp,0.001022983779133511,0.0013700706609258554,0.007406396067911426,0.006717070809601691,2.1926135059667713,3.2378990933495846,-0.013424092417361842,-0.011693806176381601
483,reit,25,schur,0.0008936116175800106,0.0011399602304061117,0.007683172814629575,0.006758251573580704,1.846326380393033,2.6776611447393734,-0.01404073695266612,-0.012358300066694373
484,reit,21,hrp,0.0018446943478994365,0.0017459933971244123,0.010055550197325746,0.009494498465008593,2.912184252692425,2.919246974388458,-0.019263166494578304,-0.01686088117825773
484,reit,21,schur,0.0018968024425743903,0.0018507582573605453,0.010207662980926024,0.009611920294603189,2.949823613092941,3.0566084210818536,-0.02008581940219781,-0.018216330255060056
485,sp500,33,hrp,0.00034919292905381696,0.0003421793383789061,0.007421751022969929,0.0070726594769630075,0.7468946185334983,0.7680178321187455,-0.019766411464666688,-0.01879031675502232
485,sp500,33,schur,0.00035559062022676565,0.00035229600097656235,0.00746306236198382,0.00703871278455433,0.7563686090521852,0.7945381222361405,-0.019961351508919374,-0.01879898748779297
486,reit,15,hrp,0.0006854050038490859,0.0006259215409981957,0.020489101115387643,0.019135702900017933,0.5310368211854982,0.5192490956947268,-0.037408362191844347,-0.03460640968278579
486,reit,15,schur,0.0006774763619939021,0.0006047663302955162,0.020850328936219475,0.01946281104159707,0.5158002001149152,0.49326728020346217,-0.037552812924036484,-0.034743313092580635
487,reit,24,hrp,0.000821999580586376,0.0009656442666660911,0.011067563607509719,0.010727434636662337,1.1790163825515858,1.4289648948252458,-0.02358524400359017,-0.0215536442677799
487,reit,24,schur,0.0007479858237773292,0.0008993920801913478,0.01067769656789443,0.010183668535564403,1.112028869522468,1.4019905107970916,-0.022726331314385086,-0.020283713408782354
488,reit,16,hrp,-0.0016203369990434482,-0.001486823375962083,0.042174675810286555,0.04263979516464595,-0.6098933054807336,-0.5535343049023053,-0.10453666572930619,-0.104939469540224
488,reit,16,schur,-0.001754623002736183,-0.0016927854029504582,0.04293451325614314,0.04391022548435514,-0.6487502605027136,-0.6119789843670327,-0.10695331289542329,-0.10906678705760971
489,reit,17,hrp,0.0008689481933939025,0.0009493983282696822,0.007226654335929478,0.007111637230170663,1.9087843821356065,2.119235099129287,-0.01632553957922581,-0.015202233161476125
489,reit,17,schur,0.0009653175495709861,0.0010706081032446886,0.007494451743916001,0.007714581468665048,2.044704743968303,2.203019933849631,-0.016393054902862626,-0.015676027805191697
490,reit,24,hrp,-0.003970290009074589,-0.003510121284081679,0.05974390644576972,0.05072551083085277,-1.0549427335841233,-1.098489636150446,-0.1152417721215302,-0.0967982494170013
490,reit,24,schur,-0.0039660486435232544,-0.003489447201565416,0.05989304560611779,0.050363947891358306,-1.0511916659595382,-1.0998593114678932,-0.1151467953309586,-0.0946553973869142
491,reit,25,hrp,0.0007693445546001064,0.0011254459582949914,0.005644581146962013,0.005761685308875048,2.16366207978691,3.1008116133361288,-0.010874494405482481,-0.008896833471876328
491,reit,25,schur,0.0006661563918814198,0.0009629695764578018,0.005642744272464579,0.005704220083096078,1.8740712625892482,2.6798875032665492,-0.01123727294856309,-0.009560073386598898
492,sp500,25,hrp,0.0003191937382545946,0.0004057452163085937,0.006541721832704313,0.006714198664498719,0.7745733674416296,0.9593111478956768,-0.016079193588254118,-0.015855437683105468
492,sp500,25,schur,0.0004379951160877942,0.00044202888623046875,0.006160879964188897,0.006187596804815323,1.1285655549515965,1.1340414142976034,-0.014498128186139228,-0.01438768828473772
493,reit,14,hrp,-0.0002889398620099016,-0.00036695396624557394,0.01743461609752847,0.01631126231366129,-0.2630845489645932,-0.3571283148876,-0.042478142532442885,-0.0403784589858334
493,reit,14,schur,-0.0002078941145892518,-0.00020838078362126584,0.0174693088795074,0.016482869330309576,-0.1889151299679699,-0.20068971745817127,-0.042155886068858346,-0.03988875036782475
494,sp500,26,hrp,0.000596680776349915,0.0006710879257812501,0.007817978684195634,0.007499776119517196,1.2115681124888482,1.4204678095828227,-0.014844026475537894,-0.014109943411690848
494,sp500,26,schur,0.0005980808774209181,0.0007069981557617188,0.0077268565090209155,0.007318260244134718,1.2287324841958742,1.5335950636841398,-0.015166790757065349,-0.014198352547781809
495,reit,18,hrp,0.00014246388063459393,0.00016439386042393895,0.010433190458004678,0.010361501925070843,0.21676437355505462,0.25186229268280447,-0.020958220067556117,-0.02071394136487909
495,reit,18,schur,-3.4718175798695244e-05,-9.612015073613285e-05,0.010879782401099327,0.01121412222002008,-0.05065670750614691,-0.13606594069886685,-0.023570110497718542,-0.024714591467538793
496,reit,15,hrp,0.0033837161087716806,0.0031339713571419863,0.05087922414688741,0.04116210180023906,1.0557320573765931,1.2086421923599335,-0.0837928286846019,-0.07007316627746742
496,reit,15,schur,0.0032587386194163096,0.003018494744547214,0.048060994778454144,0.03819054639981607,1.0763587413637175,1.2546853366621376,-0.07986661410034922,-0.06559960905673702
497,sp500,30,hrp,0.0007521755081211249,0.0007408074746093749,0.007006707604840152,0.006726154630421881,1.7041407596807014,1.7483918716313542,-0.019157209225750784,-0.018619157174246653
497,sp500,30,schur,0.000650108592459253,0.0006546982602539063,0.0072745669598016875,0.007133069492430236,1.4186623096643933,1.4570182855417517,-0.0196338021914511,-0.019357460911342075
498,reit,12,hrp,0.00041421643133235814,0.00033361063105797695,0.015272099889854101,0.015056238950879939,0.43055519836802963,0.3517415341452758,-0.028095347139017873,-0.02773128552810743
498,reit,12,schur,0.00018724372457819822,3.6050843923203335e-05,0.015293566006860888,0.015201361184237564,0.19435637034651387,0.03764724740848953,-0.028435110745484694,-0.02855113599615117
499,sp500,39,hrp,0.00014368628741073426,0.00016175813427734382,0.0064004166130375096,0.006253237883250603,0.35637509832523695,0.4106401872085888,-0.014186808145164403,-0.014028313816615514
499,sp500,39,schur,0.0002047400813926114,0.00024140020703125004,0.006262624653989699,0.006227698672879098,0.518975383677398,0.6153331570381769,-0.01374698812814311,-0.013729782287597659
500,sp500,30,hrp,0.0015099932534565837,0.0008442841591796874,0.009472750064045904,0.00900724455985758,2.5304583798921287,1.4879795299547478,-0.02130444943509341,-0.021582375723702567
500,sp500,30,schur,0.0012833805699739396,0.0006737711713867187,0.009045656260664213,0.00880468501141058,2.2522450960483726,1.2147834643104474,-0.02060320403761828,-0.02126005037144252
501,reit,25,hrp,0.0004118968929609094,0.00043462288271792476,0.009381583487561093,0.00931224699728673,0.6969676788697836,0.7408979135355821,-0.025627365669319547,-0.025129213594014887
501,reit,25,schur,0.0004237935374576457,0.00045965047475886593,0.00959026300088533,0.009471855856538177,0.7014941971325028,0.7703585430210751,-0.026159042547129207,-0.025355872742892183
502,sp500,38,hrp,-0.0004573113559655243,-0.0005420396596679687,0.010867047974992149,0.010874120109515368,-0.6680372382977646,-0.79129279009561,-0.025164198586798796,-0.025793772181919642
502,sp500,38,schur,-0.00028877175545247527,-0.0002560235317382814,0.010819948164185406,0.010638939750167921,-0.4236720392704376,-0.3820162219168053,-0.02521556428278131,-0.024868078072684152
503,sp500,23,hrp,0.0014195755471834719,0.0012309389677734376,0.014817440146213992,0.01437401190090688,1.5208472562282203,1.3594360754445705,-0.03365976597824954,-0.03386040426199776
503,sp500,23,schur,0.0009849786896853191,0.0006099005478515624,0.012270680523232429,0.011648263535991125,1.2742611893472013,0.8311857827279052,-0.02815964777978949,-0.02608527046421596
504,sp500,15,hrp,0.002266389003160016,0.002302745399902344,0.01765895893763167,0.01557258605463153,2.0373686912136315,2.3473911036224764,-0.03885713401003353,-0.034826254455566405
504,sp500,15,schur,0.0023279640348394127,0.002370655058593751,0.016319801430509318,0.014235780531754961,2.264444426060166,2.6435489288551572,-0.036115460889967484,-0.031797516148158476
505,sp500,20,hrp,0.0007136090668101322,0.0006226737836914065,0.006722937771355173,0.006788305385225977,1.6850063364961718,1.4561277544931013,-0.014906509409656868,-0.01491537690952846
505,sp500,20,schur,0.0007160039777988498,0.0006521076269531249,0.0067212791114291005,0.00677289730498643,1.6910785267948638,1.5284282615915783,-0.014710121762493424,-0.015336263759068079
506,sp500,29,hrp,0.0006390230453425523,0.0006846704130859376,0.008369554677279008,0.008009072196874753,1.2120329875652598,1.3570617908347336,-0.01972037347640351,-0.018650673924037388
506,sp500,29,schur,0.0006376999705412441,0.0006902704628906251,0.008486580428077846,0.008143866558328952,1.1928447841323193,1.3455161396137392,-0.020157424406515818,-0.01913450972202846
507,reit,16,hrp,-0.0017293710064425342,-0.0016115009283137615,0.013622819717351813,0.01317856349104445,-2.015215220877284,-1.9411663631314482,-0.030819960125652156,-0.03097308324015464
507,reit,16,schur,-0.0018521773223513656,-0.0017747795473333561,0.013882323021968871,0.013417339353684153,-2.117974306395397,-2.099801692614348,-0.0311842281357991,-0.03119528356931456
508,reit,13,hrp,9.297498676020029e-05,0.0001859446595357122,0.010073796184419627,0.009589471511637361,0.146512013116246,0.307814664961491,-0.02406649366169208,-0.022562848053493123
508,reit,13,schur,8.57676590233322e-05,0.00025917017634579336,0.009993168027840449,0.010641380219081762,0.136245020003107,0.386622686008052,-0.02361041613497856,-0.026140591975475126
509,sp500,36,hrp,0.0003565943226677032,0.00024890951171875007,0.007333083237706376,0.007467014297772222,0.7719480601543194,0.5291694704504386,-0.0182512750580111,-0.01847628015136719
509,sp500,36,schur,0.0004492844560157924,0.00042900490869140617,0.007120535452753067,0.007155752486976578,1.001633890961217,0.9517156735277237,-0.01739451176674047,-0.01729656698172433
510,reit,15,hrp,0.0013517478166533458,0.0012930962884938869,0.007912289915580227,0.007666006464169807,2.7120254158763513,2.6777002210518943,-0.01806003692554695,-0.017876041841592194
510,reit,15,schur,0.0013103049097877735,0.0012173553910388279,0.007937403768185466,0.007694004406538466,2.6205603501190327,2.5116852954766427,-0.01812379365962898,-0.01794731256061715
511,reit,14,hrp,-0.0017954992841920359,-0.0009973366605201736,0.059550464407882545,0.05151746670626517,-0.4786304824723895,-0.3073176861186535,-0.11279003401506138,-0.0951612297583282
511,reit,14,schur,-0.001709133332037819,-0.0006707533962526478,0.0632037767775358,0.055652752441425646,-0.42927261482549217,-0.19132710599400596,-0.1202752746600996,-0.10411271596514304
512,reit,23,hrp,-0.0002508286582201467,-0.0004913648394171112,0.015113930494086696,0.014070339815701835,-0.2634510929892802,-0.5543700515241684,-0.026530082200794152,-0.026918532889172737
512,reit,23,schur,-0.0003486094620590806,-0.0004625782052869067,0.015508874517685177,0.014162761178512954,-0.3568281915907847,-0.5184865624781684,-0.0270393989483534,-0.024526026055802157
513,sp500,22,hrp,-0.0013919457287338067,-0.0014189958154296866,0.030432273816649723,0.030365039911813007,-0.7260861792154427,-0.7418353573658983,-0.09323137749191353,-0.0935831338936942
513,sp500,22,schur,-0.001343626185623352,-0.0013723699238281251,0.029532553983857093,0.029232728743020683,-0.7222336566224901,-0.7452502071536714,-0.08990168271607203,-0.089531831917899
514,reit,17,hrp,0.0008704676174291463,0.0009830053604624768,0.010908682585576396,0.01120391990935613,1.2667198749173683,1.3927916705591203,-0.02060498299219618,-0.021498394067253682
514,reit,17,schur,0.0007876992550864198,0.0007820468936963933,0.010526999816609844,0.010654130048063957,1.1878349234401264,1.1652391617017375,-0.020149065120903302,-0.020837147444772084
515,sp500,40,hrp,0.0011601733471216505,0.0012465076162109377,0.008575794148893359,0.008529369788430389,2.14757730951744,2.319948067663031,-0.019663713272738432,-0.01903704660470145
515,sp500,40,schur,0.0011578807935975005,0.0012679631201171872,0.00852252054596807,0.008367100287404937,2.156731411460001,2.4056470979425044,-0.019910091949744534,-0.019062679888044085
516,reit,14,hrp,0.0007548888078084366,0.0007664413544072424,0.013364859176388067,0.011432448832591473,0.896641570228767,1.064240871560021,-0.028642167594986785,-0.025397229508487336
516,reit,14,schur,0.0007878755484194449,0.0008422180751545766,0.013368356124957098,0.011405572861970081,0.9355777534808167,1.1722162157969627,-0.02886851448806323,-0.025621392617875872
517,reit,13,hrp,0.0011225949011658225,0.001290659159462462,0.007406883488696012,0.007819954730368391,2.40595678553879,2.6200380547147737,-0.01712875928368689,-0.017416604711822135
517,reit,13,schur,0.0010086821280672353,0.0010925383365786535,0.007474376832712618,0.007727836154818798,2.1422966402506924,2.24429039007679,-0.01722877300366267,-0.017427319334308224
518,sp500,26,hrp,-3.3558514013685016e-05,-3.755912939453121e-05,0.007142693911912014,0.0070658706470730056,-0.0745831896570681,-0.08438205633938957,-0.018467910788494083,-0.018199765206473213
518,sp500,26,schur,-0.00014940572238184585,-0.00018179900390624996,0.00703777741405514,0.007023067976177164,-0.3370016094139779,-0.41092720836543745,-0.01780977953791508,-0.018045021248953685
519,sp500,31,hrp,0.0008513931198341359,0.0008503729199218751,0.0063292997965730055,0.006246382241865296,2.135377879479362,2.161131209067923,-0.015564920355490007,-0.0150680419921875
519,sp500,31,schur,0.0021706607675884334,0.002304693858886719,0.007712124109878365,0.007800701551698517,4.468051984044754,4.690075700248539,-0.017566764500032604,-0.016736909598214285
520,reit,23,hrp,0.0008611121593110599,0.0006247873975273737,0.00860864583892546,0.008689363682099147,1.5879073204539744,1.1414175789765186,-0.01964765039888468,-0.020456492723887696
520,reit,23,schur,0.0008834642199510115,0.0006855057275135541,0.0084463331474286,0.008309668706299457,1.6604317476577282,1.309566776785947,-0.01938064770918008,-0.019616597412369076
521,reit,18,hrp,0.0006466436659875746,0.0006215028302984502,0.009800754958048658,0.009496077785082017,1.0473835950810504,1.0389606942830723,-0.02459192807949731,-0.024045054887799573
521,reit,18,schur,0.0006860824626621926,0.0006596003877926732,0.010124803268689026,0.010053186341443388,1.075697093710713,1.0415435652994884,-0.02502939364898215,-0.02468809212205341
522,reit,22,hrp,-0.0005311613306813821,-0.0011403597397975245,0.02684267506429619,0.024727512727225277,-0.3141238606817505,-0.7320853439495445,-0.06603463189407972,-0.06135083795934843
522,reit,22,schur,-0.00043166099848291505,-0.000934019067422442,0.027475828997331926,0.025938917598310816,-0.2493976038610208,-0.5716157190043688,-0.06757392849227355,-0.06488692239677717
523,sp500,34,hrp,0.0004747544960645908,0.0003881956977539062,0.004047983383183289,0.004250863887926012,1.8617897528160272,1.4496854804492023,-0.008820094390633852,-0.009451132847377234
523,sp500,34,schur,0.0006673892614904784,0.0006393683652343753,0.004301100644823573,0.004412805893555418,2.463201156249099,2.300046362396151,-0.009575460300443876,-0.009683025948660714
524,reit,23,hrp,0.00207431397151705,0.0016612295739843483,0.01595688278342329,0.013824919466133925,2.0636056493698622,1.9075121561966504,-0.03127948753141086,-0.02664080852541906
524,reit,23,schur,0.0020749300673076287,0.001809835937063153,0.015317005197059046,0.013811616555537238,2.1504526016615424,2.080151494523036,-0.02970167782107493,-0.02584598339090932
525,reit,18,hrp,-0.000422121939023787,-0.000911486891827245,0.06457770776587561,0.06114430039790339,-0.1037661179598082,-0.23664357495726424,-0.1372375384287076,-0.1301015963317633
525,reit,18,schur,-0.00015988998497704565,-0.00023139479574859956,0.06614972487477579,0.0643622353760607,-0.038370149370682484,-0.057071953512642375,-0.13946265980551356,-0.13551990697995348
526,reit,23,hrp,0.0015641430846592467,0.0019479416914730064,0.04220207054026287,0.03149798898276385,0.5883597980788605,0.9817330154465989,-0.07424920620715846,-0.06066581779420303
526,reit,23,schur,0.0014113330267170382,0.0017013979589097937,0.040413787051450004,0.03163994854705871,0.5543706459924133,0.853631453995522,-0.07200106850907297,-0.060301566745572445
527,sp500,23,hrp,0.00043813331049326375,0.00046047835888671874,0.008400508728721244,0.007878921070081918,0.827943986317418,0.927775169395426,-0.01862251668567466,-0.017648511204310824
527,sp500,23,schur,0.00044401716785611036,0.00045140696972656257,0.008065821199743105,0.007642116799231931,0.873879280161509,0.9376804464159308,-0.017749253882911077,-0.016798798069545203
528,reit,19,hrp,0.0011605886380775252,0.0011566874684010417,0.00577930778272716,0.005885934548860227,3.187885843329805,3.11961408399281,-0.012649880559842846,-0.01227271717306245
528,reit,19,schur,0.001184469341539522,0.0011765518531208219,0.005852850634843263,0.005659061160964616,3.212599988085558,3.3004028612399217,-0.012743239834144965,-0.012381527743614609
529,reit,19,hrp,0.0008416099056991772,0.0004388091971937449,0.02056557729598343,0.018754006715731766,0.649636179727402,0.3714342304704408,-0.03982566321463229,-0.03576693297314508
529,reit,19,schur,0.0009525705946589743,0.0006810310123933027,0.02077911702689844,0.0192165553791519,0.7277301234036337,0.5625894938080462,-0.03977462514047146,-0.03617084601539428
530,reit,13,hrp,0.0011227737970182985,0.001153443930003667,0.005525231166051151,0.005555710570544206,3.2258345284183148,3.2957718923227852,-0.01042297581048841,-0.010387417808410706
530,reit,13,schur,0.0013603471824483202,0.0013846536634255081,0.01857042683925004,0.020027126683020296,1.1628619113456033,1.09754613430925,-0.034975414151046894,-0.03793322637278218
531,sp500,29,hrp,-4.9091904011084115e-06,1.5999472167968868e-05,0.011906533837995725,0.011255756792599853,-0.00654522825033252,0.022564786310544052,-0.021571741278689653,-0.0204588874773298
531,sp500,29,schur,-4.1569036729304746e-05,-3.4659863281249744e-05,0.011602828316183006,0.01114202324477629,-0.05687302979715078,-0.04938136101664208,-0.021239286946576213,-0.020524088457380022
532,reit,21,hrp,-0.00018228840189514497,-5.878563753118324e-05,0.010051955763560442,0.009696707188754535,-0.2878781739495757,-0.09623814014943319,-0.024358513971373848,-0.02317960423125892
532,reit,21,schur,-0.00028221951198296417,-0.00020249567477704467,0.010396071193194219,0.010314252699015241,-0.4309412449920995,-0.31165798201401035,-0.02477783990173068,-0.024516463406394625
533,sp500,17,hrp,0.0005939098363261737,0.0005896138540039062,0.006874401346171312,0.006555065696330718,1.3714687132626768,1.4278773390105568,-0.01440554340659471,-0.014213054809570313
533,sp500,17,schur,0.0007189884994968006,0.0007567410668945313,0.006829251786882542,0.00641054192921066,1.6712795116189854,1.873927688468439,-0.014241659844041379,-0.01387707216971261
534,sp500,27,hrp,0.0015583253383146026,0.0007369117490234373,0.010956774865653777,0.011554080144593413,2.2577490315157744,1.012465831144502,-0.02213335891999348,-0.022155748334612167
534,sp500,27,schur,0.0017325607579885827,0.0009775706376953127,0.0113384587588591,0.011460997844469087,2.4256867680710767,1.3540228336691216,-0.023190210507037307,-0.02210641733224051
535,reit,23,hrp,0.0007819911192414249,0.00122965696752677,0.005109127342386603,0.005148398600781469,2.4297151630682263,3.791508917160963,-0.01065157681776357,-0.00832600021806659
535,reit,23,schur,0.000850917336704788,0.0012112877970643394,0.004884706965126132,0.005241160644965815,2.765343766085444,3.6687670852879406,-0.009548666226828652,-0.008331954836445278
536,reit,22,hrp,-0.0007864705103397883,-0.0005510516739592708,0.01384068868876397,0.012974218549802772,-0.9020383727874846,-0.6742351456061642,-0.03291352934827637,-0.030288174513852652
536,reit,22,schur,-0.000781067782109167,-0.0003610359199271099,0.0182736356013227,0.023770233412615954,-0.6785221573738924,-0.2411111179030124,-0.039947489825626306,-0.04527355044210978
537,reit,22,hrp,-0.0011571777208763327,-0.000712658487723599,0.012031044187828752,0.010912792019612535,-1.5268522454138644,-1.0366827067797266,-0.027855100744175038,-0.026825212250784266
537,reit,22,schur,-0.001268054230273505,-0.0008344048930620558,0.012341239221336349,0.01112571452485353,-1.6310952646214927,-1.1905542793747212,-0.028166119860126713,-0.026566392154167565
538,sp500,21,hrp,0.0004087031081255576,0.00047600697753906246,0.009575869919744863,0.009324237248949426,0.6775322513078862,0.8104015704073373,-0.024636090661956215,-0.023493902265276225
538,sp500,21,schur,0.00041710007622208724,0.00048419828173828106,0.00946781897837081,0.009243788620738979,0.6993435823165401,0.8315215489783883,-0.02437175927239595,-0.023359035522460936
539,sp500,21,hrp,-0.0009243649223798829,-0.0008080722348632809,0.03243623377162488,0.03157868003367906,-0.4523903217323829,-0.40621549207457563,-0.08665195344512876,-0.08435118077741352
539,sp500,21,schur,-0.0009314547895437514,-0.0008828246391601555,0.031918052376154714,0.031292520522605005,-0.46326092236264466,-0.4478516413807237,-0.0865505249163536,-0.08481404174804687
540,reit,14,hrp,0.0013254830022304035,0.001273462449293231,0.007026080585441488,0.00718205233535828,2.994755054371095,2.8147371705063025,-0.013662599430909833,-0.01517383336902435
540,reit,14,schur,0.0012746615755905282,0.0011920884703957078,0.008089769716885319,0.00975115849400454,2.501260965001166,1.9406737991554328,-0.016244073112580252,-0.019382492126744522
541,reit,16,hrp,-3.1811330279281806e-05,0.00023672399253191925,0.009781868554056519,0.00900274912254197,-0.05162502542004548,0.4174143731497833,-0.023237851250902088,-0.021194426836507765
541,reit,16,schur,-3.141588754404323e-05,0.00023184390367592234,0.009852109618130423,0.009091379445846572,-0.05061979345314047,0.40482392079222174,-0.023422504890418885,-0.021452902018667445
542,sp500,18,hrp,0.001034834858622021,0.0009454007944335938,0.008795527738210886,0.0083421199179555,1.8677098853591771,1.7990357961436794,-0.019660206640896825,-0.01806272364153181
542,sp500,18,schur,0.0011690528914266567,0.0011579771904296873,0.00873742334150698,0.008430529028083254,2.1239830778274693,2.18044656003667,-0.019574283182599777,-0.01848832425362723
543,sp500,17,hrp,-0.0011633459801224746,-0.0009705149804687501,0.014528951631129562,0.014129515127302908,-1.2710858554457711,-1.0903734171406747,-0.03401773135565635,-0.03312021573311942
543,sp500,17,schur,-0.0012168052213431988,-0.0010390763740234373,0.014054004223382053,0.013631010019056738,-1.374425661971636,-1.2100956605674873,-0.03327201410351381,-0.03194269211251395
544,reit,14,hrp,0.0007226921382558955,0.0010090406898849655,0.017603486965110864,0.016627386867742087,0.6517107693752535,0.9633518782292676,-0.035273526333682734,-0.033095887129905834
544,reit,14,schur,0.0007851844502411799,0.0010772049970690666,0.01737078903181719,0.016408051327858972,0.7175504065525379,1.0421773346510004,-0.034298478495099136,-0.03199108994107846
545,sp500,25,hrp,0.0007382772617068008,0.0007588718867187499,0.007611914415005705,0.0071923491777566625,1.5396636850561438,1.6749350507833098,-0.017865891996172563,-0.016988601649693083
545,sp500,25,schur,0.0007005314471415594,0.0007344599101562502,0.008009652065968258,0.007530714357457528,1.38839888133845,1.5482182788908734,-0.019161911051819105,-0.01815470120675223
546,reit,12,hrp,0.0007101370356193366,0.000758442770388543,0.009275603610122102,0.00837390103312828,1.2153468854415495,1.4377893501614363,-0.019948274112026956,-0.0166836554125395
546,reit,12,schur,0.0007304061438398796,0.0008157052000602858,0.009162251083110024,0.008286806015699201,1.2655010183488906,1.5625946342268355,-0.019618638688280517,-0.01651430102640617
547,sp500,12,hrp,0.0003338620865792998,0.0004293012163085938,0.010173429288255048,0.010361381979002954,0.5209547508046517,0.6577255378819936,-0.026433214239337133,-0.026714671194893975
547,sp500,12,schur,0.000403586944437766,0.0004815453627929687,0.00939167777739886,0.009429368868148519,0.682172480370494,0.810690063838854,-0.024198668260566193,-0.02411113321358817
548,reit,16,hrp,-0.00019667591528141893,-0.00024045048836319636,0.010629818241401192,0.010461791451318517,-0.2937146518746406,-0.3648546414598257,-0.024628122547436692,-0.02433235360057762
548,reit,16,schur,-0.00017835395053073777,-0.00020259376927374745,0.010654839978392137,0.010546051156875038,-0.2657272372408492,-0.30495550762814444,-0.02462102087094122,-0.024507202296981955
549,sp500,19,hrp,0.00043934414873360273,0.00030967491406250024,0.010729629505690542,0.010979488019664073,0.6500105284552467,0.4477382597898635,-0.024723414394653594,-0.025115804870605465
549,sp500,19,schur,0.0004786122384981715,0.0003308257060546873,0.011852105094298798,0.012923503044277617,0.641045087310549,0.40636778241745675,-0.02696716027693504,-0.02900988352748326
550,sp500,18,hrp,0.000482166098113184,0.0004157145893554686,0.007277889119677241,0.00692297736986617,1.0516991110387475,0.9532408046890707,-0.017228420793001464,-0.015581388828822543
550,sp500,18,schur,0.0005266605516672456,0.00047955622656250006,0.007029640973528506,0.006747679336409537,1.1893177904591021,1.1281981124776281,-0.016123922907701708,-0.014750087393624442
551,sp500,38,hrp,0.0007529965251831615,0.0006803006088867189,0.008303358722686721,0.008650819523819821,1.439592056853206,1.2483715950314842,-0.01626681568258417,-0.01670398978097098
551,sp500,38,schur,0.0008991908560676331,0.0008781696757812501,0.007830781572493829,0.007994441643344327,1.8228336706732529,1.7437754940419703,-0.015360021075481827,-0.0158396203351702
552,sp500,32,hrp,0.0013798434893190546,0.0010785994360351565,0.01310029909403548,0.01111472782751559,1.6720485668569152,1.5404997313234698,-0.0314610931302738,-0.027613010253906254
552,sp500,32,schur,0.0014096703269415628,0.0013505819902343752,0.014419698626451026,0.014136590115682782,1.5518925376843722,1.5166192308562534,-0.033732162989383314,-0.032638763087681356
553,sp500,39,hrp,-0.0002485956277236247,-0.00033176416748046864,0.0047888392618383405,0.004679813760170504,-0.8240688467654499,-1.1253851448700238,-0.011514558275400119,-0.010944734436035155
553,sp500,39,schur,-0.000253147820202149,-0.00034084913085937515,0.004858221024659291,0.004738450485971495,-0.8271746062520281,-1.1418948504574622,-0.011625499790154531,-0.011017339355468751
554,reit,20,hrp,0.001415734888870693,0.001065710958096874,0.016916450979152346,0.018105389362958843,1.3285348479887389,0.934397855161039,-0.0336526844144076,-0.03740643888227263
554,reit,20,schur,0.0013552740656759459,0.0010661669796206568,0.016400995489780856,0.017360929583073788,1.3117684734496136,0.9748830570323748,-0.032944021868091526,-0.03611220507356195
555,reit,15,hrp,0.0012837992750352818,0.0012915031662875994,0.006767768969012367,0.006897729839817386,3.0112850754396026,2.9722789452188367,-0.013651583565674173,-0.0137671046184832
555,reit,15,schur,0.0012677672002233673,0.001273501849033046,0.006895529044532459,0.007163720595958647,2.9185839495015156,2.822027304043513,-0.013777789354738277,-0.014292872387613509
556,reit,22,hrp,0.0008909186826598668,0.0010972650091048957,0.0084488399116697,0.007866507730132031,1.6739452734405873,2.2142661796195955,-0.018779979922045015,-0.017039571375230954
556,reit,22,schur,0.0009154868709966622,0.0009964790234833682,0.008182180327737558,0.007591484382022232,1.776165148297276,2.0837313627935194,-0.01795388367426251,-0.016173927386958102
557,sp500,13,hrp,0.0006855328715103477,0.00044649057519531257,0.015494259309092812,0.015868190216035732,0.7023567080145522,0.44666833783245397,-0.028640761175504372,-0.031071189636230467
557,sp500,13,schur,0.0005936069303546821,0.00024400535644531217,0.015920009019497788,0.01677976473484285,0.5919103358494723,0.23084143380679417,-0.030276461465037013,-0.033367462995256704
558,sp500,40,hrp,0.00016092590955311397,0.00019370026269531262,0.01149633080618766,0.011595648991329505,0.22221173522003276,0.2651767353580026,-0.023241404222574365,-0.02367383544921875
558,sp500,40,schur,0.0002769840157994342,0.0003395695878906254,0.01097674657318948,0.010762675485285205,0.4005726932250848,0.5008513079787301,-0.02157128478259236,-0.020922612156459262
559,reit,24,hrp,0.0007074579445942499,0.0007505231871248753,0.007230256025216319,0.00699207881029965,1.5532709585154396,1.7039547981595897,-0.016316096923285957,-0.015197551282014374
559,reit,24,schur,0.0008131534064778807,0.0009333189875549003,0.007371548642072994,0.0073033819511739585,1.7511123882488415,2.028646414611737,-0.01652407085006452,-0.015584865886748525
560,sp500,17,hrp,0.0006282769109457062,0.0006091888129882813,0.006690050211390849,0.006402490825634784,1.4908089550801429,1.5104391192843232,-0.015098868288676662,-0.014335221479143413
560,sp500,17,schur,0.000635345283984296,0.0006021272626953124,0.006788205056503429,0.006786755675856021,1.4857821212719933,1.4084010718446138,-0.014773314532350515,-0.01497925471714565
561,sp500,26,hrp,0.0003122826181706797,0.00023988553173828135,0.0053166586637801065,0.005482741155978021,0.9324151111032438,0.6945549046136972,-0.01230350138216678,-0.012773946358816962
561,sp500,26,schur,0.0004151128111504923,0.00036263307275390637,0.005540952847759642,0.005626005279322873,1.18927407741994,1.0232165240230668,-0.012904551176792687,-0.01321091805594308
562,reit,17,hrp,-0.0005533453925969064,-0.0003594596328640915,0.009299587347712582,0.00905154455103766,-0.9445672651023074,-0.6304166915795206,-0.024211225636765817,-0.02346087212097445
562,reit,17,schur,-0.0005232676157857298,-0.00036401600482172575,0.009391392590213987,0.00911740094329455,-0.8844924544707116,-0.6337962943576965,-0.024434002579684786,-0.023681250243297074
563,sp500,31,hrp,-0.0006057159791782633,-0.000690527031738281,0.012032713845658438,0.011721455739088175,-0.799108430533429,-0.935189027820815,-0.02828300896883486,-0.02793443280029297
563,sp500,31,schur,-0.0004215951421855921,-0.0004785580541992188,0.01131384494835921,0.011098998577757842,-0.5915420824311856,-0.684464777852354,-0.027460115969034752,-0.02714347012765067
564,sp500,37,hrp,0.0002308544503930348,0.00019211891699218742,0.007237060426419574,0.006698501605112568,0.506379741611175,0.4552948463499074,-0.016411298823422297,-0.015469361188616073
564,sp500,37,schur,8.757342010741788e-05,3.829141162109355e-05,0.010118544824579889,0.015094520387700795,0.1373898095509386,0.040270064856742505,-0.02042924514269965,-0.030043665902274
565,reit,14,hrp,0.0006400903300991149,0.00046434079253028515,0.0077084206316507696,0.007312023829146807,1.318184290389584,1.008090473436919,-0.016248251467977547,-0.016058839455343997
565,reit,14,schur,0.000868887782692219,0.0007743613122031786,0.007686071145376614,0.007286180044555852,1.794566519157533,1.6871124055163074,-0.016346711116993,-0.015602607550811982
566,sp500,17,hrp,-8.315344210451933e-06,-0.00010202203906249999,0.009126955082828238,0.008800679662107937,-0.014462873530394858,-0.1840255211896486,-0.017210007866318242,-0.016306525765555246
566,sp500,17,schur,-3.5013855192322216e-05,-0.0001273256640624998,0.00967667473839309,0.009487707346752557,-0.05743995067621486,-0.2130369521194176,-0.01937858817166763,-0.01876649303327288
567,sp500,22,hrp,0.000397616057934574,0.0004577262280273438,0.010505394376100012,0.010201605686824123,0.6008302985601605,0.7122583278097678,-0.021779266594839586,-0.021175649911063056
567,sp500,22,schur,0.00040921943988209613,0.00045754791455078156,0.010597465705169886,0.010379290715393343,0.6129915772520919,0.6997923237676977,-0.021608408998080506,-0.021052859776088166
568,sp500,12,hrp,0.0010143007526058196,0.00090802481640625,0.005955676081861404,0.005849056239921489,2.703559605124037,2.4644056236856433,-0.00964792377209629,-0.009816713579450334
568,sp500,12,schur,0.0010071710124071847,0.0008984085268554687,0.005759136817085035,0.00566892508612345,2.776170226035332,2.515784387715264,-0.009702043129366969,-0.009818252764020648
569,sp500,21,hrp,-0.000856515901737958,-0.0009755484223632812,0.03176656996464236,0.03183171804749702,-0.42802129518418447,-0.48650691997649126,-0.08324820186152294,-0.08344402256556918
569,sp500,21,schur,-0.00078964783086177,-0.0008949682124023437,0.03146422614462829,0.031592185447171475,-0.39839755298831986,-0.4497055118806226,-0.0826585975250272,-0.08307933933803013
570,sp500,27,hrp,0.0007213287331643941,0.0007567317612304687,0.007786587533964938,0.007615859616016774,1.4705721343170732,1.577332684958451,-0.018643392001790427,-0.018004854056222097
570,sp500,27,schur,0.0008396243179733489,0.0008267328349609376,0.007854648827221295,0.007965714194692396,1.6969088158704368,1.6475580935018814,-0.01853147285505811,-0.01860048658098493
571,reit,17,hrp,0.0014646031433819837,0.0014538809386844844,0.012295031045633672,0.012317628938514312,1.890995966944706,1.873708366532553,-0.024059383836188518,-0.022899025702489972
571,reit,17,schur,0.0014560327947089622,0.001444592031007534,0.012232948685021835,0.012060769289949494,1.8894711854408799,1.9013868028351855,-0.024067683447214622,-0.02251952699053572
572,reit,12,hrp,0.0005013338333038452,0.0006248047192144927,0.0124678794885198,0.011816954454879871,0.6383144694168795,0.8393421052774427,-0.023830555987697646,-0.02307256398431773
572,reit,12,schur,0.00045802327805173035,0.0005507601328617594,0.012334287980598584,0.011773492905399759,0.589486328019718,0.7426042663682895,-0.023938662477362014,-0.02333708613584639
573,reit,25,hrp,0.0009009838979799641,0.0006433899639832895,0.01901510718255373,0.019080012428451455,0.7521743547727193,0.5352983433688707,-0.03677609032732134,-0.039187041289511185
573,reit,25,schur,0.0010571375812305378,0.0010719550262313342,0.018720547191587594,0.018078485058008464,0.8964235220987105,0.9412712648057224,-0.03549013519418045,-0.0359795542042614
574,reit,16,hrp,0.00014430264754142292,0.00021397890364126016,0.010194694390742673,0.009858262956835345,0.22469859573397077,0.344564737618299,-0.020435462731578345,-0.019635372523278093
574,reit,16,schur,0.0007610880224471118,0.0012950469923435253,0.013754262422857415,0.018825865145595096,0.8784111737807043,1.0920206592528934,-0.0224992151351148,-0.02482142616170342
575,sp500,16,hrp,-0.00017347906283121894,-0.00029203259130859374,0.008835284910380634,0.008927429274370133,-0.31169280623108775,-0.5192842783172752,-0.02205429026040611,-0.022427731270926336
575,sp500,16,schur,0.0001797546488759974,0.0001818630527343751,0.008321062046003636,0.008282249593987566,0.3429269691568053,0.34857515805040157,-0.019825732617566292,-0.019455648716517858
576,sp500,16,hrp,0.00010382813951884782,2.3389706542968628e-05,0.009709329414364306,0.009818090032959066,0.16975638040521115,0.037817954333521815,-0.01788678596956478,-0.017589412833077567
576,sp500,16,schur,0.000166150649869446,0.00011651968310546877,0.009675263349233059,0.009654726842877286,0.2726085795449689,0.1915841490027599,-0.01882162109462564,-0.018526149701799666
577,reit,12,hrp,0.000831655187756115,0.0007706745190901974,0.012361147038344138,0.011411095222903523,1.0680333127017776,1.0721213412684893,-0.023138454919127287,-0.021080732554961713
577,reit,12,schur,0.0007129946812430334,0.0006168575627929864,0.012242859812613293,0.011411792746013338,0.9244931208331008,0.858086932609148,-0.022588453682844074,-0.021003922499474952
578,reit,13,hrp,0.00077052062176299,0.000873080124124171,0.008854381723286403,0.008838934330507036,1.3814217698816915,1.568030350735813,-0.020675795111364158,-0.02047185937187967
578,reit,13,schur,0.0005886802817686437,0.0005655162714927052,0.009016354530697252,0.008860959682928845,1.036451010428591,1.0131286927844148,-0.02141951565521637,-0.021286664322325934
579,sp500,18,hrp,0.001373220676956436,0.0013355912451171873,0.008278613000457749,0.007941780583324407,2.6331950095294503,2.669659971645312,-0.015474783657342502,-0.014869598702566964
579,sp500,18,schur,0.001312366297122045,0.0013136378017578128,0.008965302733133205,0.008808734992408168,2.3237552291739507,2.3673494134584545,-0.016975468810629328,-0.01674377118791853
580,sp500,40,hrp,5.7884047814732815e-05,6.389619873046866e-05,0.008290405195092727,0.008219830684868486,0.11083665402955631,0.1233992217438619,-0.018138908356974792,-0.0180960184500558
580,sp500,40,schur,5.383544278283396e-05,2.8096658691406025e-05,0.007713918235164238,0.0075749881211905805,0.1107882056683945,0.05888070347836119,-0.017141461123983508,-0.01674921187046596
581,reit,21,hrp,-0.0006123943663438599,-0.0004064308621412345,0.010429649637223764,0.00997007153010238,-0.9320983469244077,-0.6471257401437566,-0.024738135288200708,-0.02318072544412254
581,reit,21,schur,-0.00032376633209106766,9.994531391796929e-05,0.009711066711437991,0.009149663843818566,-0.5292550590346045,0.17340338389275992,-0.022049237635688446,-0.019888548759392135
582,sp500,29,hrp,0.0008828417006156115,0.0007410298999023435,0.0054237655708354844,0.0052191966470247495,2.583938656301224,2.253888054195852,-0.009716529562125995,-0.009870931649344309
582,sp500,29,schur,0.0008682555822234685,0.0007071596567382814,0.005561477854039273,0.005289679592992507,2.4783214878812707,2.1222101143054366,-0.009705409706940843,-0.009671226143973213
583,reit,14,hrp,0.0012980602108524117,0.0013800584787320553,0.007480029552362686,0.007495131192788876,2.7548109113703343,2.9229307150466495,-0.014377871558869321,-0.014211376472417566
583,reit,14,schur,0.0012398001169552904,0.0012371231314275424,0.007177737439128278,0.0072276501094595165,2.7419805859804756,2.7171654111802455,-0.014632593530715384,-0.014809942262186442
584,sp500,12,hrp,0.0009883586354236707,0.0009129250063476562,0.00575992486006914,0.005638450672649917,2.7239429878008488,2.5702513041364985,-0.010173401086489722,-0.009846945704868862
584,sp500,12,schur,0.0009559169490606961,0.0008786356582031253,0.005700317836946593,0.005643663748092461,2.6620815823851713,2.471428010314834,-0.010000209554859378,-0.009876753077915735
585,reit,12,hrp,0.000956766871408277,0.0012089830408913206,0.007895020920727764,0.0072464637612516866,1.9237698517801576,2.6484657103485403,-0.01574112083056548,-0.014518917863574293
585,reit,12,schur,0.0009784143877473554,0.0012286573652637723,0.007981710163135702,0.007394601419063652,1.9459297039646313,2.637644668675665,-0.01571209926847411,-0.014433828140253289
586,reit,22,hrp,8.919003707823103e-05,9.668093042585419e-05,0.009698609180196271,0.00983226981091773,0.14598463747697096,0.15609439326722838,-0.02422293726811876,-0.02446510673671053
586,reit,22,schur,3.3628101473931193e-06,-0.00010323206832279678,0.0098442606682397,0.010109117391294407,0.005422749146636077,-0.16210695921534465,-0.024793001596366132,-0.025708101096095958
587,sp500,27,hrp,0.0015931325646498804,0.0016386262451171876,0.016704323688488468,0.017191232057504592,1.5139909822964603,1.5131193117032316,-0.03649791468788699,-0.036474745431082596
587,sp500,27,schur,0.0017875815120129714,0.0018645609174804685,0.01625496972691401,0.015825786643785457,1.7457415947858672,1.8703011495182478,-0.0357785549513903,-0.0341893837890625
588,sp500,35,hrp,0.0009699368563658821,0.0010635611738281248,0.009572134614336529,0.008537833380627026,1.6085513708946757,1.9774935241332852,-0.020778962045028656,-0.018645771414620538
588,sp500,35,schur,0.0009093524516321599,0.0010088584790039058,0.009878900228802738,0.00880790632056309,1.46124794384152,1.818267733346581,-0.02109621888799308,-0.018749579790387837
589,reit,16,hrp,0.0002865400523681207,0.0003785096011489939,0.013658999296420709,0.012712054444471762,0.33301724501477914,0.4726736867899404,-0.02545843853953844,-0.02405721636271157
589,reit,16,schur,0.00020005754663578518,0.0002875092060344067,0.013625507023372374,0.01282857741450812,0.23307867313505198,0.35577344278956624,-0.025532117759616273,-0.024316927522916497
590,reit,21,hrp,-0.000650408866865965,-0.0004202041574976226,0.012673946565521956,0.010982198567276315,-0.8146571093742618,-0.6073951552434107,-0.027081040377470982,-0.022700498199573593
590,reit,21,schur,-0.0005776827914094895,-0.00043290484882980876,0.012494391507030835,0.011288847481225894,-0.733963715747684,-0.6087558043081861,-0.02675606159955613,-0.024379031946280095
591,reit,16,hrp,0.0011276118108239795,0.001357080208521359,0.009525732139411486,0.008795064817255484,1.8791503161312566,2.4494396452002145,-0.022418005516092552,-0.020165367978951576
591,reit,16,schur,0.001151752962084837,0.001384804457141052,0.009655105895930502,0.00891147065286373,1.8936624469812553,2.4668306842518555,-0.022681178536342172,-0.020392701779546718
592,reit,20,hrp,0.0011204310208607318,0.0013377027455009523,0.007313205529116193,0.007441652239480946,2.4320786532780247,2.8535830583,-0.018046160853346104,-0.0177554594320252
592,reit,20,schur,0.0010457985252967142,0.001170338056118211,0.007342691960372172,0.007429220113859568,2.260960558617485,2.500739026902983,-0.018047768216154052,-0.017908236639429302
593,reit,22,hrp,0.0012452215611042053,0.0013606610153051688,0.005976388062653146,0.005492064121069167,3.30756290587473,3.9329154785512266,-0.010731179102828245,-0.009390021228438865
593,reit,22,schur,0.0011996078677908157,0.0012850204119535399,0.005944706079423477,0.005494016770928058,3.2033853784193345,3.712960387374134,-0.010554703237855807,-0.009402429246135971
594,reit,19,hrp,0.0005285808929904819,0.0005160939505701208,0.009371441881948871,0.009079151146750291,0.8953757222740825,0.9023682220614688,-0.022151710966409378,-0.02153526198761086
594,reit,19,schur,0.0005362216713067063,0.0005365649073905967,0.009228952368906704,0.008887163887695377,0.9223425150577713,0.958427677359773,-0.022033475455229844,-0.02131694266950588
595,sp500,15,hrp,7.959041940912074e-05,6.980626269531249e-05,0.006789515055175902,0.006568811587502012,0.18608968810460022,0.16869719149628662,-0.014134558527781697,-0.013449437526157926
595,sp500,15,schur,-0.00036800760237049707,-0.0005772847890624996,0.009681296579818284,0.010645069124050374,-0.6034253295058674,-0.8608785737627642,-0.022299626302017372,-0.02429473794119699
596,reit,15,hrp,-0.0005853882451512796,-0.0006112012255821223,0.011566121351445609,0.011686701870516385,-0.8034456859112342,-0.830218719613868,-0.024318219450350367,-0.02519631795942926
596,reit,15,schur,-0.0005560134633289582,-0.0006911772482409846,0.013269519179448642,0.015450540626273516,-0.6651665352805702,-0.7101433490043476,-0.0296764073394891,-0.03478359270038094
597,sp500,19,hrp,1.6038167070166407e-06,-2.4232002929687574e-05,0.007397688073534276,0.007268458093444392,0.0034415888692122033,-0.052923345801855294,-0.018059358741019386,-0.017560173880440847
597,sp500,19,schur,-0.00010652247672690988,-0.0001276705830078125,0.007223197098064383,0.007117484711357804,-0.2341057390226212,-0.2847505483263859,-0.01735244242832065,-0.01710412654331752
598,reit,17,hrp,0.0018427739440371805,0.0019418975234240696,0.009384912202054112,0.009364813135149691,3.117038160909963,3.291754684950383,-0.017963544287450138,-0.017682334342732912
598,reit,17,schur,0.0018111713161482578,0.001916175386746972,0.009527425813992029,0.009597303277166817,3.017756723263745,3.1694675443530094,-0.018165598219150116,-0.018115614360793588
599,reit,24,hrp,0.0024073281452756277,0.0025567746039354675,0.015592990875529593,0.014196751779988795,2.4507902226202107,2.8589313380800347,-0.02645542160621674,-0.024626594200013792
599,reit,24,schur,0.0030490197601272724,0.004172682907091564,0.015925070873326192,0.020588840258865506,3.039338948750438,3.217242292413405,-0.02574456877600575,-0.028320694017353848
600,sp500,16,hrp,-0.0004085290243174027,-0.0003316291093749999,0.011499819548007648,0.011326622707299547,-0.563939041225895,-0.4647854035169555,-0.024930910675391223,-0.024489785182407926
600,sp500,16,schur,-0.0003456320677219533,-0.00027041369384765614,0.011489971894457073,0.011333401645612804,-0.47752414264606,-0.3787639796411206,-0.024740114948484555,-0.024318038164411273
601,sp500,14,hrp,0.0008206452676075229,0.0007851963759765622,0.005529136605659608,0.005641405577277368,2.3561255011884836,2.2094858943140454,-0.011644692409687263,-0.01205749379185268
601,sp500,14,schur,0.0008039327879627529,0.0007630519155273439,0.005531869472836627,0.005658852376250398,2.3070026198607114,2.1405530362195324,-0.011871682694734143,-0.012355053588867185
602,reit,22,hrp,0.0011804963531406147,0.0011127113012562217,0.01597934449713852,0.01471376549183146,1.1727514008805742,1.2004910853456563,-0.027666421823357063,-0.025917724496828238
602,reit,22,schur,0.0009033906339079357,0.0007585579753891084,0.015292751634385888,0.015556171180852892,0.9377567927113101,0.774080871663769,-0.02686095755456055,-0.027657843368559025
603,sp500,15,hrp,0.002321906228507237,0.002000376259277343,0.010465697694791411,0.010753122060570759,3.5218978958083684,2.9530947835207186,-0.018162448070153565,-0.018719278433663507
603,sp500,15,schur,0.002171153331815056,0.0018770256142578126,0.01007141650495827,0.010406945022449437,3.4221591995588345,2.8631704899631925,-0.017898233963577186,-0.018831577436174668
604,reit,22,hrp,0.00043794549727385146,0.0005003624238744287,0.012449397919942836,0.011904940424798699,0.5584341737832959,0.6672026024837218,-0.02277218700727831,-0.022197732018667336
604,reit,22,schur,0.0005319471125304146,0.0006134814767577664,0.012749548027349518,0.011518701634515053,0.6623292531038607,0.8454699876497165,-0.02307303410359248,-0.02154109906726836
605,sp500,40,hrp,-0.00019665441684735562,-0.00021888730175781247,0.006753999469257051,0.006515971752282887,-0.4622138484631245,-0.5332632377341658,-0.015683270367414587,-0.015378470502580914
605,sp500,40,schur,-4.843187998966858e-05,-5.263386230468753e-05,0.007083764105254266,0.007230063418503752,-0.10853442441846176,-0.11556422299917167,-0.016522670488340552,-0.016815930507114957
606,reit,22,hrp,0.0011969836990746974,0.0013553157815464165,0.013895738149567518,0.013158539648838228,1.3674356081249515,1.6350576591147281,-0.02821894540238704,-0.025994100083554395
606,reit,22,schur,0.0011479159005450617,0.0012935126795013154,0.013956667082820453,0.01337524913008606,1.3056555612467462,1.535214559841514,-0.02835851414475915,-0.026616868708646317
607,reit,24,hrp,0.001094469506633202,0.0008841109351039615,0.011520619073521277,0.01227617683575862,1.5080929836923813,1.1432570727708802,-0.02280558858994083,-0.024153659522202553
607,reit,24,schur,0.0011098512350840289,0.0009266168680036125,0.011511065322631351,0.01214735950259351,1.5305570482015052,1.2109287419303083,-0.02324779780918228,-0.024913640392798784
608,reit,20,hrp,0.001170332419393963,0.0011654814977646259,0.005894242168236685,0.005836008269055938,3.151966048845893,3.1702225821874266,-0.012734496394092491,-0.01172815314916882
608,reit,20,schur,0.0011160139537596983,0.0010534634854238605,0.005778612599920645,0.005692707093042051,3.065817613072017,2.9376558661788827,-0.012101694548645495,-0.011338732830513705
609,reit,18,hrp,4.708678310827155e-05,3.886730650766761e-05,0.00929555066324223,0.00914063043215793,0.0804126120048949,0.06750074488632436,-0.021973822565781974,-0.02212635306175137
609,reit,18,schur,0.0001531734298937875,0.00014731497171949025,0.00943130108059215,0.009207144044208245,0.25781732520173384,0.25399327589197146,-0.021522180310807465,-0.021471779787049085
610,reit,21,hrp,0.0007312579981212803,0.0010669931481489872,0.005561753038671578,0.005813797506004036,2.08717660831408,2.9134126371240954,-0.011230300751486464,-0.010238743014672634
610,reit,21,schur,0.0006884766268254157,0.0010033609990839235,0.005665868805731626,0.00587223919118787,1.9289588239861737,2.712400083546704,-0.011943233061539608,-0.010872234751764484
611,sp500,37,hrp,0.0006417486954057194,0.0006503585166015626,0.004883918997601238,0.004772298244209181,2.0859159864169845,2.163343709771528,-0.01098376019748072,-0.010413370326450894
611,sp500,37,schur,0.0006110341487382062,0.0006366657221679688,0.004979616344458158,0.004912173754677686,1.9479144033999938,2.0574913509910813,-0.010979366038944418,-0.0104053539515904
612,sp500,39,hrp,0.001198545796550265,0.001201540388183594,0.004676783291018711,0.004629894052957964,4.0682502249144274,4.119718966747593,-0.008915267993341766,-0.008670832484654018
612,sp500,39,schur,0.0011956521703068556,0.0011904473457031253,0.004767856862104622,0.004718517389799476,3.9809059566904064,4.005021957689031,-0.009121591573815225,-0.008880926635742187
613,reit,24,hrp,0.003835019794999632,0.0038040469456169,0.027855715840938565,0.021820392263313816,2.185513818819253,2.767474224733854,-0.0566445186540821,-0.04486184177398821
613,reit,24,schur,0.0036870240677564954,0.003394767547160365,0.026358958201936712,0.019717577692420926,2.2204858067137208,2.7331077362849086,-0.053610435009231475,-0.039716388077989516
614,sp500,31,hrp,0.00019357146274156836,0.00023624923828124996,0.010240194704950878,0.010116220580197833,0.30007746888968073,0.3707254465037007,-0.020874549261074092,-0.019856485464913507
614,sp500,31,schur,0.0003667486387429831,0.00048605742431640626,0.010691582820621789,0.011139292393564865,0.5445362252147641,0.6926761712695795,-0.021656361328106704,-0.021471499415806363
615,reit,12,hrp,0.0017191314425719852,0.001819023666869261,0.010504223993423338,0.010292531295465198,2.59803728724269,2.805539733610892,-0.020194648530845717,-0.019011417627166564
615,reit,12,schur,0.0017345765412390142,0.0018441494537832011,0.010563392230876127,0.01038883484724442,2.606695685147936,2.81792572904754,-0.020231828239175718,-0.019551315125415893
616,sp500,27,hrp,0.0003844508695374559,0.0003742911982421874,0.008199866595961242,0.007645146840994931,0.7442765417327434,0.7771843621046759,-0.018759437442120015,-0.017487329267229353
616,sp500,27,schur,0.0003809586900199549,0.00041447906933593753,0.008113800826941405,0.0075483846549801465,0.7453389416967187,0.871663481309914,-0.01857960755666197,-0.017348059823172432
617,sp500,21,hrp,-0.00016316233571714902,-0.00018764193554687497,0.008210403457229083,0.007811351100129507,-0.3154682708752274,-0.3813326713548525,-0.015253597788095614,-0.014488303920200892
617,sp500,21,schur,-0.0003073030680664227,-0.0003072429614257814,0.008153531309733031,0.007783981009259087,-0.5983033346008187,-0.6265856509983979,-0.01635757709222559,-0.01574296955217634
618,reit,23,hrp,0.0010927732084123356,0.0010951377771407774,0.006371072532859985,0.006118068195851638,2.722812651032867,2.8415461713531083,-0.011122824864585438,-0.010549697548909475
618,reit,23,schur,0.0025142095484977246,0.003422409651650484,0.012079761428381412,0.017975683995894307,3.3040254554697492,3.0223644869110493,-0.02262333318527417,-0.03533601984004977
619,reit,15,hrp,-0.0001607134598533637,9.925119423115872e-05,0.015385525175899051,0.01491532766370902,-0.16582125429641043,0.10563387537267745,-0.030547852662028467,-0.03032805697123697
619,reit,15,schur,-0.00033672284945731435,-0.00016400006238201812,0.015271160875135633,0.014589815245965207,-0.3500264037690645,-0.17844093543894374,-0.0303814860584247,-0.029444424621703564
620,sp500,24,hrp,0.002502657721829825,0.0022744103574218744,0.009991321210095322,0.009336619419086981,3.9762969137576203,3.8670468924198196,-0.017076536381776686,-0.01608432251848493
620,sp500,24,schur,0.0023211500558370938,0.0021296949116210943,0.009622937866175105,0.009149495316324065,3.829092043706368,3.6950517442438957,-0.015682809189554888,-0.015638317923409598
621,reit,23,hrp,9.229010797892715e-05,0.0002964080122421737,0.009410272671319863,0.008948320167774911,0.15568731069465908,0.5258340374256758,-0.018619777008579873,-0.017146534648317266
621,reit,23,schur,7.235446450123644e-05,0.00024965209583703563,0.009421765886918457,0.009032830935889635,0.12190830569117463,0.43874441881545484,-0.0186500028992485,-0.017377474748284934
622,sp500,26,hrp,0.00011254574545775678,6.222397509765621e-05,0.008463181867344594,0.008397646756052216,0.2111036191354087,0.11762521226006001,-0.020431195337039444,-0.02025742711530413
622,sp500,26,schur,0.0001816542007626592,0.00015747640332031254,0.008389407322104877,0.008210151028415628,0.3437276232101782,0.3044840947050319,-0.020745264830574973,-0.020129312561035156
623,reit,12,hrp,-0.0024395560922913285,-0.0026289292373827436,0.01535197090304208,0.015601650739022048,-2.522591569653016,-2.6749065568189034,-0.03904344652095509,-0.04089009841781232
623,reit,12,schur,-0.0024117408990465736,-0.002626361801101844,0.015036604767086723,0.01532518958610858,-2.5461332838517503,-2.720501487913899,-0.03802721103831599,-0.040639236336606786
624,sp500,35,hrp,0.00010035291862531312,-8.039341064453152e-05,0.007733082473193679,0.007471380328497361,0.20600494067594868,-0.17081259065538823,-0.016313345834825486,-0.01533542307826451
624,sp500,35,schur,0.0003056069870810709,0.00019170468359374997,0.007583913658402451,0.007325462670440101,0.639690895619109,0.41543007515585195,-0.015475109547591959,-0.0146779494367327
625,sp500,34,hrp,0.00026038452464742994,0.00015569938818359375,0.013340039842852374,0.012823423980587103,0.30985486051722216,0.19274502396972337,-0.027775088860317432,-0.027318171718052453
625,sp500,34,schur,0.0003746042127294414,0.00024917362304687483,0.01322174005476131,0.012929845119959512,0.44976360880835553,0.305920805891779,-0.026670322279319623,-0.02647173175048828
626,sp500,17,hrp,-0.0006917456774111027,-0.0006564305112304689,0.009430132381873145,0.009484826679798457,-1.1644716906318664,-1.0986506834604912,-0.023559556404511767,-0.023617893467494416
626,sp500,17,schur,-0.0005649094792216753,-0.0005065548237304689,0.009225261450238923,0.009242804194943286,-0.972076511876975,-0.8700074527669063,-0.022513539374356604,-0.022340974469866073
627,reit,12,hrp,0.0011521282670079707,0.0014568679148710467,0.00763261625860368,0.008043365126639751,2.396225438045457,2.875296696193843,-0.013726857446264071,-0.013727673444200634
627,reit,12,schur,0.0010711162575363718,0.0013564612543416643,0.007750607760141839,0.007879403150652694,2.1938206631379775,2.7328408561900983,-0.014154328988537229,-0.013530304452794382
628,sp500,18,hrp,0.0002616091908188246,0.00032092641699218733,0.009836772929631935,0.00931755453936836,0.4221828832769552,0.5467688876462867,-0.023130924729356104,-0.021876126961844312
628,sp500,18,schur,0.0001859750717976282,0.0002333079150390627,0.010168341215544122,0.00971594281494493,0.2903386774324978,0.38119289122216493,-0.023850846217691093,-0.02274369729178292
629,reit,15,hrp,-0.0020012013434878577,6.478056166581126e-05,0.06925550333818392,0.06301298427637751,-0.4587084771342356,0.01631980372874418,-0.1334016934651163,-0.12356962610236155
629,reit,15,schur,-0.0017798025720390535,0.0002753810617769271,0.06882056491859057,0.06288061181694173,-0.4105384773268345,0.06952125154504578,-0.13285256677950902,-0.12292893159683763
630,sp500,15,hrp,0.0005207257258103883,0.00039160820751953134,0.011319180104580683,0.01157645106989162,0.7302882853911083,0.5370028805269185,-0.024979713693793686,-0.027712210379464284
630,sp500,15,schur,0.0004841137595785114,0.0003510548369140624,0.010946496753770843,0.010969797769248193,0.7020572752655484,0.5080150871831076,-0.02284317070110432,-0.024198853559221543
631,sp500,28,hrp,0.0004117192484274343,0.0003231004291992187,0.005133741294280418,0.005156182936668007,1.2731144935538836,0.9947397848282427,-0.012669046187974707,-0.012539763427734373
631,sp500,28,schur,0.0003451955729761462,0.0002403354892578125,0.004976697437567225,0.005107203785693403,1.1010936283341148,0.7470247467866127,-0.011557386040829055,-0.011646914986746651
632,reit,25,hrp,0.0016938702740743414,0.001794020795141287,0.006879591660989902,0.006074904160314762,3.908568751675599,4.688007657960745,-0.012605179685285291,-0.012054691950740885
632,reit,25,schur,0.0016724690637800314,0.0017694509118263957,0.006939784011301162,0.006145874112057272,3.8257132017409927,4.570409661315395,-0.012738507267713655,-0.012022975193861961
633,sp500,18,hrp,0.0007018999299726774,0.0006575722451171874,0.01332115478128403,0.012823376399349627,0.8364376919801935,0.8140317692273569,-0.02364755087103761,-0.022632942068917413
633,sp500,18,schur,0.0008769962009890217,0.0008583489375,0.013156775397706726,0.012739371709699071,1.0581531317938933,1.0695870464377093,-0.02320135691091162,-0.021880696105957033
634,sp500,28,hrp,0.0004526661428317354,0.0004252141606445312,0.004067753450091516,0.004006123677799201,1.7665407536113147,1.6849368818686086,-0.008514629578840438,-0.008532417463030134
634,sp500,28,schur,0.00030913330900506997,0.00024532097900390625,0.003940017518277839,0.0038923193908818837,1.2455120117608935,1.0005216478663792,-0.008263060464706744,-0.008176611528669084
635,reit,12,hrp,0.0014829250834986207,0.0008728933522644624,0.01739759538767331,0.013642504718540628,1.3531011256843875,1.0157044232653116,-0.033654145670628674,-0.026141643375667333
635,reit,12,schur,0.0011770560505825396,0.0009846897266266733,0.04563231230868989,0.0549262148054857,0.4094726869800396,0.28459024286750867,-0.08158655779075948,-0.09628913103757264
636,sp500,15,hrp,-0.00045668014278745726,-0.0003345004374999997,0.012440167618378335,0.012179179352271547,-0.5827552121076253,-0.43599241564772945,-0.026408633610445768,-0.02479060809326172
636,sp500,15,schur,-0.0005220028017783941,-0.00041339381542968766,0.012442298017339636,0.012093590309903082,-0.6659973560799866,-0.5426364881552803,-0.027047342190969718,-0.025347542149135045
637,sp500,35,hrp,0.0014415218331572063,0.0012758085717773436,0.010498595876819618,0.010095999105549463,2.1796676382742755,2.006025654018901,-0.02225565593757012,-0.021014698564801898
637,sp500,35,schur,0.0013542080349554656,0.0011567434975585937,0.010271555801344767,0.009917870778794854,2.09290457252944,1.8514794315174412,-0.02165154068518127,-0.020372031537737166
638,sp500,12,hrp,0.0006285105922176506,0.000663519357421875,0.011766699350505358,0.011244373057503065,0.8479265121903945,0.9367390431666218,-0.0258358929235888,-0.025492569266183034
638,sp500,12,schur,0.000667906839155101,0.0006933331494140623,0.01128319566596241,0.01074662928842294,0.9396887802066956,1.0241650883275188,-0.025386986470476307,-0.024903750174386164
639,reit,20,hrp,0.0011346838846272957,0.0012044686317234027,0.007825233635388654,0.0075683624987252385,2.3018543715959683,2.5263518723278247,-0.01684172795237278,-0.016424517367431314
639,reit,20,schur,0.0010698486378005355,0.0011419365857109171,0.007949457580500275,0.008029945043618569,2.136412509234348,2.2575100096344785,-0.01743139209092694,-0.01719965869002892
640,reit,22,hrp,0.0002755401485252904,0.00010912644788633518,0.010311399063026036,0.01066770453171086,0.42419697157823694,0.1623900109206279,-0.02469466983211374,-0.025027572504735467
640,reit,22,schur,0.00028660468459033286,0.00019449093830782783,0.010175266735446468,0.01040462363863843,0.4471340593189009,0.29673806927943214,-0.02426780893938039,-0.02401262852438626
641,sp500,15,hrp,0.0004238042798173021,0.00029247423828125007,0.011102114296146638,0.010302816487129393,0.605982265567518,0.45064226875354413,-0.026278450370348642,-0.02407763641357422
641,sp500,15,schur,0.0001573217387452209,6.348520605468733e-05,0.010157536547980987,0.009879019033046279,0.2458672107619622,0.10201381326862427,-0.024135210638222642,-0.022968978358677457
642,sp500,20,hrp,0.0007761585147072536,0.0007912411318359374,0.008759271041472633,0.008366312465634166,1.4066392498812899,1.5013261365904391,-0.02044794275060427,-0.01969433950369699
642,sp500,20,schur,0.0009762562140319377,0.0009931715463867188,0.00850519668277592,0.008171374261254203,1.8221315187977083,1.9294318215903565,-0.019563620343935943,-0.018847870396205356
643,reit,25,hrp,0.0015068972642916846,0.0018999766700506348,0.009441194490892967,0.009026393968234306,2.5337103794345937,3.3414445127051753,-0.01891661419300041,-0.016740039398478256
643,reit,25,schur,0.001361280800356081,0.0016635079446997581,0.009723184004035185,0.009154180129966038,2.222488308834512,2.8847334855789493,-0.020018973476369745,-0.017608456747675204
644,reit,23,hrp,0.0011453055751819154,0.0008019437643811519,0.01786214120313075,0.01803713003213767,1.0178601857349645,0.7057920286313024,-0.03685103450082645,-0.03647775307034095
644,reit,23,schur,0.0011370001879213545,0.0008877840437026656,0.017343349025058564,0.01728074500303941,1.0407054831891507,0.8155397688544417,-0.03536873678641876,-0.03381977988367467
645,reit,14,hrp,0.001105911272032346,0.0012235654126459704,0.014584353916967292,0.012924439585149041,1.2037418515317222,1.502850366557243,-0.02748850867310108,-0.026539467995272008
645,reit,14,schur,0.0008986118223132872,0.0009290084573539868,0.013022124769108006,0.011933255208088099,1.0954449212452335,1.2358364760531437,-0.026020866479688643,-0.025202209732662923
646,sp500,35,hrp,0.0004413783799611924,0.0005129521596679688,0.006944078193973899,0.006614047347895109,1.0090129127330036,1.2311467797884879,-0.015159452152394897,-0.014383228149414062
646,sp500,35,schur,0.00043596825211567004,0.000530178029296875,0.0070000393502595085,0.006710272523188243,0.988677506141285,1.254243440571957,-0.01554750137835205,-0.01451913214983259
647,sp500,17,hrp,9.873467594044963e-06,8.469422949218765e-05,0.013264162278850803,0.012973453599402184,0.01181653508869531,0.10363309985348222,-0.03036810278465388,-0.029481546813964844
647,sp500,17,schur,-0.00019143517283551974,-0.00015280741357421877,0.013234860019659869,0.012856162701899121,-0.2296162673852607,-0.188683244376484,-0.030816240756209708,-0.029830936043875555
648,sp500,12,hrp,-0.00011453413475346626,-6.841334033203146e-05,0.018406288663246576,0.018006182626502117,-0.09877999070743111,-0.0603141782905294,-0.04003758354675766,-0.039079339102608815
648,sp500,12,schur,-1.5490739640086011e-06,0.00010879063867187487,0.018212393599800144,0.017714171169101418,-0.0013502226762516555,0.09749244448977556,-0.03942055964921563,-0.037978808288574216
649,sp500,16,hrp,-0.0006932831944923049,-0.0007089471572265624,0.0135024547940002,0.013305012955277768,-0.815076198551146,-0.8458606738734437,-0.033168264791704365,-0.03301087112862723
649,sp500,16,schur,-0.0005960766948662192,-0.000587868134277344,0.01357898990928012,0.013419922763989579,-0.6968430085626103,-0.6953927743180202,-0.033861386024784945,-0.033779384878976006
650,sp500,25,hrp,0.0009917588293937712,0.001041093369628906,0.0061173887415559725,0.006063571029431668,2.5735953695115805,2.725595990481376,-0.012055574167748412,-0.011579620195661274
650,sp500,25,schur,0.0010190968479885508,0.0010365246508789064,0.006149819209878358,0.006125913013548451,2.6305913032401147,2.6860189963015153,-0.011881351754488931,-0.011854675502232143
651,reit,25,hrp,0.0024532630535210108,0.003202369072652503,0.04221432599713432,0.031781120279643985,0.9225385629532713,1.5995670570322582,-0.07314090837469808,-0.05967540078762429
651,reit,25,schur,0.0021506336789363545,0.00273066873364365,0.042399366816880675,0.03174012979801743,0.805206629651854,1.3657166044554823,-0.07294836460543046,-0.05951360900797697
652,reit,25,hrp,0.00036309741021951737,0.00024316455348592008,0.008570018912520266,0.007719850571584674,0.6725764264503358,0.5000249138690875,-0.015214579182906005,-0.013916783716106731
652,reit,25,schur,0.00036838674609684214,0.00027199442032414323,0.008626940849528777,0.007509172634548403,0.6778716118247943,0.5750004394870062,-0.01552323282336014,-0.013607468762137254
653,sp500,30,hrp,0.0010895191291481689,0.001382066197753906,0.00763213971993814,0.007223485816017625,2.2661508595105357,3.0372622424845046,-0.01536166476723132,-0.014141147234235494
653,sp500,30,schur,0.0011425319206448906,0.0014469844096679687,0.007585788566580826,0.007184868599974025,2.3909356031592126,3.197019552159569,-0.015228747697288002,-0.014150291538783482
654,reit,25,hrp,0.0011031626847252949,0.000936574592793858,0.00716150896487906,0.006835621216970972,2.4453177120155476,2.1750270046930757,-0.014157614078818614,-0.013404500537843993
654,reit,25,schur,0.0012037077757805189,0.001078558092223668,0.00756024849131513,0.007228649607713205,2.5274656748928837,2.368572257409085,-0.014887273773243346,-0.01432474984395692
655,sp500,30,hrp,-0.0010613550266338446,-0.0010720422841796874,0.009543869244626472,0.009470631716204849,-1.7653729622097674,-1.796938597474063,-0.024578688411647565,-0.024016729134695873
655,sp500,30,schur,-0.0008274531431414781,-0.0008420288593749996,0.008943197747327462,0.00895060307036285,-1.46876003427206,-1.4933958803439469,-0.023225564942188557,-0.022714702104840962
656,reit,16,hrp,0.0011866565058551372,0.0011701899826103196,0.009272428138198842,0.009321221184569881,2.0315701298663837,1.9928923170352386,-0.019887173565617172,-0.01899181440753746
656,reit,16,schur,0.0011892423697886301,0.001170808290169358,0.009234787668651092,0.009082165181657975,2.0442957685250756,2.046428912112375,-0.02008868628519655,-0.019193882351699942
657,sp500,14,hrp,0.001376427319338893,0.0012337689868164065,0.006419339960597647,0.006242218849785326,3.4037932937768436,3.137582317735558,-0.014553721962061544,-0.014153828351702008
657,sp500,14,schur,0.0013872070257724511,0.0012889607143554685,0.006488106456418465,0.006289535221918709,3.3940917879280454,3.2532796585974593,-0.014667867260979947,-0.014196555803571428
658,sp500,28,hrp,0.0010127712179857184,0.0010415766875,0.005597024650958928,0.005368311254539049,2.8724627224950128,3.0800221028883636,-0.011059859047818893,-0.01041256120954241
658,sp500,28,schur,0.0010747024427619936,0.0011083248305664064,0.005436597209107517,0.0052574667222787235,3.1380607621751406,3.346499782258881,-0.010675065104851713,-0.010231464303152901
659,sp500,17,hrp,0.0015047030667493745,0.0015907415971679686,0.008931892441164723,0.008518842364469585,2.6742844058000776,2.964280698860555,-0.019412084298843748,-0.017853214477539063
659,sp500,17,schur,0.0015401741728539502,0.0016478436513671874,0.008904544870977459,0.008352585510022777,2.745733485185203,3.131809542663857,-0.01959027476719938,-0.017859673165457588
660,reit,21,hrp,0.0007262930530318822,0.0007348826803043832,0.009707593089035712,0.009364434962278826,1.1876831546101103,1.245766662522157,-0.018170287670664836,-0.017601359004658642
660,reit,21,schur,0.0006823747754470617,0.0006781151303088715,0.00977189946927008,0.009602712729092936,1.1085218155102396,1.1210107262493756,-0.018838396698391362,-0.01862552939982038
661,sp500,33,hrp,0.0022187909368396068,0.0017328175126953122,0.008114264232319842,0.007985018848210972,4.340777324016205,3.4449042336899254,-0.014328582887403862,-0.015427133937290735
661,sp500,33,schur,0.0020886583431658657,0.001732076317871094,0.007830703760669366,0.008102869583741115,4.23415625365814,3.3933483501203465,-0.01418570993025407,-0.015586618974958149
662,sp500,27,hrp,0.0011381819563292066,0.0010141854145507814,0.0072092989496711345,0.006839884685157883,2.5062185026954062,2.3537961650431347,-0.014723085013540648,-0.014064003261021205
662,sp500,27,schur,0.0011170435476780187,0.00101496684375,0.007043503274738043,0.006864680473523416,2.517570574334922,2.3471011079649124,-0.013776882453338015,-0.013664657017299105
663,reit,18,hrp,0.001542023824928551,0.0017122126646013024,0.007488707923299327,0.007521647462920023,3.268770739852884,3.613640967239621,-0.014355401302583535,-0.014529483732027046
663,reit,18,schur,0.0015851500126926685,0.0017470123200639424,0.007343187396701537,0.007477221722134691,3.426778452800644,3.7089927045273514,-0.013619108563710161,-0.014613001341408761
664,sp500,35,hrp,-0.0005258882827666163,-0.0005019939741210937,0.011620793757500887,0.011402226315675527,-0.7183861839240675,-0.6988904684437784,-0.024287263712652718,-0.02377927121407645
664,sp500,35,schur,-0.0004741819978734821,-0.00042306294726562513,0.011628970573595543,0.011437118602334633,-0.6472976956733811,-0.5872035009739569,-0.024686202211014762,-0.02436456351143973
665,sp500,20,hrp,0.001558829579025532,0.0016262371596679687,0.009543442283447548,0.00969575190161206,2.5929482968129904,2.662579946942399,-0.020044360479377594,-0.020783042401994977
665,sp500,20,schur,0.0016193772424847044,0.0017935262250976562,0.00987713334033742,0.01066900910048941,2.6026596876532824,2.6686026697248817,-0.02124612528551641,-0.02285761561802455
666,sp500,35,hrp,0.00042327591412579375,0.00041381809472656263,0.009157661183886206,0.00921431738458078,0.7337350327249,0.7129294906840459,-0.02443015188367469,-0.02444595254080636
666,sp500,35,schur,0.000532516714699989,0.0005187074360351563,0.009432888214054967,0.009445391490932126,0.8961667502740288,0.8717717292712451,-0.025075730625576227,-0.024949729021344867
667,reit,17,hrp,-0.000810765580323719,-0.0014442450618204245,0.05966705968028204,0.05404331941643835,-0.2157053599022646,-0.42422782024536576,-0.12443213852604096,-0.11452706693041216
667,reit,17,schur,-0.0004879648328877735,-0.0008010558852854461,0.059341561794013196,0.053199322442043465,-0.13053585621972857,-0.2390325171196184,-0.12451410261785524,-0.1130162142803959
668,sp500,39,hrp,-0.0007596956451200957,-0.0008871251518554687,0.009387420584847728,0.009311137199138295,-1.2846760604276197,-1.5124549129082936,-0.024319750094033372,-0.024118984305245537
668,sp500,39,schur,-0.0007180152429396802,-0.0008263305361328124,0.00955553514606113,0.009432745683099935,-1.1928310082068532,-1.3906439372767718,-0.02453509986782863,-0.024147281642368863
669,sp500,26,hrp,0.000619780897677197,0.0005554678403320312,0.012148367346176416,0.011196621122029215,0.8098797521718045,0.7875392499909868,-0.02390312133137797,-0.022354816083635605
669,sp500,26,schur,0.0005722386696723021,0.0005024044482421875,0.012296126449691018,0.011419804961662828,0.7387698313229667,0.6983852519813443,-0.024291382616013914,-0.022841721653529577
670,reit,24,hrp,0.0011241441798744197,0.0009553154373032376,0.00884934005830795,0.009049883276967628,2.016561179566917,1.6757301680285472,-0.018105653664753023,-0.019668697067554922
670,reit,24,schur,0.001111184068125795,0.0009305293321870025,0.008968420666399048,0.008771335028357257,1.9668457676785096,1.6840874457480894,-0.01800924393998569,-0.01877218869016864
671,sp500,37,hrp,0.0007127395691418255,0.0008522445917968747,0.00800845544750767,0.007561634369189851,1.4128054992862271,1.7891586416410152,-0.019686800188174997,-0.01825678463309152
671,sp500,37,schur,0.0007116489783122684,0.0008223862729492189,0.007989272445681813,0.007710089106488756,1.4140307995668382,1.6932330066269317,-0.01978231930554154,-0.018770448207310268
672,sp500,40,hrp,-0.0004991537212957573,-0.00036416555566406273,0.029738502316489685,0.028308929468336443,-0.2664498565165617,-0.20420938151414558,-0.07972513879339027,-0.07574603280203683
672,sp500,40,schur,-0.0003999372639067143,-0.0003172970375976563,0.029985878429148308,0.028787939721568106,-0.2117265717911127,-0.17496682180252573,-0.07908821399709698,-0.07538046452985492
673,reit,18,hrp,0.0015914006140345604,0.0014291031849357676,0.009087816281251423,0.008504713972273958,2.7798429000136915,2.667498263328021,-0.017344189969531434,-0.01578103091078279
673,reit,18,schur,0.0021414926895360308,0.002618230479365122,0.010187666493817823,0.011742773209977983,3.336891972904727,3.5394637703962935,-0.01723785504186024,-0.018833775493366185
674,sp500,20,hrp,0.0004946078371893014,0.0003926269409179688,0.008269685158448664,0.007889712569963412,0.9494504145924959,0.7899856182196606,-0.02010107489697349,-0.01890485569545201
674,sp500,20,schur,0.00048436766194046016,0.00036877310595703137,0.00796035067808493,0.007726612273912563,0.9659245642112076,0.7576530779462416,-0.01920633664753461,-0.018132974321637834
675,sp500,34,hrp,8.407638228888837e-05,-1.606388818359378e-05,0.007800973284660478,0.007200270818637934,0.1710903426174794,-0.03541621221734387,-0.013390568803204514,-0.012437048801967077
675,sp500,34,schur,9.299217273210503e-05,1.258706982421856e-05,0.007840051256973828,0.007229455345248777,0.18829022019915584,0.02763880948108283,-0.013133402328841018,-0.011998450796944754
676,sp500,33,hrp,0.0004377352109147581,0.00034490362402343734,0.007416366978865333,0.006948576062143753,0.9369589003434502,0.7879564451391273,-0.015240747568698736,-0.014450477765764509
676,sp500,33,schur,0.0005666463438404272,0.0005010575971679687,0.0075045455654399705,0.007073541405709239,1.198637780837731,1.1244781519673082,-0.015063071176769364,-0.014271985360281809
677,reit,15,hrp,0.0007888397734441204,0.0008125999932912447,0.00868964123873617,0.008605082935171742,1.4410771221527823,1.4990703846680447,-0.02002486931069023,-0.018339765559433112
677,reit,15,schur,0.0006912110335331979,0.00072073274597478,0.008625956487677782,0.008605535012899459,1.2720484974426978,1.3295254308290632,-0.019837359492286766,-0.018388318471786635
678,reit,14,hrp,-9.19092283240803e-05,-0.0001259306508018967,0.011505691521390606,0.011563568735357419,-0.1268080032661854,-0.1728780407264317,-0.03630160089025668,-0.036612625169202925
678,reit,14,schur,-0.00012495081225045933,-0.00017714689065446943,0.011724696622066686,0.01177049913874835,-0.16917560563983247,-0.23891252835175045,-0.03682346634737339,-0.03703863733411435
679,reit,16,hrp,0.0013557451012341237,0.0015301783054322332,0.00582082026908068,0.0057394408317398065,3.697380314021713,4.232263779465817,-0.01081466458226883,-0.01066635357122055
679,reit,16,schur,0.0015003843422205351,0.0018618523140977114,0.006051215780935844,0.006341848810564124,3.93604589646629,4.6604689088396745,-0.01107363904851601,-0.010861277633771824
680,reit,24,hrp,0.0007988016888831819,0.0007188581390141519,0.009454400753642633,0.009255684404622202,1.341236110493211,1.2329200828085776,-0.021934786827369605,-0.020732260485933657
680,reit,24,schur,0.0007849414063303902,0.0006843403093159686,0.00946031868820336,0.009019597012776845,1.3171394051431797,1.2044402436310053,-0.021913362490352795,-0.02012634222290362
681,sp500,37,hrp,0.0005577586298239099,0.00026327921337890607,0.00846104200865047,0.008125662009074379,1.046460205212647,0.5143492233829526,-0.016347217925206523,-0.015496805629185267
681,sp500,37,schur,0.0005822079000864938,0.00031399158105468745,0.008262959734005692,0.00797535555992134,1.118517357861501,0.6249830225100659,-0.016490654674171743,-0.01593775768171038
682,sp500,22,hrp,0.00024174892748440044,0.0002950383574218751,0.007540634442858594,0.007204480855546473,0.5089286956054916,0.6500938540455539,-0.017193188493361003,-0.016576303510393416
682,sp500,22,schur,0.00018620508752491188,0.00023452830761718746,0.007888098098827519,0.007468722111050167,0.3747309033992566,0.49848172268336155,-0.01771821883380787,-0.01700970449393136
683,reit,16,hrp,-0.000531934532448473,-0.0006023119326358147,0.020802049403557447,0.020368378973362956,-0.40593110591845755,-0.46942397945120684,-0.042253000124447604,-0.04463757677076646
683,reit,16,schur,-0.0006041032796668906,-0.0006679218974349048,0.020686015938425725,0.01993761086657189,-0.46359058669043973,-0.5318055150098322,-0.04097069301765125,-0.04078603348245254
684,reit,15,hrp,0.0005708685639927793,0.000864354195699731,0.007629164302574551,0.007666448134273242,1.187844061336911,1.7897724263781496,-0.01712769274496533,-0.016636059732696214
684,reit,15,schur,0.0005989376912169941,0.0009011961942205515,0.0075633290145832085,0.007571322116557752,1.25709738031595,1.8895043499769633,-0.01682631205401063,-0.016220569570858802
685,sp500,37,hrp,0.0014209345223275907,0.0012633111064453127,0.006772239137193886,0.006239929176385125,3.3307501101707153,3.2138893776000637,-0.013891625455163035,-0.012812239161900111
685,sp500,37,schur,0.001516490732893222,0.0013421858974609377,0.006991710115890296,0.006583858278253293,3.4431553467733886,3.236178497002936,-0.014374514420580218,-0.013584957205636159
686,sp500,18,hrp,-0.00023513698281730895,-0.00022027548046875,0.00994025033890455,0.009894947797481533,-0.37551206017446825,-0.35338891311417187,-0.027016680032839153,-0.02699528746686663
686,sp500,18,schur,-0.00025800706293469466,-0.0002596006245117189,0.009895626695734117,0.009840068433941465,-0.41389345779443937,-0.4188011682637974,-0.027048256668972915,-0.02696681056431362
687,sp500,19,hrp,-0.00040693406703723895,-0.0003924870708007811,0.012305327289436369,0.012117620989129222,-0.5249659676934617,-0.5141718080200605,-0.0261605828507362,-0.025476526768275668
687,sp500,19,schur,-0.00027883140443419333,-0.0002477733115234373,0.012399705628542248,0.012231759438431777,-0.35696906488633,-0.3215628465109824,-0.026787727918133667,-0.026253792236328125
688,reit,25,hrp,0.0003132428897545342,0.00037487711522688963,0.010672576894174403,0.010204507746787033,0.4659209080248077,0.5831726392163937,-0.026593741451888503,-0.023700840681882947
688,reit,25,schur,0.00030033140525285014,0.00041149449764823354,0.010692169006063668,0.010086547876388536,0.44589767076313697,0.6476222311087605,-0.02699407084465566,-0.02429803940898961
689,sp500,23,hrp,-0.0005735418576571895,-0.00042288821582031226,0.02885148845444255,0.028621512040508716,-0.3155710578141641,-0.23454883512586158,-0.07049373436026012,-0.07029165467180525
689,sp500,23,schur,-0.0005330088485059649,-0.00037535414794921814,0.028872298132065034,0.028796368410645475,-0.29305783418276626,-0.20692061892423522,-0.07053780760150777,-0.07093753061349052
690,reit,19,hrp,0.00016486043776722974,6.273068730417801e-05,0.010959938519172941,0.009744403781281094,0.23878585738540006,0.10219391677785658,-0.019237009349295214,-0.017119081188923798
690,reit,19,schur,-7.742845971605971e-05,-0.0001563421160073596,0.010786142693543168,0.010669104635318977,-0.11395535250805199,-0.2326206589248905,-0.019306717512103184,-0.019594240708453513
691,reit,21,hrp,0.0006992288110808158,0.0009968999483174277,0.00745045427260057,0.007050683023505848,1.4898303990305295,2.244505393138131,-0.01637081998991258,-0.014678804200572918
691,reit,21,schur,0.0005062941890286446,0.0005832256705175094,0.007608701183992604,0.007229115498261079,1.0563131462371456,1.2807127644780902,-0.016942816765011255,-0.015611323723799779
692,sp500,40,hrp,0.0006324384336712294,0.0006132912485351563,0.007695334058876817,0.0073236675729055605,1.3046410738645826,1.3293471682515867,-0.018420314210088374,-0.01706012405831473
692,sp500,40,schur,0.0007003967840953587,0.0006857758818359374,0.008023893129989924,0.007527087195672657,1.3856682882724625,1.4462904903030802,-0.019682038456066694,-0.017956743896484377
693,reit,22,hrp,0.0005921343213324029,0.0006630801593034544,0.005696050841318499,0.005854505303827595,1.6502382446736452,1.797943747360924,-0.011343801966835706,-0.011663464605798405
693,reit,22,schur,0.0005906240744931147,0.0006592068094883789,0.0059065455310817255,0.006054320439103617,1.5873688719202532,1.7284489296620147,-0.011943570014938868,-0.01186871501275524
694,sp500,25,hrp,0.00046852257446910973,0.0003659779360351563,0.007971982074951539,0.007819548134252449,0.9329631231057728,0.7429738297876438,-0.01380491242375552,-0.013349114842006139
694,sp500,25,schur,0.0004412050001578447,0.0003327749077148437,0.007984094501043176,0.007879988100287103,0.877233134550213,0.6703865314293058,-0.013871781802967834,-0.013573838256835936
695,reit,12,hrp,0.001262623544170018,0.0011500766985318744,0.008785981417595625,0.008874510464832836,2.281307736899151,2.057229147471308,-0.015924911438530052,-0.01774865441628539
695,reit,12,schur,0.0012506827214666299,0.0011023763934986726,0.008823731627474211,0.008843865782031609,2.250065339528032,1.9787368060095762,-0.016150702206957444,-0.017692274479908933
696,sp500,19,hrp,0.0005309224706461819,0.00047701899755859373,0.007881539883749828,0.007224566353360033,1.0693510482757136,1.0481517448640183,-0.01952760641011837,-0.01778839061628069
696,sp500,19,schur,0.0005816510173800094,0.0005356992333984377,0.0077548988701677275,0.007186050270985546,1.1906568745095152,1.183398581128348,-0.01899013969472065,-0.017370116141183035
697,reit,17,hrp,-0.0001678973354873401,-0.00018123849542074982,0.008724121801671371,0.008766371738821718,-0.30550783603556203,-0.32819414998201313,-0.01867810447348845,-0.018855783787752607
697,reit,17,schur,0.00021410973057070398,0.0003561708734059157,0.009489562688910396,0.009975513449211961,0.35817104682671347,0.5667916103212697,-0.01975058555237164,-0.019509656915507694
698,sp500,24,hrp,0.0003372189607975772,0.00025396397460937504,0.009756666487682721,0.009548799286872186,0.5486694715489443,0.42220524189446546,-0.01905446530505565,-0.018193119114467075
698,sp500,24,schur,0.0004029689329205483,0.00031347945800781264,0.009520205913207966,0.009277464096289236,0.6719322621669538,0.5363892622431532,-0.018613627035170742,-0.017771116027832032
699,reit,12,hrp,-0.0006658960791557143,-0.0007749214416725528,0.014078264340619158,0.0140027833374559,-0.7508576548214686,-0.8785036678213947,-0.030202970361808877,-0.029148776835833716
699,reit,12,schur,-0.0008354245657856027,-0.0008917696449807528,0.01475190157705287,0.015597063423521983,-0.8989996152066531,-0.9076326651915301,-0.03164895036868064,-0.03289584617157668
700,sp500,19,hrp,0.00021892049806892708,9.956524462890618e-05,0.00701945099594336,0.006918747381705066,0.4950893126424077,0.22844442380708202,-0.015315983507619707,-0.015992797903878347
700,sp500,19,schur,0.00017610855909877578,2.6480586425781284e-05,0.007153283172903288,0.0071426411208592,0.3908186827192293,0.05885305875091393,-0.01588311745267242,-0.016654518659319197
701,sp500,31,hrp,0.0006698237545396074,0.0006727062817382814,0.0069216773816565815,0.006928790836856051,1.536206019759243,1.541233010588067,-0.015988736239819393,-0.015940596017020088
701,sp500,31,schur,0.0007237025975856431,0.000749947911621094,0.007156119353552481,0.007055149974429196,1.6053984025008252,1.6874274913444567,-0.016838197980071645,-0.016543592895507813
702,reit,24,hrp,-0.0003128742968467897,-0.00033727638558943735,0.00788489638308463,0.008369562423141286,-0.6299037102300912,-0.6397104610131777,-0.017996174491876227,-0.02035189916186747
702,reit,24,schur,-0.0003842572615485195,-0.00039569518622588546,0.007911670421401684,0.008167437925286222,-0.7709996241334597,-0.7690865120611704,-0.01818190713301363,-0.020015003336263295
703,reit,15,hrp,0.0007887070047757623,0.0003385070949293251,0.00782527524345933,0.0074054214520765105,1.5999866026505305,0.7256350737170776,-0.016316416561378225,-0.01621645020682932
703,reit,15,schur,0.0005825259803828808,0.00013993025221360262,0.007678346466171221,0.007636422939988463,1.204336545466448,0.2908853931961217,-0.01656413943963481,-0.016993710516231584
704,sp500,40,hrp,0.0006022163602272305,0.0004585166362304686,0.00822306073521236,0.008104329362960232,1.1625705628997232,0.8981281019965189,-0.017472215085397483,-0.017246540762765068
704,sp500,40,schur,0.0006246431073572198,0.0004943600820312499,0.008461483001912278,0.008280445901399612,1.1718869989085805,0.9477415956194577,-0.017803026391807353,-0.017314576895577565
705,sp500,14,hrp,0.0003514597326036398,0.00019454214550781258,0.011582839160099065,0.010857532908935133,0.4816824452811641,0.28443485689702286,-0.02273148335487853,-0.020975578726632256
705,sp500,14,schur,0.00048342606010921065,0.00035173687402343783,0.011367335887592808,0.010707326588069587,0.6751054838096732,0.5214793559958367,-0.021750634383763828,-0.020366090288434707
706,sp500,14,hrp,0.0013819041687471775,0.0012797096391601564,0.01029503427355445,0.01023387715512081,2.1308378403092827,1.9850502820795348,-0.024198122264977827,-0.024177612348284045
706,sp500,14,schur,0.0011760607986458945,0.001088618134765625,0.010266165958039976,0.010341242013329347,1.818535417775249,1.671102670409835,-0.02414776901438892,-0.02415264467075893
707,sp500,19,hrp,-0.00241640206248019,-0.0023409595576171873,0.02641454381830675,0.02582158624663283,-1.4521997356097365,-1.4391672361776406,-0.0811591733747505,-0.07972009920828682
707,sp500,19,schur,-0.002321427157646565,-0.0022465293471679686,0.026667829499952514,0.026132839408676688,-1.3818715045921415,-1.3646641008266263,-0.08091985112601414,-0.07972916056605747
708,sp500,29,hrp,0.0008063449760783374,0.0008709231005859378,0.006281933832088522,0.005903372234554324,2.037641593802331,2.3419623669239718,-0.013699452643244995,-0.012873910321916851
708,sp500,29,schur,0.0008834886613373218,0.0009276718046875001,0.006252786909166265,0.006043092567184311,2.2429914705239136,2.436886941117827,-0.013025091624626813,-0.012484878583635603
709,sp500,21,hrp,0.0018209876461718407,0.0015719574501953124,0.010822919050701348,0.010458166510394195,2.6709321744281334,2.3860827692837536,-0.019194734947223797,-0.019373034990583148
709,sp500,21,schur,0.0013644874892198753,0.001305184737792969,0.009729017122507524,0.009622063331245803,2.2263880419223248,2.1532975489676875,-0.018496035857989757,-0.018844596357073105
710,reit,25,hrp,0.0013322963436750543,0.0015813146836254934,0.010702169278249149,0.010475536297030085,1.976192698709493,2.39630618162851,-0.022251830913760227,-0.02023908119938608
710,reit,25,schur,0.001206782468340215,0.0013034483573605038,0.01059816494276971,0.010004524657607254,1.8075844158053682,2.0682243195448304,-0.02258363755579466,-0.02003267877350896
711,reit,22,hrp,0.0008123209761519765,0.0007904589016782442,0.0097876422905883,0.00922658081554194,1.3174976509262144,1.3599995820348003,-0.021763485085952473,-0.020121824403392132
711,reit,22,schur,0.0007176474033910574,0.0006251114473522614,0.009960401493111995,0.009407131537428172,1.1437590501047727,1.0548737996147262,-0.022389798383258618,-0.02065007265520414
712,reit,12,hrp,0.0013446523013264568,0.0013410035489469733,0.00918676141631559,0.008732502193553128,2.3235275814448855,2.4377630734897826,-0.02115418530494185,-0.019729452931976036
712,reit,12,schur,0.0013196473502592738,0.0013126279728462257,0.009263897959408416,0.008730619183376276,2.2613323607772218,2.386694762756747,-0.021370578221421684,-0.020093343890356413
713,sp500,22,hrp,0.0003728886617350368,0.0003738130278320312,0.004671679192755636,0.004489730928455307,1.2670870044284732,1.3217045621304866,-0.010488093728902307,-0.00987565719168527
713,sp500,22,schur,0.00042387206933353354,0.0004124371054687501,0.004488792593292295,0.004335501071295874,1.4990134560977677,1.5101451867930975,-0.010054030814789536,-0.009348149039132255
714,reit,22,hrp,0.0006025026929758019,0.0005748713630486791,0.010149717665463806,0.009828064108641694,0.9423349549622164,0.9285450190392007,-0.02348523540919689,-0.022828140891148038
714,reit,22,schur,0.000564908947258153,0.0004618627466306674,0.010261837710209151,0.010020291472205999,0.87388358501525,0.7316996541384797,-0.023856177617096276,-0.023141702919711207
715,sp500,40,hrp,0.0004893717188258512,0.0003791205703125,0.00678510254463093,0.00678863337261622,1.1449399841769277,0.8865337315182992,-0.014404021112089703,-0.015128119995117189
715,sp500,40,schur,0.0005302315752799009,0.0004183854150390624,0.0069080358399487545,0.00735206749053982,1.2184599946792238,0.9033734484572521,-0.014604096047184354,-0.015533385035923549
716,sp500,29,hrp,-3.461604232251707e-05,-8.216367822265612e-05,0.007839362531546677,0.0077951250884074055,-0.07009659700526498,-0.167323544072,-0.016889886928668316,-0.01662635885184152
716,sp500,29,schur,-3.600507032477796e-05,-9.553657128906228e-05,0.00791312707341113,0.007876859592787338,-0.07222969715992941,-0.19253815998505625,-0.01706818192778063,-0.016630241254534044
717,reit,19,hrp,0.00020143142375628542,0.00027558723020892976,0.010265200347426734,0.010086508193713786,0.3115014430047994,0.4337290536832285,-0.022000352221773756,-0.021914324043422605
717,reit,19,schur,0.00017138581377770034,0.0002055898091605066,0.017182794057650764,0.019414278211266355,0.1583366150972367,0.1681049899075643,-0.03402819645825061,-0.039124476342616614
718,reit,13,hrp,0.0012900974739367503,0.001280469593161742,0.009113960131027391,0.008767599748977761,2.2470651839582962,2.3184024375298486,-0.01854354477169006,-0.017656188981137983
718,reit,13,schur,0.00131539013438286,0.0012960215008959042,0.009208907402640798,0.009010385203437252,2.2674971223666858,2.2833322933997358,-0.018955139062903296,-0.01832179068292235
719,sp500,17,hrp,0.0009813198292015317,0.0007821695639648435,0.007699554851183475,0.007271266057586672,2.0232298683744494,1.7076196631608156,-0.016095858105356225,-0.015496158299037388
719,sp500,17,schur,0.0009898168152491253,0.0008231907036132815,0.007422955466180237,0.007163140505578083,2.1167922792402996,1.8243041986779422,-0.01566747652315317,-0.015493229204450334
720,sp500,17,hrp,0.001406769943680369,0.00152951366796875,0.008415680786827676,0.008620766520719136,2.6535916823396573,2.8164869905201595,-0.018382179917166314,-0.01869332924107143
720,sp500,17,schur,0.0011705741588713943,0.0012598151694335935,0.008376206082201451,0.008424191388378119,2.2184612592900885,2.373989964776699,-0.018124420601857878,-0.01823782061767578
721,reit,14,hrp,0.001984277827019042,0.0016157447595700045,0.012875981532317072,0.012456134033916004,2.446371478170623,2.0591583894352823,-0.024219308042613276,-0.024510222346226407
721,reit,14,schur,0.001917026888738764,0.0015579403085163137,0.01278157974430524,0.012482097936631109,2.3809152729277216,1.9813604899161243,-0.024528343355357286,-0.025118627963802726
722,sp500,20,hrp,-7.041234083613166e-05,4.400213427734373e-05,0.008349212388010178,0.007982255553426033,-0.13387625162094155,0.08750812624931913,-0.02050495331035374,-0.019238336582728794
722,sp500,20,schur,0.00012668367865612906,0.00017674657226562492,0.008430499571358153,0.008176408586086372,0.23854352121693473,0.3431536991145734,-0.019696675127720293,-0.019028480791364398
723,sp500,27,hrp,0.0007325753069996506,0.0007051921479492187,0.009611263277772623,0.009346951696799676,1.2099629505084442,1.1976715685572163,-0.024228680794086133,-0.023312544555664064
723,sp500,27,schur,0.000758532489352667,0.0007638204145507816,0.009285838583016872,0.008916448332945684,1.2967412540599361,1.3598770190246827,-0.023436700230556155,-0.022576395760672437
724,reit,15,hrp,0.0007027865508365019,0.0008914377000399514,0.006552913948515892,0.00618099587806694,1.7025083370997303,2.2894586990250976,-0.01317787114572135,-0.012187307353046673
724,reit,15,schur,0.000700883088750713,0.0008680860652847758,0.006630509597638348,0.006286599533554787,1.6780269965605823,2.1920338648121858,-0.013139141665689734,-0.011888509349963244
725,sp500,23,hrp,6.514720380554189e-05,0.0002219791284179688,0.007585188329926578,0.007300498733730539,0.1363420068561749,0.48268064262018406,-0.018995953536020824,-0.018136337036132814
725,sp500,23,schur,-5.457503227672569e-05,-0.00011969538281249984,0.007438846282232463,0.007413631076653011,-0.11646319151055724,-0.25629887384214517,-0.019232275407646708,-0.019004708940778457
726,sp500,18,hrp,0.00017164490341242087,5.234935302734381e-05,0.009519631953255487,0.0095161956292632,0.28622728093117045,0.087326937024855,-0.023381546614139288,-0.02405885836356027
726,sp500,18,schur,0.00018233967555032188,7.673312988281253e-05,0.009722718646474516,0.00954421519151444,0.2977102103975527,0.12762711752562245,-0.023579244827726702,-0.023854278869628907
727,sp500,31,hrp,0.0013198878338148688,0.0013209243837890628,0.006663832638288686,0.006363906632385618,3.144222092291937,3.294992483807388,-0.012315031028464402,-0.01195218092564174
727,sp500,31,schur,0.0012043730758257863,0.0011617731860351559,0.007531496433057868,0.007556211649046084,2.538516752440306,2.4407174437737513,-0.014009760242174082,-0.014019390546526228
728,sp500,19,hrp,-0.00038446679587931734,-0.0005511480654296874,0.009583675631163201,0.008956831625235525,-0.6368351152980612,-0.9768191104047671,-0.019369457532716534,-0.019049790422712053
728,sp500,19,schur,-0.0005606923022154414,-0.0006786883979492188,0.009007261530892654,0.008515656663095198,-0.9881709697908453,-1.2651806828664285,-0.019029370582176287,-0.018723875313895088
729,sp500,14,hrp,0.0005487640266874882,0.0004374900014648437,0.0063347984566170445,0.006382355593090049,1.3751595915954584,1.0881465892058098,-0.011740300196248216,-0.011257792663574217
729,sp500,14,schur,0.0005453740925236293,0.0004405602397460935,0.006249216698812483,0.006156943264831468,1.3853808787804536,1.135900834333639,-0.011867166059862095,-0.011685023324148999
730,sp500,16,hrp,-0.000162297754554489,-2.4835306152343682e-05,0.008068763527561466,0.007694803602204376,-0.3193050549283983,-0.05123564983082611,-0.017430226042011297,-0.016388004150390625
730,sp500,16,schur,-0.000259676018311848,-0.00017027454003906253,0.007676278131639,0.007307120832910492,-0.5370088113943142,-0.3699164947596713,-0.01682467373770757,-0.015987572195870537
731,sp500,21,hrp,0.001070652316019187,0.0010246011152343752,0.004652006942241418,0.004515803961142969,3.653493819728399,3.601803489179985,-0.010596004329533967,-0.010110657706124442
731,sp500,21,schur,0.0011173034929823184,0.0010965687958984379,0.0049571645571539705,0.004880148014012481,3.57798150212571,3.567000411983887,-0.011067618553462891,-0.010774744114467076
732,sp500,34,hrp,0.0013242836145898535,0.001194284313476562,0.008535766755169363,0.008033739483664636,2.462854393766485,2.3598818168720133,-0.018675350962234234,-0.017261258806501117
732,sp500,34,schur,0.0013710682550997528,0.001317731533203125,0.008417255174548895,0.007896513718965052,2.585763808936887,2.6490601212254425,-0.018025694569787944,-0.016313885157993865
733,sp500,25,hrp,-0.0006637346227146579,-0.0006204017709960936,0.01377743489583947,0.013762150495351086,-0.7647621323661213,-0.7156274593367616,-0.032017901006156514,-0.03176785005405971
733,sp500,25,schur,-0.0006424171478160663,-0.0005745075366210943,0.013849825939992887,0.013926240687043108,-0.7363309915007952,-0.6548805678675156,-0.032100530105263904,-0.032050017142159604
734,reit,16,hrp,0.0009298160928426892,0.0008979786117246884,0.009513458541586552,0.008047445069755996,1.551525432691214,1.7713657455388572,-0.020825642222891596,-0.01702392008480811
734,reit,16,schur,0.0009088474990452275,0.0008704907695461196,0.009795156667230761,0.008102334057835855,1.4729225129401615,1.7055100999462607,-0.022071101399621013,-0.01786735804046765
735,reit,16,hrp,0.0020414663660810357,0.0021461513158343272,0.009487783139421396,0.009120013389684978,3.4156845082881317,3.735641000725199,-0.01927317675591503,-0.017983002911404495
735,reit,16,schur,0.0020076968223420623,0.0020850550721239654,0.00960888231706789,0.009223031614952288,3.316847677796902,3.5887574201332026,-0.019697549933537985,-0.018487950474790023
736,sp500,28,hrp,-0.00036444001390806583,-0.00036570984472656244,0.012765662093649016,0.011807883597011673,-0.45319277802975827,-0.49165997947307205,-0.023524055363429126,-0.022011973850795202
736,sp500,28,schur,-0.00022973227410611144,-0.00023186822705078132,0.012898885016693092,0.01196962927153309,-0.2827288395656638,-0.30751111089437433,-0.023805533884563933,-0.022085844438825334
737,reit,24,hrp,6.817928080070005e-05,0.00035904913840897044,0.00967336263476886,0.009431730592984548,0.11188586329899534,0.6043141622739319,-0.024565871321415217,-0.023171996381698763
737,reit,24,schur,-9.269374149768731e-05,-4.719916071396463e-06,0.009956867850176014,0.010136645832294046,-0.1477841777867845,-0.007391630924439175,-0.02562817476370686,-0.02658800528060659
738,reit,18,hrp,0.0014372014060137594,0.0015279853280938819,0.04111801111512973,0.031347119152161936,0.554863049223549,0.7737876961774397,-0.0737411048008442,-0.060472039721593714
738,reit,18,schur,0.0012637409481694702,0.0010328799983339802,0.04178784173477423,0.03180785014791524,0.480074222308976,0.5154847492785294,-0.07437768182076061,-0.05872825070129723
739,reit,12,hrp,-0.0019232961668768569,-0.001790840110909681,0.016861712478140965,0.016427811345083584,-1.8106927259054897,-1.730523003393635,-0.037680582617126104,-0.03648633659439975
739,reit,12,schur,-0.0018152357260424177,-0.0016074720748317933,0.01677407167875664,0.016209038061868877,-1.7178878428725075,-1.5742962660409379,-0.037334133608078766,-0.035705867345660385
740,sp500,24,hrp,0.0003624633763240186,0.0004015156542968749,0.0070484098525899165,0.006715781915716947,0.8163440888186658,0.9490873129302676,-0.014826872533255639,-0.014045540693010602
740,sp500,24,schur,0.0003899427012976463,0.0004053531669921875,0.006839022699002972,0.00670540612342773,0.9051217917572237,0.9596409105781641,-0.014460265954866158,-0.014038013357979912
741,sp500,33,hrp,0.00250959284629048,0.0024577387709960943,0.01824289611656488,0.018656376475156198,2.1837843687381415,2.0912631938821606,-0.0360653163450048,-0.0356614094063895
741,sp500,33,schur,0.003223967870945465,0.003795468750488281,0.02537200669121578,0.03258819405573377,2.017140541982574,1.848865832614414,-0.045708757159593265,-0.055579698608398447
742,reit,21,hrp,0.0008096474083831757,0.0007147484657370022,0.010138375935779157,0.010059746402498,1.267733040754643,1.1278892814845713,-0.024173334966489126,-0.02313854522284103
742,reit,21,schur,0.0008416272159720506,0.000795739207225865,0.010417346485104562,0.01018134086682586,1.2825164142920475,1.2406979070761757,-0.025176814327498336,-0.023646152273689693
743,sp500,32,hrp,0.0005029534751800576,0.0005536449716796874,0.006892185904744144,0.006556746220000082,1.1584334793809032,1.3404272734098586,-0.015435450028956356,-0.01470679891531808
743,sp500,32,schur,0.0006004093052272169,0.0006276612705078125,0.006532450709153449,0.006332212949091308,1.4590545973085343,1.5735121127808736,-0.015027057940841226,-0.014417689688546316
744,sp500,20,hrp,-0.0013979432774200097,-0.001394750720703125,0.02701576555653104,0.02641017465653509,-0.8214337479251151,-0.8383504302942107,-0.07337103909424345,-0.07217348042515347
744,sp500,20,schur,-0.0015623466652923753,-0.0015600221987304692,0.026629171684625544,0.025879551753128886,-0.9313652231446385,-0.9569170633912523,-0.07253673427876926,-0.0708245308314732
745,sp500,20,hrp,0.00026347090189116784,0.00016342996484375004,0.006762572505749756,0.006733311907648711,0.6184733547890975,0.38530374028395636,-0.01510689135516573,-0.01542903261893136
745,sp500,20,schur,0.00026593322964694576,0.00018873152783203145,0.006753014566177283,0.006731023387851031,0.6251369820980569,0.44510618230988536,-0.01458484876804694,-0.015043807660784041
746,reit,22,hrp,0.0009956241052252166,0.000881193758346826,0.006882295964261996,0.00643656578750537,2.2964782061733917,2.173288941727704,-0.01657625788464374,-0.015371131471561657
746,reit,22,schur,0.0010020056842626802,0.000896892713831328,0.006968921406254069,0.006531172965980409,2.282469006282412,2.1799653010542848,-0.016746749031677968,-0.015615723004494859
747,sp500,27,hrp,0.0013381187759531812,0.0013118423417968748,0.009044984280011307,0.008641439738122515,2.3484813657413115,2.409882173041603,-0.018374728708031505,-0.017283515834263397
747,sp500,27,schur,0.0014443466273788325,0.0014185725527343749,0.008994042876021001,0.008708091182957053,2.549275360832965,2.5860019922042605,-0.017726979770810402,-0.016768258841378347
748,sp500,35,hrp,0.0006181289272390364,0.0007693840102539061,0.009856906642005493,0.009096625027023878,0.9954941113149592,1.3426509817393584,-0.023755152370881636,-0.02208884663609096
748,sp500,35,schur,0.0007143959724939306,0.0008125538154296875,0.009780162143259816,0.009138900765297822,1.1595599662819627,1.411427070516115,-0.023495555416796276,-0.022100017072405134
749,sp500,22,hrp,-0.0022980851833205498,-0.0022305725185546876,0.03122077717297411,0.030907540365289535,-1.1684837670162178,-1.1456505620910011,-0.08919011372846221,-0.08881682209123884
749,sp500,22,schur,-0.002221573073441574,-0.002136907096679687,0.03112792773704932,0.03087955199563588,-1.1329497911975681,-1.098537586321693,-0.08901914671546794,-0.08888685719517297
750,sp500,12,hrp,-0.0009101380593632308,-0.0010866042084960936,0.016296414256478674,0.01609134313837308,-0.8865750192326187,-1.0719619181003335,-0.029970416483736183,-0.03126563798304966
750,sp500,12,schur,-0.0009022705043523569,-0.0010459410161132816,0.016312706626779187,0.016039871222628028,-0.878033336015369,-1.0351578673926065,-0.02949560662393283,-0.030025167114257813
751,reit,19,hrp,0.00016469559766226825,0.0002372169387192196,0.006227061360442492,0.005910548816820075,0.41985479334722553,0.6371154822412249,-0.012566605393660292,-0.011765709702593654
751,reit,19,schur,0.00010695828771130148,0.00016927154472718678,0.006236408565173596,0.005931089189997465,0.2722576883641258,0.4530537953903954,-0.012552693265636516,-0.01164678906716524
752,sp500,33,hrp,0.0004289647523490794,0.0004981417260742189,0.006365451637336198,0.006017711104829476,1.0697755200317753,1.314080156289779,-0.014149513235416801,-0.01300026068987165
752,sp500,33,schur,0.0002474506594106117,0.00029387972412109374,0.006411027036717556,0.006126693775018366,0.6127189008654931,0.7614540833352028,-0.014621783893050381,-0.013507036760602678
753,sp500,23,hrp,-0.0004260208726846183,-0.0004427134204101563,0.011339072418494502,0.011377057066682844,-0.5964219510272051,-0.6177219322769418,-0.022995904251635172,-0.02259180668422154
753,sp500,23,schur,-0.0005004963938515335,-0.0005309653554687502,0.0114816272283307,0.011556467904192784,-0.6919867526869623,-0.7293589859847999,-0.023284855216631057,-0.022872134425571986
754,sp500,16,hrp,0.00088616066046497,0.0008106671557617185,0.01065417278760559,0.010818299693698472,1.3203619516852079,1.1895531188378354,-0.021710075380198778,-0.022283692897251677
754,sp500,16,schur,0.0009594866903579445,0.0009191483432617188,0.010760119609208335,0.010935254631581926,1.4155399351459415,1.3343107313976148,-0.021983223513436474,-0.022714163609095984
755,reit,13,hrp,0.0004100948550433496,0.0004111050649186734,0.01086319662012428,0.010782386131871668,0.5992760906389849,0.6052547652390934,-0.026460828080281145,-0.026053298514498
755,reit,13,schur,0.00040441872123932264,0.0003928862319582368,0.010912289981071587,0.010865715520120552,0.5883227244477589,0.5739958466855936,-0.026217291183129526,-0.025993251691226356
756,reit,13,hrp,-4.473389532407694e-05,-0.0002992340482676885,0.011865208691497335,0.012655622239667024,-0.05984964880770263,-0.37534252865320916,-0.02409561192585464,-0.026602570649002462
756,reit,13,schur,-3.5762321830748596e-06,-0.00028423619350760756,0.01180543810834174,0.012480466100211028,-0.004808879213227651,-0.3615337483006564,-0.02363400679113736,-0.02608268587438271
757,sp500,36,hrp,0.0014648673542801886,0.0010723414892578125,0.008985116700041781,0.008521521360295123,2.588063028566678,1.9976354792693183,-0.018446518121855177,-0.018342948067801342
757,sp500,36,schur,0.0014458911020088516,0.0010586395068359373,0.00888464553075165,0.008345381056813745,2.5834243575992657,2.0137344316008963,-0.017799390056955824,-0.017340280125209263
758,sp500,16,hrp,0.0004181359896293259,0.0004521000791015624,0.00818383481557252,0.007736548532923605,0.8110749063458604,0.9276573696332878,-0.015210163050943953,-0.01434061923653739
758,sp500,16,schur,0.00029681132482345325,0.00034796166015625,0.008228434293152703,0.0077428599750466644,0.572616070430761,0.7133953253905215,-0.01639020755640914,-0.01540736519949777
759,sp500,23,hrp,0.0004318534694215385,0.0003907562670898436,0.007415749668339446,0.007161625935002681,0.924446159061631,0.8661529507482763,-0.01353423262032916,-0.012758311593191962
759,sp500,23,schur,0.0003503992148242598,0.0002908500263671875,0.007366297332486932,0.0071586949090599065,0.7551168302116048,0.6449640737813297,-0.013560101626778545,-0.01319976665387835
760,reit,21,hrp,0.0012109280947626769,0.000977632541856892,0.011812169227533973,0.010196070586355114,1.6273799668507591,1.5220996505175788,-0.02595819321368169,-0.02262699568838139
760,reit,21,schur,0.0011519381433298893,0.0009221829137365452,0.011518389033872084,0.009855584989449344,1.5875875579568715,1.4853709783874434,-0.025153390074331528,-0.021732611815395448
761,sp500,12,hrp,0.00025150671768955945,0.0003502543310546876,0.009803781332806145,0.009282479236120848,0.407245452838903,0.5989903119769886,-0.020919464003058802,-0.01974983653041295
761,sp500,12,schur,0.00026488958978807263,0.00035966002734374975,0.009910079406087558,0.00939975966607873,0.4243146502168175,0.6074012672789217,-0.02116610455622112,-0.019621224705287384
762,reit,19,hrp,0.0007904714024453424,0.0009258451823293104,0.00838621436077372,0.007868785965828335,1.4963061944812082,1.8678023133135866,-0.01561753421033959,-0.014827589570563448
762,reit,19,schur,0.0007676465921629456,0.0008298459477254199,0.00860142778283109,0.008339823089687013,1.4167429144984747,1.5795773943151346,-0.01579654141801479,-0.014807335996730524
763,reit,17,hrp,-0.0004559999020063773,-0.0005244327627800298,0.016711637767647617,0.015682514049510855,-0.4331576672566389,-0.5308531522343893,-0.03500721793972036,-0.034547996717222064
763,reit,17,schur,-0.0004178823588062457,-0.0004151169022222629,0.016827314795820635,0.015595482509663012,-0.39422075789192,-0.4225439338420401,-0.034652030010413774,-0.03360442726437386
764,reit,13,hrp,0.0005545837152668043,0.0006942047728559263,0.008197919474459353,0.007842775659992274,1.07389973492682,1.4051350702024334,-0.016795368190701404,-0.015378250581982816
764,reit,13,schur,0.000537682935450078,0.0006758463017884543,0.008550239846218326,0.008167767966415135,0.9982704745060156,1.3135445911692112,-0.017228249788631057,-0.015776103343021434
765,sp500,21,hrp,1.6807999843008735e-06,-1.7997049316406154e-05,0.008829966610206493,0.00863254516967082,0.0030217410495943326,-0.03309502531753892,-0.023095655488675,-0.02252891570172991
765,sp500,21,schur,-0.00029986526678675487,-0.000378657307128906,0.009965171492933616,0.009896936807293994,-0.47768505939293127,-0.6073594807893353,-0.025753972189092533,-0.02526957737513951
766,reit,23,hrp,0.0007785199753152566,0.00017596600544917781,0.012076807200397856,0.013709080167786084,1.0233351636080386,0.20376084343599518,-0.023963609128248898,-0.02778143879365207
766,reit,23,schur,0.0009808226032282869,0.0005756049100772876,0.011631457741348054,0.012463330280321145,1.3386177791910734,0.7331463154258759,-0.02290548045179936,-0.024582826368472994
767,reit,18,hrp,0.0013679249547456434,0.001665958599949268,0.00767517523270307,0.007375031068018283,2.8292690129355953,3.5859202023777934,-0.013552270566664712,-0.012317812833356334
767,reit,18,schur,0.002675460034168704,0.0035477055846916032,0.01408584848273472,0.018926582300912452,3.0151972322203244,2.975607498301412,-0.02490218419425607,-0.03361399630469434
768,reit,19,hrp,0.0038852387122628204,0.00411584340488722,0.044712694253577046,0.03987510874471256,1.379390205180387,1.6385406978072543,-0.07858588047650424,-0.07408318195932243
768,reit,19,schur,0.004118100029872015,0.004177961020544954,0.04619025044157341,0.04175585238311386,1.4152945847623173,1.5883539983229409,-0.07869883787815961,-0.07509820756628953
769,reit,14,hrp,0.0003505196950135447,0.0002810103083176476,0.0178161404469833,0.016461532546470068,0.3123194763969462,0.2709893709672287,-0.030961167114918524,-0.03171484888974647
769,reit,14,schur,0.000359976940780622,0.0003047918209973824,0.017871440364740327,0.01655432003648284,0.31975356555001094,0.29227537883588667,-0.031361359885659267,-0.032409560310430824
770,sp500,23,hrp,0.00034820496871699883,0.0003592843159179685,0.007210144183516201,0.006804154043593632,0.7666396641069066,0.8382323008514899,-0.0165936416240108,-0.015702082249232703
770,sp500,23,schur,0.0003703498717799269,0.00035192343212890625,0.007734817756516549,0.0076561628667171765,0.7600853876528552,0.7296881465234377,-0.01735250176418143,-0.016986340541294644
771,sp500,23,hrp,0.0002842906053709025,0.00037954784130859396,0.010272027479301154,0.009720584478250483,0.4393459285807425,0.6198326043053013,-0.022716698461308384,-0.02135073944963728
771,sp500,23,schur,0.000277727747108021,0.0003856911835937502,0.009617090266099033,0.009366053700311424,0.4584329754834153,0.6537073055380549,-0.020928337278384553,-0.0206104760131836
772,sp500,39,hrp,-0.0005595140294629049,-0.00044313728906250036,0.029889060570072915,0.02837665945210701,-0.2971659092877742,-0.24790044060630204,-0.07785208654168166,-0.07430215953717914
772,sp500,39,schur,-0.0004948426812988153,-0.00040448971044921883,0.02889705232020113,0.027448839527112023,-0.2718403230149141,-0.23392883637418116,-0.07445532351005979,-0.07076546806989396
773,sp500,28,hrp,-0.0006302251890403658,-0.0006344906450195311,0.011993566703421017,0.011815560860123057,-0.8341567582363302,-0.852454390845307,-0.022563835264516295,-0.022548101789202014
773,sp500,28,schur,-0.0007758648083088885,-0.0007239895830078122,0.012468084076396069,0.01222594156992673,-0.9878399862629753,-0.9400485242715774,-0.02396017725541329,-0.02365347988455636
774,sp500,26,hrp,0.00014721845125114744,9.015745996093758e-05,0.007107188970806065,0.0072607811172588224,0.32882486621129997,0.19711450934135163,-0.01600885985655676,-0.016083082842145647
774,sp500,26,schur,0.00015401403205217478,0.00012689840478515634,0.006983280611285393,0.007111309105997521,0.35010722029345553,0.2832741053676113,-0.015731122978076828,-0.016000785714285714
775,sp500,25,hrp,0.000286880144981144,0.0002925741679687499,0.011588522363561247,0.011415428367652483,0.39298203647889957,0.406859101677042,-0.02238733076393846,-0.022470798671177454
775,sp500,25,schur,0.00016390799496811175,0.00016379174267578122,0.011242503290119055,0.011206925052865902,0.23143944798948296,0.232009520478688,-0.02185334879670859,-0.021937967790876117
776,reit,21,hrp,-0.0005710804112456676,-0.0005016988084031344,0.009910394216989412,0.009714078359044274,-0.9147588160638424,-0.8198638497843432,-0.024220093975250573,-0.02366626858199674
776,reit,21,schur,-0.0005507071540437375,-0.00048510530707388677,0.009897458046024422,0.009840127645656581,-0.8832778081292042,-0.7825922884821405,-0.02405554867178803,-0.023909678874490106
777,sp500,34,hrp,0.00027521659592793574,0.00035245785498046867,0.00873246984335136,0.008153583546617502,0.5003084001881539,0.6862129957297911,-0.01778096691934879,-0.01675036379568917
777,sp500,34,schur,0.00013854365992367433,0.00014659861572265616,0.00865646913934779,0.00829542148117836,0.2540657609809481,0.280537991200449,-0.01744471519097362,-0.016761642211914066
778,reit,22,hrp,0.001388358654884808,0.0010306681941794312,0.007666212751772949,0.00737574161696268,2.874888957815459,2.218265119063974,-0.01509785389243828,-0.01472978791036944
778,reit,22,schur,0.0015006959082657422,0.0012097920544048137,0.007743418993656096,0.00741205415679925,3.076523305833934,2.5910298384322115,-0.01516244164829606,-0.014833207403828694
779,sp500,25,hrp,0.001454918345528339,0.001608808213378906,0.010180540415026867,0.009634849506736234,2.2686529181643857,2.6506940892991264,-0.022605086096103847,-0.020531801705496653
779,sp500,25,schur,0.001389623634797012,0.0014827089653320308,0.009947419565566653,0.00937060763299655,2.217619471713376,2.5118195164682042,-0.02248120882209056,-0.02040416188267299
780,sp500,38,hrp,0.0004555119404366284,0.00039175636425781255,0.006956453509579167,0.006685760583332205,1.0394704531177348,0.9301768151288614,-0.015314183942040104,-0.01488578621128627
780,sp500,38,schur,0.0004470382198427913,0.0004067528906249999,0.006939735089720388,0.006738544099144453,1.0225911574034166,0.9582191445066353,-0.014980667172203201,-0.01454378118896484
781,sp500,29,hrp,0.0007693867040643155,0.0009192062368164062,0.005235462452926578,0.005217507724337582,2.332866560648457,2.7967273664222767,-0.010069850855336102,-0.009750004743303573
781,sp500,29,schur,0.0007484925027709611,0.0008766519604492188,0.005300671246779842,0.005189274177346352,2.2415934831627236,2.681765882208916,-0.009906180516393472,-0.009552267342703683
782,sp500,19,hrp,0.0008110348064144183,0.0007932885737304688,0.011450360612595911,0.011206602675662746,1.1243993835597585,1.1237184067699573,-0.028197225246464497,-0.027520126517159595
782,sp500,19,schur,0.0010035693228041755,0.001018820759765625,0.009961973419523167,0.009205355673121985,1.5991981145119993,1.7569422344604746,-0.024591096275045528,-0.022815203770228793
783,sp500,23,hrp,0.0005006928859744284,0.0005462151591796876,0.008128188136077682,0.007900961617774111,0.9778628427369097,1.0974482930826936,-0.020289046828804547,-0.019748061671665734
783,sp500,23,schur,0.0006122266420844609,0.0006488422353515626,0.008037854784750742,0.007817214714386395,1.2091281698967882,1.317611392991059,-0.019506555150876206,-0.018881067749023435
784,reit,19,hrp,0.0039050476427728593,0.0033154897697788336,0.0350177015083816,0.02628304168903641,1.7702678032416896,2.0024991419937557,-0.06366971787816408,-0.05155971396078005
784,reit,19,schur,0.0034040801364526134,0.002885944681652356,0.030999871119233576,0.025083583735049604,1.743171663394535,1.826411729470483,-0.0568353868435481,-0.04870793673211562
785,reit,12,hrp,0.0003781668669106951,0.00018818672378946924,0.011501110933901671,0.011581691019318515,0.5219680896986543,0.25793915777606463,-0.026980024288349263,-0.026587186602304587
785,reit,12,schur,0.000453947816084259,0.00033987431073924883,0.011482127381815787,0.011455960254929946,0.6276013092113445,0.47096335002484196,-0.026917173842524362,-0.026507170474638273
786,sp500,26,hrp,0.0009112250415520223,0.000939313322265625,0.004342554315896744,0.004224305193042172,3.3310462087288366,3.529843617328674,-0.00926129085120667,-0.008720701416015626
786,sp500,26,schur,0.0008196712060007015,0.0008616745698242188,0.004433668206102669,0.004393619375016486,2.934788171473784,3.113301032565967,-0.009332287549053906,-0.008777655962262834
787,sp500,30,hrp,0.0003864994838882729,0.00040813889404296873,0.007755401981755655,0.0075570058886400586,0.7911245750733055,0.8573506729435362,-0.015250529747407928,-0.01499064927455357
787,sp500,30,schur,0.00033337518121001635,0.0003337478227539063,0.007588976810419865,0.007471211119324914,0.6973492038229044,0.7091330111115007,-0.015400072196224154,-0.015329132202148437
788,reit,23,hrp,-0.005793140990260584,-0.006242407724735688,0.05474743978879472,0.051445920469492,-1.6797728364241444,-1.9262003600514754,-0.1289819300844653,-0.12261380323272252
788,reit,23,schur,-0.005221644828744985,-0.005053501962751161,0.05350267910839557,0.04986012261128108,-1.549287685976588,-1.608938214731699,-0.126253743014975,-0.1209597945915478
789,sp500,25,hrp,-0.0003259332602490234,-0.000311108603515625,0.008353482044891648,0.008236624358102972,-0.619386032786711,-0.5996019435985417,-0.019291301902473437,-0.019006404323032928
789,sp500,25,schur,-0.00032086113979433873,-0.00031309387060546887,0.00846878834814315,0.008697628117162425,-0.6014452691806966,-0.5714444265600259,-0.019748456418487003,-0.02009973344203404
790,sp500,38,hrp,0.00020948210979965942,3.313190380859383e-05,0.007286168268715644,0.007114528931497193,0.4564024981635973,0.07392656248953307,-0.018015163342807738,-0.0177462586844308
790,sp500,38,schur,0.0002457814900311671,9.698879101562486e-05,0.00786830201505037,0.007905842055156575,0.4958706706287045,0.19474830324047773,-0.019504913076200118,-0.01962411863490513
791,reit,22,hrp,0.0005216698946452572,0.0008511607734598824,0.0057041431849702735,0.005808131909545736,1.4517961028790083,2.326351846734519,-0.01266097945385715,-0.01269840324358842
791,reit,22,schur,0.0005123438270219529,0.0008183504407914635,0.005691258018391084,0.005710455827395128,1.4290700028136039,2.2749340687452113,-0.01269661896464078,-0.012731193465047617
792,reit,18,hrp,0.00048512024744491207,0.0005638000216579833,0.009183759668310414,0.00928663241987783,0.8385503826696863,0.9637560177058097,-0.017309132268953795,-0.017730909820243813
792,reit,18,schur,0.00043936173186196386,0.0004772884839475202,0.009336243534570207,0.009173598394554533,0.7470511285193759,0.8259266938760532,-0.01733522162561233,-0.017356251446445387
793,sp500,35,hrp,-0.00012845460766327748,-3.5795540039062574e-05,0.010531018605717316,0.00974770303121749,-0.19363309060315992,-0.058294408448009136,-0.02353998715221589,-0.021697247759137835
793,sp500,35,schur,-0.00018674944490183377,-0.00014547007128906217,0.011382091861674569,0.010683912020546396,-0.26045788139523174,-0.21614421632836261,-0.025399855043929696,-0.023566119907924104
794,sp500,25,hrp,0.0002886366448258784,0.00036797081933593755,0.005027632375171395,0.004926472080172724,0.911356349649553,1.185707656734474,-0.010528701892179373,-0.010380385532924108
794,sp500,25,schur,0.0003235155858736529,0.0004129839213867187,0.005144590124156264,0.005011860040603937,0.9982623666627956,1.3080805241231444,-0.011085706558633708,-0.010797083818708147
795,sp500,18,hrp,0.0008035970531896114,0.0009057420834960936,0.006945783830940761,0.006721331044894047,1.8366116845500104,2.1391908437986533,-0.014739273582649664,-0.01440466425432478
795,sp500,18,schur,0.0008924874795158362,0.0010663601523437493,0.007605334126167172,0.008133908445404715,1.8628766703990454,2.08115726165403,-0.014682405099399252,-0.01507728173828125
796,reit,22,hrp,0.0014548340622620606,0.0012657639301712376,0.013677075489592242,0.013257680041333335,1.6885755133282634,1.5156029866347658,-0.02620185033336375,-0.027779753718943978
796,reit,22,schur,0.0013390273095857871,0.0012098185967342918,0.013028911770565992,0.013053312849034025,1.631479277290702,1.471295069142673,-0.026231385634008814,-0.02842771783234665
797,sp500,30,hrp,0.0006144250267554219,0.0006302610942382811,0.007856795270073172,0.007523937797043673,1.2414342725317677,1.3297670672257342,-0.021093382045084402,-0.02007653790283203
797,sp500,30,schur,0.0006900348199345467,0.0007198616669921876,0.007696341363770089,0.007458958870382173,1.4232688831471507,1.5320435323425812,-0.020503550432024936,-0.019567841700962613
798,reit,12,hrp,0.0009154871785323433,0.0009819001194405338,0.009472661794695402,0.00952955211391112,1.5341947946802987,1.6356677610600032,-0.019466044492908847,-0.019655458557842783
798,reit,12,schur,0.0007987068859066544,0.0007777507583134537,0.010144335898254298,0.010294091027815143,1.2498677952338881,1.1993686958445566,-0.01880198348942255,-0.018932856740059175
799,reit,13,hrp,0.00023396212952245664,0.0002613317878045114,0.012391172372097197,0.012120354614092301,0.2997322250075698,0.3422765796321151,-0.03323502046320968,-0.03206650559509419
799,reit,13,schur,0.00019715234089486434,0.0002174562730891598,0.012722288784688536,0.012607362418924581,0.24600104897625644,0.2738091603178998,-0.034142921918777124,-0.03370823638728553
800,reit,13,hrp,0.00131271429789954,0.0012818907290181652,0.0071921794703588655,0.007245758155583496,2.897410101375831,2.808454826216789,-0.013890035338806566,-0.013915609708085622
800,reit,13,schur,0.001290335123747789,0.0012780071044452917,0.006857881271826123,0.006550259877438078,2.9868459747708744,3.097241057976289,-0.012845419702715568,-0.012364431103017824
801,reit,13,hrp,0.0005267621777785129,0.0003754154831083025,0.01019992271505273,0.010635531900945275,0.8198189896595905,0.5603420774128609,-0.024330171930143554,-0.025572621365039738
801,reit,13,schur,0.00048716850088314524,0.00033780371423435045,0.010224228961405136,0.010766502928394263,0.7563954434822123,0.49806959182315425,-0.024661048813728225,-0.026072477987476878
802,sp500,22,hrp,0.002141505740603031,0.001925126978515625,0.011598003799281073,0.011317850202233656,2.931138005595771,2.7001986082312577,-0.0249120129174954,-0.02516196000453404
802,sp500,22,schur,0.0024495134411201933,0.0024567058916015625,0.01175534921228266,0.012346303014674353,3.3078405147892544,3.1587591002162254,-0.02595295666164754,-0.027929670750209266
803,sp500,29,hrp,-0.00041132807560352813,-0.00042371613720703147,0.014208367415318742,0.013587325351601379,-0.45956235371520165,-0.49504114894956985,-0.03388956500913399,-0.03309781226457868
803,sp500,29,schur,-0.0003721162327006071,-0.00038337001025390635,0.01410592124647987,0.01350445169090684,-0.41877180228057886,-0.45065215403084913,-0.03331817507951735,-0.03248850037493024
804,reit,16,hrp,-0.0008634875903532165,-0.000983671411970758,0.02295760839203433,0.021838701545532,-0.5970761549511522,-0.7150287545582164,-0.049987147935558744,-0.04874700238307424
804,reit,16,schur,-0.000782163656187816,-0.0008555433044872328,0.02282425891534722,0.021572047459009806,-0.5440029031832878,-0.6295799665249381,-0.04901058803689135,-0.04654436151897319
805,sp500,29,hrp,0.0004456732992601568,0.000539184388671875,0.005523217368784747,0.00552805206405858,1.2809280936377307,1.5483368680722933,-0.012848333974005708,-0.012087164079938614
805,sp500,29,schur,0.00035610592896798197,0.00043964420458984365,0.00570010417985751,0.0056773718387088,0.9917373774755791,1.229289816211937,-0.01355166563186638,-0.012765127188546317
806,sp500,38,hrp,-0.0011628833585104169,-0.000853663353515625,0.034588453888660345,0.033796128839956634,-0.5337099218654832,-0.4009774517313608,-0.09238398684810133,-0.09091946005684991
806,sp500,38,schur,-0.0012483942600291246,-0.0009742508569335943,0.03581658241481439,0.03541763452993502,-0.553309198283208,-0.43666814843762297,-0.0953546074057111,-0.0953850893990653
807,reit,20,hrp,-4.770150473937784e-05,-4.432443633638247e-05,0.008171534898870693,0.008245157793652648,-0.09266776946989808,-0.08533840478308012,-0.020014327211076575,-0.02024726040350908
807,reit,20,schur,-0.001862085749632592,-0.0022562009128378638,0.018236924609415298,0.021612121721654082,-1.620870597072587,-1.6572217943372867,-0.037681711382919814,-0.04436560042467668
808,sp500,16,hrp,0.0010980193661751488,0.0008781108090820311,0.009096011542198993,0.008871249649356457,1.9162813267032615,1.571320557678573,-0.021286843611955448,-0.02035117499651228
808,sp500,16,schur,0.001033010588202134,0.00078328741796875,0.008875878822241594,0.008716026804662918,1.8475392732248868,1.4266021154885826,-0.021165496506434515,-0.020288481236049104
809,sp500,31,hrp,0.0006291927574494395,0.0006290307114257813,0.0061599762208200005,0.005980876271399151,1.6214551841688123,1.669580262758374,-0.01335605783857025,-0.013056511308942522
809,sp500,31,schur,0.0007196359437912636,0.0007411149692382814,0.006065495082539392,0.005861642652343186,1.8834186319819588,2.007088474485506,-0.012632747078987778,-0.012276013854980467
810,sp500,28,hrp,-0.0004379557562121573,-0.0004259251679687499,0.01180505835236569,0.011363720629717187,-0.5889282280189979,-0.5949946016563264,-0.029006830064235024,-0.02771729310825893
810,sp500,28,schur,-0.0003993426744033429,-0.00041073478759765615,0.011552226325654814,0.011231890482556278,-0.5487572912350098,-0.5805089202787586,-0.027962636624254016,-0.02721301473563058
811,sp500,37,hrp,-8.299640817262434e-05,-6.432324755859362e-05,0.010532617580567007,0.01025924356089489,-0.12509019000643423,-0.09952974537543971,-0.025578618164005675,-0.024909059395926338
811,sp500,37,schur,-5.774510915737678e-05,-1.530308593749996e-05,0.010582338299771767,0.010247369153338985,-0.08662312275387712,-0.023706470847270313,-0.025883221405564833,-0.025151806440080915
812,reit,20,hrp,-0.00013199709250978232,-0.00010275373425508688,0.010323358898415179,0.009830711659738818,-0.2029754950889583,-0.16592542017211484,-0.02399656608539289,-0.022201407188050064
812,reit,20,schur,-9.67942914100502e-05,-7.685443113432315e-05,0.01052465440030346,0.010208293943202851,-0.14599640823987023,-0.11951323878373447,-0.02451139095888741,-0.023697122336274964
813,reit,19,hrp,0.0007972006652529559,0.0008475428662863865,0.00939651177585059,0.008848143489673454,1.3467942714839904,1.520581793645893,-0.021985411146148236,-0.020284506022626804
813,reit,19,schur,0.0006830120976265913,0.0006845411486268086,0.00943692545825111,0.00880785835241495,1.1489420960860863,1.2337566538820162,-0.022058902306100376,-0.020217910123205608
814,sp500,28,hrp,0.0006490170727005551,0.0006352840693359377,0.005096907482265461,0.005237016709097722,2.0213878046350966,1.9256806911737983,-0.009678707743122905,-0.010106602800641741
814,sp500,28,schur,0.0005776424904486786,0.0005767873168945312,0.004818201890394884,0.0048972600680889785,1.903156087516232,1.8696607229290483,-0.00937035280821959,-0.009658617867606027
815,sp500,35,hrp,-0.0009439245968321348,-0.0009169388417968743,0.029525652287590052,0.029234040028443257,-0.507502367491691,-0.49791109415388884,-0.0770920959946989,-0.07622784388950891
815,sp500,35,schur,-0.0007169473721755801,-0.0007079620087890625,0.02860102305576349,0.028508014316484285,-0.39792935648480804,-0.3942241768528577,-0.07490726352721663,-0.07445341202218192
816,reit,12,hrp,-0.0004552211515898551,-0.00039885716126772543,0.022202063278687262,0.020835599656813083,-0.3254837922561955,-0.30388667705271,-0.05063606309556865,-0.04794138617230504
816,reit,12,schur,-0.0004838066151603341,-0.00042600449578701334,0.022778154170633932,0.02143159903596155,-0.3371735857365702,-0.31554396422497233,-0.051901562024649704,-0.049434145200463256
817,sp500,24,hrp,0.0007476826090416367,0.000725851775390625,0.005582012151334988,0.005434495829603855,2.1263109317943756,2.120259188626477,-0.012995096684844077,-0.01240302158028739
817,sp500,24,schur,0.0007871899959005125,0.0007692617041015626,0.005679463664712349,0.00553916288264896,2.2002524393114804,2.2046022534060308,-0.013326588592086658,-0.012821126796177454
818,sp500,37,hrp,0.00027263547777850705,0.00019114239941406242,0.006353486271010163,0.0061256205098272325,0.681193576572114,0.4953443521731161,-0.011960133662173106,-0.011584103201729912
818,sp500,37,schur,0.00040624565152066203,0.00036932655468749993,0.006272434942414155,0.005969789598048604,1.028141359768076,0.9820911108105008,-0.01187916317510293,-0.011284519653320313
819,reit,17,hrp,0.001331566530645045,0.001551926438349028,0.0123001565443494,0.010921870415313818,1.7185117351253354,2.255663866793697,-0.025556104493677845,-0.020368410467002336
819,reit,17,schur,0.001195025202264553,0.001358649795206954,0.011384518863809173,0.01029257134513073,1.6663362941218447,2.0954818906241623,-0.02371884185629274,-0.019445317246582876
820,reit,19,hrp,0.0014610529669095947,0.0012732588342961575,0.009376819894174748,0.009940956229162166,2.473492834262919,2.033240758236927,-0.017235816958500405,-0.019637169736408246
820,reit,19,schur,0.0013506041776644188,0.0010572261866392844,0.009295174904087109,0.00946548109335425,2.306592061358889,1.7730683998872068,-0.016924884868239783,-0.018521355830399495
821,sp500,39,hrp,0.0007656907274903858,0.0006932617749023435,0.005663010665656959,0.005544580458522061,2.1463783479129384,1.9848552260140777,-0.009868789468543093,-0.009869233555385045
821,sp500,39,schur,0.000811891416301722,0.0007468853437499999,0.005596714976550761,0.005560614403010042,2.3028467107462527,2.132217126623791,-0.009530542706794423,-0.009623024876185826
822,reit,14,hrp,0.0019255159071227062,0.0018137337715673533,0.008040354520675284,0.007566228599006437,3.8016504540780565,3.8053477564845917,-0.014223181095219861,-0.013322740025861807
822,reit,14,schur,0.001995941808355266,0.001920634935573715,0.008260212811394566,0.007824959221046188,3.8358084302477153,3.896395307878334,-0.01467108830911779,-0.013894358747445362
823,reit,23,hrp,0.0012950358683795375,0.0010965117170059335,0.009090600235275366,0.008668733257883848,2.2614631100013676,2.0079731789377933,-0.021706448953385114,-0.019752162760543247
823,reit,23,schur,0.0012851465592392261,0.0010782089082938795,0.009169407233911785,0.00878703006487275,2.224905999228985,1.9478749554691757,-0.021873402516980965,-0.02012579399756385
824,reit,20,hrp,6.888325068492438e-05,-0.00021137596691924877,0.008985788458957124,0.009037431564304416,0.12169079094780802,-0.3712879512004526,-0.020614476899924645,-0.021533272204489116
824,reit,20,schur,-4.879554334117676e-05,-0.0002846572309535907,0.009888992239673553,0.010334288348705133,-0.07833004798067629,-0.4372621799896911,-0.022001235710260133,-0.023027318021739334
825,sp500,16,hrp,0.0007232939455674749,0.0007506356254882813,0.0074069409424233615,0.007020068878941638,1.5501589006682113,1.697415131830008,-0.015000646891237996,-0.014618973502022879
825,sp500,16,schur,0.0006440151902958369,0.0006421184897460936,0.0071205866439453345,0.006921932082877553,1.435755888613104,1.4726112441701011,-0.01488458585873757,-0.014846973414829798
826,reit,23,hrp,-0.00033788271065936904,-0.00033744002701169664,0.019648302795317985,0.018093611950151193,-0.27298651716404876,-0.2960544515925933,-0.038679901636168114,-0.03753607842315539
826,reit,23,schur,-0.0002572508976608603,-0.00010409740414012239,0.019181456297689584,0.017478874677361197,-0.2128999662577482,-0.09454241714045947,-0.03779447257162062,-0.035686155506447666
827,sp500,20,hrp,1.567560433772859e-05,-5.179425390624996e-05,0.01078492925194855,0.011022952856950045,0.02307316984250889,-0.07459056586185352,-0.02157143999971253,-0.0225776968296596
827,sp500,20,schur,-0.0002087615110565282,-0.00026772322949218744,0.013667290773359344,0.014717675645953991,-0.24247572576164983,-0.28876669216152756,-0.03012652056666428,-0.032642122706821985
828,sp500,14,hrp,0.0001626026385848494,0.00019061934619140616,0.005207800867501792,0.005247868708309762,0.495648149954857,0.5766128077498609,-0.011410517995366158,-0.011406758553641183
828,sp500,14,schur,0.00025952210217344195,0.0003002483374023437,0.0051923311939200256,0.005179667639345256,0.7934366084501333,0.9201931331960477,-0.011213242645328572,-0.011171299830845425
829,reit,19,hrp,0.00025944468043204475,0.0001470779937763572,0.011550738153708053,0.011494282476761092,0.35656220109956743,0.20312627377095643,-0.028247094909727988,-0.02769230813152921
829,reit,19,schur,0.0003206882851863123,0.0003231961117898501,0.011624091168417627,0.011651839359062974,0.4379498261059705,0.44032354556992775,-0.029024548146779263,-0.028929900289573672
830,reit,24,hrp,0.00025238247660965083,0.0002865656295525134,0.006370010271064333,0.005900185212646361,0.6289546546694744,0.7710077186758868,-0.012315313289323128,-0.011500713489074313
830,reit,24,schur,0.00020658382116632722,0.0002182205700846627,0.006711816981098328,0.006278394887269782,0.4886033846585328,0.5517563355947125,-0.012906328903658297,-0.012116271800414484
831,reit,23,hrp,-0.0026627014476692506,-0.0024392137322486857,0.015319321075564031,0.015345619896575723,-2.759200284945444,-2.5232814211058816,-0.03679038654795326,-0.03669992623772646
831,reit,23,schur,-0.0026694033671893443,-0.002569820111329818,0.016659586242389005,0.01815721754712212,-2.5436084746923435,-2.24674455029438,-0.03885499260681473,-0.0415298226094762
832,reit,19,hrp,-0.0003338289496038082,-0.0003875544880043851,0.03972533950409959,0.04243834677039691,-0.13340025164458716,-0.1449688132708066,-0.10172435480796461,-0.10804109636021965
832,reit,19,schur,-0.0005400727999510992,-0.0006469681676429115,0.03889919037845083,0.04003460357231813,-0.22040021470459994,-0.2565356054543555,-0.09746509217767364,-0.09954524521118953
833,sp500,27,hrp,0.00113722097313713,0.0011921309116210937,0.008246122484614347,0.008298513288142517,2.1892499556693843,2.2804677027309714,-0.017936095276831293,-0.01803423552594866
833,sp500,27,schur,0.0010061639119445921,0.001027679697753906,0.00792906223494675,0.007980960640280246,2.0144068064748843,2.0441034834558844,-0.016404405605533946,-0.01670187863595145
834,reit,25,hrp,0.0011194831895410021,0.001166831288550186,0.006190789143644962,0.0059066882213583295,2.8705944082912267,3.1359150465838264,-0.010543026051325939,-0.01008836389908682
834,reit,25,schur,0.0019016434409155002,0.002660423915390763,0.008857133960151647,0.012842610415263465,3.4082869128650426,3.2884996902656423,-0.014676487524421907,-0.019399136430878584
835,reit,16,hrp,0.00204404169596292,0.0023410184002118856,0.006408946913993941,0.0070771124298393585,5.062946599064027,5.25108444693242,-0.011655876140751314,-0.011797763651848332
835,reit,16,schur,0.0018973538837718678,0.0020596183825629714,0.0060473122005100894,0.006345269423171617,4.980652255843,5.152724972773466,-0.011113966672261182,-0.0111426788348622
836,sp500,35,hrp,0.0005015001910784821,0.0006757737866210938,0.007932386415978925,0.007551931804394258,1.003615849101037,1.420507569384164,-0.019872733666413456,-0.018371716047014507
836,sp500,35,schur,0.0004678205238783143,0.000670966406738281,0.008488490304154746,0.008055307732889651,0.8748812003388792,1.3222662442006716,-0.021579838379890914,-0.019861629394531254
837,sp500,30,hrp,0.0007800790155308349,0.0006643052539062503,0.013534456011095352,0.013035287534134233,0.9149514733578048,0.808997803171033,-0.023736142777844343,-0.02337798425292969
837,sp500,30,schur,0.0006920629218827315,0.0007310300551757811,0.013751798161228113,0.013226893782821571,0.7988888557452071,0.8773596092927969,-0.024420702520990822,-0.023485324018205914
838,sp500,20,hrp,0.000825969046266029,0.0007833422373046875,0.005650258962827523,0.005640422022901849,2.3205754300120103,2.204652853576604,-0.010643186629619276,-0.010707347848074778
838,sp500,20,schur,0.0009288053489415508,0.0009196273833007815,0.005742582844431218,0.005748273091539015,2.5675429014339013,2.5396552839219897,-0.010513728640735775,-0.010548127903529575
839,sp500,30,hrp,0.0005864000554115345,0.0004974723911132813,0.0049905785719059435,0.005008947870217295,1.8652771734491262,1.5766044268485904,-0.011984891643403897,-0.01206801415143694
839,sp500,30,schur,0.0005847348065395881,0.0004360774638671875,0.004976471218472741,0.005086463969314013,1.8652528827469061,1.3609680855456063,-0.011619683584278244,-0.011959662405831474
840,sp500,36,hrp,0.0005708676327069865,0.0005895805849609375,0.007105050616024154,0.006940036082291962,1.2754649074047193,1.3485955293103953,-0.018833135474779043,-0.018419615391322548
840,sp500,36,schur,0.0005082219893503989,0.0005386419257812499,0.007152870877200312,0.0071030023733578895,1.127907116781594,1.203811436140394,-0.018226831789751142,-0.01824290453229632
841,sp500,19,hrp,0.0015148817534098406,0.0014149035507812502,0.010378241653061893,0.010631805780342162,2.317155749023881,2.112613605920646,-0.02319249850204059,-0.024517343078613283
841,sp500,19,schur,0.00163087925458536,0.0015513252055664064,0.010206172264534406,0.010225811977092948,2.5366420323912293,2.40827077930394,-0.021864188922206273,-0.02259152221679688
842,sp500,39,hrp,0.00034061699579232226,0.00027479443554687507,0.004391220886381209,0.004342739414092208,1.2313493944019083,1.0044872631714787,-0.010551252905748595,-0.010527084446498327
842,sp500,39,schur,0.00028287643623483666,0.0002025142504882813,0.004222594183319332,0.004172198752362089,1.0634515222809406,0.7705323387606435,-0.010170102951699603,-0.0100170122593471
843,sp500,25,hrp,0.0014815272777545419,0.0014259656508789063,0.00815930568330088,0.0076838195313907115,2.8824163890704595,2.9459961741161043,-0.01577857794395531,-0.014601560546875001
843,sp500,25,schur,0.0015282435832382668,0.001464810853027344,0.008303023413109324,0.0077077439259775615,2.9218410664203103,3.016855727495288,-0.01615176135429484,-0.014631614728655136
844,sp500,40,hrp,0.0006431708984432461,0.0004919522246093749,0.011814928166687503,0.010660425739078213,0.8641628068087859,0.7325691910052784,-0.021198004821759858,-0.019436728428431922
844,sp500,40,schur,0.0005641861638326354,0.00047278436376953096,0.011794450286724724,0.010726305228311413,0.7593552457420447,0.6997021753543701,-0.020994203375540903,-0.019186867466517855
845,reit,23,hrp,-0.0005753872978786029,-0.0005074660747450409,0.010991447221390139,0.010654745908338332,-0.8310088746655635,-0.7560737970448049,-0.024205388665962613,-0.024490815697447012
845,reit,23,schur,-0.0006066960421941132,-0.0005162082783728053,0.010622533485131666,0.010217793249263281,-0.9066576356569861,-0.8019884700949795,-0.02336553451640609,-0.02309731292876957
846,reit,13,hrp,3.953456360396816e-05,0.00012374912040828782,0.010651144169992133,0.010483552137524808,0.05892247169966293,0.18738461540610196,-0.023226820814619648,-0.02266841057967658
846,reit,13,schur,8.403530335001343e-05,0.0001481650451240192,0.01080661406041184,0.010742764741287712,0.12344468643245064,0.21894244461160686,-0.02314259473042483,-0.02295063578554673
847,sp500,28,hrp,0.0018393944419287033,0.0019255678583984372,0.012991841498056716,0.01298097938715799,2.2475244592657866,2.3547870467808623,-0.029997689963951323,-0.029835106113978795
847,sp500,28,schur,0.0016014120736973477,0.001610243734863281,0.011733479064983246,0.011312241653979734,2.1665891608485888,2.2596606064276896,-0.0275760368904008,-0.026281059535435268
848,sp500,32,hrp,0.0016613280102824655,0.0016393595605468747,0.009869279387786194,0.009272363712506018,2.672207719696009,2.8066226742852325,-0.0207123196161425,-0.01740596718924386
848,sp500,32,schur,0.001447359672589321,0.0014036169067382811,0.009524819486988162,0.008853790646256646,2.412237054927804,2.516631408811551,-0.020083080068144306,-0.016860875924246652
849,sp500,39,hrp,-4.5490725842576114e-05,1.84462792968749e-06,0.013207681185440742,0.01213840352270077,-0.05467597794771843,0.0024123897780807106,-0.02630782648075763,-0.023842520647321428
849,sp500,39,schur,-4.957173513858975e-06,4.3340886718750084e-05,0.013413366333696913,0.012416152080457587,-0.005866736804400203,0.05541292041967751,-0.026909951594074118,-0.02460447925676618
850,reit,22,hrp,0.0008710945631163644,0.0020882819545668336,0.06329683456250515,0.05562296647434446,0.21846586152586991,0.5959849036512044,-0.1179362863608679,-0.10643145720366974
850,reit,22,schur,0.0013404383644641457,0.0024415840972325962,0.06254084244858561,0.057294455460401295,0.3402384510344082,0.6764868545570449,-0.11764118933854947,-0.11052931064070885
851,sp500,16,hrp,0.00018536466480529985,0.0002204225185546874,0.01045837184187288,0.009891184184515338,0.28136050946483354,0.3537593618166755,-0.021728105672450895,-0.020365983145577565
851,sp500,16,schur,0.0002935387381251896,0.00034793392675781245,0.009910129546437222,0.009346771958701853,0.4702040458323805,0.5909291337912469,-0.020388159827904793,-0.018561655369349887
852,sp500,20,hrp,0.00042152044583364056,0.0004049379882812499,0.007240357885831714,0.00745471231315145,0.9241849282510507,0.8622990412425932,-0.014352331445373432,-0.014129033778599332
852,sp500,20,schur,0.00033831827476347054,0.00027860805712890606,0.007205736150206763,0.00725763572554024,0.7453278890764367,0.6093948445177096,-0.014495469015110356,-0.014169264142717634
853,sp500,17,hrp,0.00038370811817992073,0.00020550791503906235,0.00750266794739064,0.007309216603208778,0.8118682025055326,0.4463319656528332,-0.01731475641300464,-0.016200285801478795
853,sp500,17,schur,0.00029619883080320874,9.803196093749987e-05,0.007476331342651031,0.007379827718862114,0.6289195133415589,0.21087336918207733,-0.017231249083874956,-0.016255016662597654
854,reit,12,hrp,0.0020207180055695725,0.0021188662807469076,0.005836463670048877,0.0060179230299460965,5.496119857608314,5.589297050520997,-0.011269188937721991,-0.01175792178031689
854,reit,12,schur,0.0019982602629501117,0.002084622277038338,0.005840479382575616,0.005984039371458379,5.431300443920452,5.53010277524742,-0.01127610713382476,-0.011741603410065396
855,sp500,23,hrp,0.0004632900188207643,0.0002478011333007812,0.007373126147559882,0.0071879965633470985,0.9974739209667545,0.5472625098266961,-0.01779467930235538,-0.016659636099679128
855,sp500,23,schur,-0.00034715694979133233,-0.0009747037050781251,0.010010256297050978,0.01258807731597435,-0.5505299331803457,-1.229174340550365,-0.02544432736930522,-0.03285197108677455
856,reit,14,hrp,0.0006206219471928714,0.0007622395578025488,0.009724820688800158,0.009750121361466638,1.0130847959091298,1.2410284352181833,-0.024074061973900083,-0.023769840446919193
856,reit,14,schur,0.0006022379698729636,0.0007304682387684372,0.009986358976650721,0.010299766239904477,0.9573290337888481,1.125833687132627,-0.02493618875170139,-0.025890671380722322
857,sp500,36,hrp,-7.175508940642109e-05,9.24677734375018e-06,0.014683644617376075,0.013728471910491235,-0.07757452328202172,0.010692234404465773,-0.03553330560781569,-0.03337733066231864
857,sp500,36,schur,0.00028394421245668175,0.0005346070942382814,0.015139920455141667,0.014346131207556978,0.29772115696473345,0.5915618922014156,-0.0359763871182815,-0.034012746974400106
858,sp500,27,hrp,0.0005262187949959113,0.00044437057812499994,0.008070410370655836,0.007889570848455117,1.0350730653024687,0.8941125409144137,-0.02025795467004205,-0.019651343619210383
858,sp500,27,schur,0.0005714779413499002,0.0004933106235351562,0.00821064596977475,0.008028687268164091,1.1048985803092457,0.9753852793511659,-0.02039662690479472,-0.01986438831438337
859,sp500,19,hrp,-0.0009240953641051638,-0.0008648624248046873,0.008564664638792631,0.00816232334086906,-1.7128001790444494,-1.6820290979116286,-0.02304189936740787,-0.02183899583217076
859,sp500,19,schur,-0.000951249234490581,-0.0008926512656250002,0.008857299541741021,0.00844011392856287,-1.7048778111943168,-1.678934627902317,-0.023629795941250257,-0.022378592729840965
860,reit,22,hrp,0.00048607937909065453,0.000577447050607657,0.005732090754504855,0.005746176113522073,1.346152958412102,1.5952674554687272,-0.011817751284512647,-0.011400743692391637
860,reit,22,schur,0.00047208156026808503,0.0005161197761481399,0.005719035330589705,0.005674252367980263,1.3103717688135856,1.4439166457762183,-0.012099635270080037,-0.011665672708752156
861,reit,22,hrp,-0.00034842663831302964,-0.00025746551938862034,0.01032659713032045,0.009945729167370663,-0.5356170421831415,-0.4109440689645,-0.020889650003038173,-0.019703621263014264
861,reit,22,schur,-0.00036243157369056833,-0.0003184480775126949,0.010470700699099354,0.010283778575438288,-0.5494783045487137,-0.4915709215662315,-0.02137876229953025,-0.021002432631660174
862,sp500,15,hrp,3.4824314293573776e-05,-4.08006342773437e-05,0.006869069555376891,0.007035491128442701,0.08047943709671129,-0.09206038042900061,-0.014608294401314805,-0.015284925057547433
862,sp500,15,schur,-6.108587158702178e-05,-0.000111655994140625,0.007087103834474161,0.00723599657780946,-0.13682714006761348,-0.2449536754550614,-0.01563146898531041,-0.016229384259905135
863,reit,17,hrp,0.0003679731164235366,0.0005559895993428059,0.008889655218071005,0.009198391575661696,0.6570999648456686,0.9595222377518886,-0.023931769327959204,-0.023714380119787208
863,reit,17,schur,0.00023153553993228215,0.0003416525088821281,0.009044819277391022,0.009229892426881523,0.40636663235393045,0.5876087378900067,-0.02467281201830816,-0.024402234301444326
864,reit,14,hrp,0.0009415235569542715,0.0012987082279666564,0.009680777296753505,0.009374361391908517,1.5439073385431612,2.1992275653884996,-0.021730892459874685,-0.020490716125907363
864,reit,14,schur,0.0009286534426780493,0.0013235602046452572,0.009887493389591185,0.009597124686032616,1.490965991083216,2.189287684347507,-0.02243525203447061,-0.021269167156204718
865,sp500,36,hrp,0.0010063982735925747,0.0008300595942382813,0.005771557876444641,0.00581506776581331,2.7680701905575718,2.26597317330886,-0.009315296644440517,-0.010058873299734932
865,sp500,36,schur,0.0011040892308214958,0.0009273220595703122,0.0057810271853517775,0.005774886448504082,3.031792208879414,2.5491031660262116,-0.008750959876950907,-0.008858783124651227
866,sp500,14,hrp,-8.935521930539921e-05,-5.8819039550781216e-05,0.007522918105225682,0.007678212472480058,-0.1885531800194694,-0.12160685958989156,-0.01815484189728912,-0.018407544172014508
866,sp500,14,schur,-5.294308413682182e-05,-1.321040576171871e-05,0.007519741982972098,0.007696098072263809,-0.11176519187811527,-0.02724870294186482,-0.01809219396263231,-0.01848565434919085
867,reit,21,hrp,-0.00012654461347615085,0.00011031016175168325,0.006878858827529889,0.00680057798407762,-0.2920300463263722,0.25749569147938933,-0.014329118828907916,-0.013353545722049387
867,reit,21,schur,-0.00013061888488790196,7.24180727853978e-05,0.0069677901790245215,0.006419837783203787,-0.2975850969068728,0.17907014241202845,-0.015329631129834709,-0.01349322783087436
868,sp500,19,hrp,0.0006168589685975985,0.000618258998535156,0.007968419303694426,0.007985959684960386,1.2288927296928553,1.2289765692399566,-0.019438680478797068,-0.019344844709123888
868,sp500,19,schur,0.0005981369628747425,0.0005879010053710939,0.007834984229122694,0.007913651511295689,1.2118888366154952,1.1793088337412219,-0.018594649268924384,-0.01874428893171038
869,sp500,25,hrp,0.0005934633714259925,0.0005998005180664062,0.005293443880270989,0.005344276760004188,1.779737194008469,1.7816326642299545,-0.010980212053513216,-0.010501940290178573
869,sp500,25,schur,0.0005251157675995426,0.0004951135659179689,0.005347737317684939,0.005371019882228123,1.5587815721531637,1.4633504193359008,-0.011531787383832568,-0.011162581063406809
870,sp500,18,hrp,0.0003904296726613151,0.00039265087988281237,0.012479381640074307,0.012310509592279197,0.49664952068059803,0.5063266824756747,-0.027154479966268914,-0.026421813040597097
870,sp500,18,schur,0.0005629126974954276,0.0005355169526367186,0.012349042911654293,0.012053962680890134,0.7236157577885949,0.7052509039780525,-0.02710437409118783,-0.02631533035714286
871,sp500,12,hrp,0.0015780029657544937,0.0015138441254882815,0.007975580796271874,0.007521814438541777,3.1408396620797863,3.194911370773884,-0.015724047762207528,-0.014865309587751119
871,sp500,12,schur,0.0016222124226657297,0.001521427267578125,0.007591945848360259,0.0073047837935554406,3.3919925640829898,3.306314027885834,-0.015137756203560532,-0.014550282409667967
872,sp500,24,hrp,0.00038589927165024043,0.00034446975781249995,0.009114109793428537,0.008577217054979266,0.6721403584431154,0.6375363763183164,-0.016331014903488327,-0.016150561689104354
872,sp500,24,schur,0.0003673056423615896,0.0003113806279296876,0.008978346032141761,0.008457342104759322,0.6494287798848251,0.5844642638647508,-0.016567049589964078,-0.01634103097098214
873,reit,21,hrp,0.0010199511069475529,0.0010953276453349334,0.009146413010416285,0.009061612113002045,1.7702264103020964,1.91884039013238,-0.021906977353795026,-0.02166169354034337
873,reit,21,schur,0.0010015034556222105,0.0010595362256318817,0.009336867623052273,0.009382334489902232,1.702752478276202,1.7926898861491285,-0.02261593607747823,-0.0227609741025665
874,reit,14,hrp,0.0006973342044263672,0.0005137321772076432,0.008195506249241374,0.007623003482907629,1.3507203798047445,1.0698205118999224,-0.017584383537435456,-0.015841609166750665
874,reit,14,schur,0.0006993538925112848,0.000584800775662427,0.007676116443744954,0.007482693835497517,1.446291096470502,1.2406527271612589,-0.01610424881976605,-0.014609115020321754
875,sp500,16,hrp,-0.000811784074858371,-0.0008559209399414062,0.0261059494425544,0.025833009016891735,-0.4936297264538952,-0.5259675202846549,-0.06415688223677543,-0.06359846370152065
875,sp500,16,schur,-0.000777792103755107,-0.0008444162534179686,0.02566713186004206,0.02546272652510374,-0.4810458346807406,-0.5264437193783367,-0.0631040474017626,-0.06259682249232701
876,sp500,28,hrp,0.0019758966091709923,0.001637127554199219,0.00820371749933335,0.008052966104879534,3.8234356885158816,3.227207701975553,-0.015465730205610864,-0.014921713657924107
876,sp500,28,schur,0.0016549658822563487,0.001294998875488281,0.007914634469614074,0.007972500904441184,3.319391314576079,2.578547193948882,-0.01462119859117222,-0.015123745893205915
877,reit,20,hrp,0.0007669267338380708,0.0007869833363124192,0.010028549754703209,0.009724855202397001,1.213992528036838,1.2846436171027122,-0.025055407903671705,-0.023831850236936302
877,reit,20,schur,0.0006440486891392751,0.0005916344038430946,0.010196443942455552,0.009940439427604798,1.0026981994681403,0.9448178892123423,-0.025417649466973374,-0.024528053648585953
878,sp500,16,hrp,0.0005563432302507889,0.0005574716254882811,0.009363614413389752,0.008895539970087877,0.9431908016629256,0.994834235342562,-0.022891941134031528,-0.021119483555385045
878,sp500,16,schur,0.0005733172764497905,0.0005666969184570313,0.009279480625730632,0.008854999984797251,0.980780065395254,1.0159271265215821,-0.02368410633265104,-0.021925470118931364
879,reit,18,hrp,-0.0005174145454361096,-0.00047594778969832567,0.011480780283674186,0.010783083135457498,-0.7154305777795298,-0.7006750144317864,-0.024795025966146085,-0.022335459387233438
879,reit,18,schur,-0.0005397060483120926,-0.0005306897348168992,0.010951935845107575,0.010293521790496408,-0.7822879927930307,-0.8184213859380886,-0.02335613730108675,-0.021292837803668384
880,reit,14,hrp,0.0008272685187122267,0.000562911247628592,0.009358774072563672,0.010753007247702957,1.4032265878082686,0.8310176700073363,-0.01663733438341546,-0.019254169256310915
880,reit,14,schur,0.0008231417344208836,0.0005587134487463711,0.009386329960790547,0.010628278267881104,1.3921276998359071,0.8345002655777285,-0.016950510593772464,-0.01959381731235847
881,reit,13,hrp,0.000799201148507809,0.0009023885015908513,0.006243593998479282,0.00615400715510454,2.0319906966889993,2.327747271980267,-0.013287034084831109,-0.012707196568868555
881,reit,13,schur,0.000794483555879483,0.0008824815371758802,0.006327371431953923,0.006215241696439091,1.9932503715258805,2.2539686770132303,-0.013386746487766601,-0.01284183403506901
882,sp500,27,hrp,0.0004026133792381339,0.00018394826074218763,0.008949344688546551,0.009475577660676936,0.714162821777136,0.30816993081892524,-0.01854923366790415,-0.020799381016322543
882,sp500,27,schur,0.0004405820254315142,0.00023077764843750003,0.008827341872198191,0.009353964555033713,0.792313578624306,0.3916501472668142,-0.018535924591035858,-0.020864435206821984
883,reit,20,hrp,0.0009960614343017056,0.000888436452201328,0.005798608860057309,0.005563267062358417,2.7268583647960374,2.535109548251055,-0.010138597021437615,-0.009232641086805455
883,reit,20,schur,0.000746014634841685,0.000352614837969313,0.007752843080028818,0.010118092019340842,1.5275190103796785,0.5532255496835747,-0.014035948410935943,-0.019318100610737375
884,reit,17,hrp,-0.0008132071323931138,-0.0005695642476282412,0.012031082696974227,0.011371465742465132,-1.0729926262931908,-0.7951087691029327,-0.02681129028868482,-0.025700696926408518
884,reit,17,schur,-0.0009554253360837011,-0.0007594128221189802,0.012248740365673671,0.011666357427980244,-1.2382421833277637,-1.0333392314597043,-0.027301616749260786,-0.026358927599218512
885,sp500,30,hrp,0.0003039120242002099,0.00040101086230468755,0.01072362383355749,0.010261486476710432,0.44989025106968095,0.6203633462472137,-0.022642470768788964,-0.021086253313337053
885,sp500,30,schur,0.0001120796217643123,-2.1891624511718748e-05,0.010331589668914277,0.010355126245098904,0.1722105594952736,-0.033560070374203575,-0.02022203373569335,-0.021522098039899552
886,sp500,31,hrp,0.0010883276635654108,0.0009292327001953124,0.009843394016976556,0.009671245828089748,1.7551533573358775,1.5252545609078625,-0.02176949181209769,-0.021265514055524553
886,sp500,31,schur,0.0011272647972756324,0.0010524793237304693,0.010025696765644375,0.009990902391017145,1.7848907971339036,1.6722805057920926,-0.022201154912475613,-0.021603018668038505
887,reit,25,hrp,0.00013194243647576985,4.7623934280679095e-05,0.011334758220737439,0.009275333175619363,0.18478746568346988,0.08150720896518968,-0.019941900225869648,-0.016263154301384534
887,reit,25,schur,0.00010226367714663997,5.138866535736225e-06,0.011432788320630464,0.009264979883933622,0.14199384277767596,0.008804873649787718,-0.020206077586100872,-0.016305088966794983
888,sp500,22,hrp,0.0008899334502964509,0.0008410058847656252,0.008084725994753602,0.007930996785570077,1.7474006622438385,1.68333879011029,-0.0176056126922086,-0.01746776088169643
888,sp500,22,schur,0.0007692510330403427,0.0007078619707031249,0.007699451643324014,0.007866779809631698,1.5860196467126213,1.4284066281460384,-0.016974150244427156,-0.01775159102957589
889,reit,17,hrp,0.0006245176992456897,0.0005107631050927527,0.017604155655210594,0.015470360652694137,0.5631574341618347,0.5241062643386671,-0.03425369375877877,-0.031199629701138078
889,reit,17,schur,0.00021032318736484377,-0.00017815523319719657,0.021175222186936172,0.02163126948695782,0.15767376903212552,-0.1307425184884397,-0.04189452924938748,-0.04349627071465093
890,reit,21,hrp,-0.0007419528852548578,-0.0011809574731953625,0.012553359364582546,0.013043079031912822,-0.9382458170278669,-1.4373230931316066,-0.027597753073410617,-0.029344170330085035
890,reit,21,schur,-0.0006873333828745307,-0.0010441334882287196,0.012639770042256778,0.012853627804461145,-0.8632339953017352,-1.2895274022710312,-0.02816008991882398,-0.028764006264407668
891,reit,13,hrp,0.0006406850179933397,0.001238836101178893,0.010398711879535602,0.010150594241297215,0.9780595400500822,1.9374149892938652,-0.023743904782697393,-0.021157693530447098
891,reit,13,schur,0.0004545537118643779,0.0008577090080289948,0.010647937539443382,0.010118469887600488,0.6776726899417865,1.3456291856650067,-0.025179216889977128,-0.022577287924356915
892,sp500,32,hrp,0.0008772534335495892,0.0008581099199218751,0.008162965855996268,0.007840752989481935,1.705993480478525,1.7373424073298156,-0.01880474800308547,-0.018303175755092077
892,sp500,32,schur,0.0007285380343217161,0.0006905502011718748,0.00916306989342766,0.009339054307155453,1.2621515377829748,1.173796001190333,-0.021783364391700925,-0.02248017054094587
893,reit,25,hrp,0.0010420682612901802,0.000960995570658913,0.00951022279520482,0.009459901256982916,1.739425160418388,1.6126311820356087,-0.01955527134208374,-0.019146679610291067
893,reit,25,schur,0.0010697759861369109,0.0008944121550123241,0.009500527380273176,0.00943671615768929,1.7874973280393391,1.5045861879576163,-0.01961737859488355,-0.019907255473110442
894,reit,24,hrp,0.0012606995382294373,0.001287653853490608,0.005088929790227527,0.005004331521122233,3.9326509819817264,4.084635708114913,-0.008976558799988371,-0.00913614522049699
894,reit,24,schur,0.0013247134025393958,0.0013704012084412476,0.005834594370243998,0.00792060854895161,3.604221989547017,2.746562291149592,-0.010800862885519886,-0.015845334802078677
895,sp500,22,hrp,0.00066047411584634,0.0005765286093750002,0.005925254792670144,0.006020405440483439,1.7694937879326669,1.5201813291807134,-0.0109475043133343,-0.011857843645368302
895,sp500,22,schur,0.0005969876393043916,0.0005629504438476562,0.005949803092087325,0.0060854587762940214,1.5928064894915692,1.4685106871577966,-0.011483583926208513,-0.012491887163434712
896,sp500,36,hrp,0.0006111205055989773,0.00021863935888671865,0.01320418066477025,0.012258925542416145,0.7347095226684781,0.28312368898400836,-0.023037492998937002,-0.02150071272495815
896,sp500,36,schur,0.0006121889712618693,0.0002032347758789062,0.013385611428483123,0.012713074781822757,0.7260182840309389,0.2537743310553104,-0.02402540144308705,-0.02392599249267578
897,reit,17,hrp,0.00012091568573744934,8.354979485366177e-06,0.01177753551911799,0.010940077731064859,0.16297781495058752,0.01212342277855481,-0.023391643756674955,-0.02109361626879913
897,reit,17,schur,1.9142046442460582e-05,-0.00019994482469264352,0.011599292769649366,0.010630345828764888,0.026197335722459043,-0.29858160247601556,-0.023692626896109358,-0.021792199916448325
898,sp500,40,hrp,0.00042780565247951753,0.00043497150341796886,0.004695764406366928,0.0045968549601811135,1.4462404004687819,1.5021049418515724,-0.010438346561456483,-0.010015023934500556
898,sp500,40,schur,-0.00041149257110124345,-0.0008377793955078127,0.009081422866347113,0.011890135299820359,-0.719297201885968,-1.1185184414585347,-0.019701879574976888,-0.02584866752406529
899,reit,24,hrp,-0.0002501879419538869,-0.00039382770345212475,0.01242712521404548,0.01267098947459938,-0.31959205240271205,-0.49339643040385056,-0.03278759396474854,-0.03343390405491606
899,reit,24,schur,-7.973687889088849e-05,-9.812141232642451e-05,0.012281387813618153,0.01219847505118708,-0.1030652016208659,-0.12769047977724912,-0.03179910709575901,-0.03154016968494465
900,reit,12,hrp,-0.003851943786696461,-0.004213423883784405,0.033213186479822604,0.03162953501656479,-1.8410673116216518,-2.1146700560893996,-0.07938661155262602,-0.07827154910569864
900,reit,12,schur,-0.003752942540345167,-0.00405097021843715,0.033907979881974165,0.03228135318660347,-1.756993960895945,-1.9920837341406503,-0.08010454847126537,-0.07875417112199808
901,sp500,24,hrp,3.4507634000245647e-06,9.00694936523436e-05,0.007364406671668094,0.007320499166763307,0.00743836851778913,0.1953157637114859,-0.01946657577799598,-0.01889892064557757
901,sp500,24,schur,-6.648067577058459e-05,5.51264672851564e-05,0.0075445220849521795,0.007348963928210475,-0.13988268555642966,0.11907876363429985,-0.019931451949949535,-0.018881390241350444
902,reit,14,hrp,-0.00025957958859124737,-0.00018206619911609944,0.01069364537015435,0.010665550060255491,-0.3853408335894649,-0.2709856776015701,-0.024488086962185844,-0.02490924351651269
902,reit,14,schur,-0.0004164442933806044,-0.0004498329840765236,0.01068730865098288,0.010697889344790523,-0.6185699718305251,-0.6675033751177003,-0.024479239709169424,-0.024668027819595817
903,sp500,36,hrp,-0.0005833326289384797,-0.0004923788842773438,0.008826860440655336,0.00828054504155893,-1.0490840394568333,-0.943932124331793,-0.0240751275474091,-0.022721536690848216
903,sp500,36,schur,-0.0004927529285309785,-0.0004023055253906249,0.009025873551088644,0.008461091025275544,-0.866643011989355,-0.7547965396456267,-0.024484516124612547,-0.022916890049525667
904,sp500,26,hrp,-0.0004444438696688146,-0.0004731306474609378,0.012306753917169119,0.012204324147940229,-0.5732890860344945,-0.6154143477265229,-0.029193599439994156,-0.029195169468470984
904,sp500,26,schur,-0.00039501577561372144,-0.00045351357861328105,0.012765638052466262,0.01272490440720743,-0.49121563775777993,-0.5657649472896933,-0.02985501468944998,-0.03002518111746652
905,reit,15,hrp,0.0009114136847228477,0.0009076104142561483,0.010334619883579121,0.009035055278192787,1.3999783127635859,1.5946630338277663,-0.023208117418571234,-0.02081149492883762
905,reit,15,schur,0.0007679016457467722,0.0007414241086267015,0.009601960250716501,0.008410707331757515,1.2695387605993735,1.3993761024454194,-0.021910951328180685,-0.019559842688259915
906,reit,24,hrp,8.75309126238923e-05,8.777041126675766e-05,0.01285258166369273,0.012529015316836482,0.10811136605537296,0.11120683061324722,-0.033487288396642764,-0.032655020981778575
906,reit,24,schur,6.624596819927386e-05,5.523391823799719e-05,0.01291295957177443,0.012632846007279444,0.08143928101459422,0.06940726333996683,-0.033644461907672986,-0.03315720187931825
907,sp500,25,hrp,0.0005915909236617494,0.0005920478554687498,0.007269821170618521,0.006908296403190633,1.2918082234687078,1.3604610732359157,-0.015163188170469962,-0.014413321384974889
907,sp500,25,schur,0.0006616297734740828,0.00066173577734375,0.00728347369566597,0.00687255776863851,1.4420381650997618,1.5285036745488831,-0.015371039543655996,-0.014454721897670202
908,sp500,38,hrp,-0.00025706354935611065,-0.0003964281635742187,0.007360596685010272,0.007373679788642168,-0.5544057786409454,-0.8534547446459363,-0.015755229954563143,-0.01648179198346819
908,sp500,38,schur,-0.000322568940316065,-0.00045723692138671885,0.007474923607649026,0.007528430861720014,-0.6850402023185599,-0.9641333285350738,-0.016527194146220354,-0.017079721357073103
909,reit,21,hrp,0.0003806509563932224,0.000850732328617504,0.005158066793273071,0.004973388118966572,1.171494446231815,2.715444023225554,-0.010549863447999666,-0.008434721015222062
909,reit,21,schur,0.00042236868242662525,0.0008704268513723217,0.005119664747900714,0.0047951298248129605,1.3096355526885828,2.881589947309473,-0.01055332641641452,-0.008482218861220733
910,sp500,20,hrp,-0.0013519379731812913,-0.0013790006923828117,0.032996793700931094,0.03286902188783524,-0.650407133027863,-0.6660057428446513,-0.09270598045723702,-0.09211056158447266
910,sp500,20,schur,-0.0023727674495567187,-0.003048247578124999,0.035034403804361784,0.036700168375127545,-1.075129342957649,-1.3185070341649054,-0.1004690872485202,-0.10562063201904295
911,sp500,34,hrp,0.0003751059456590323,0.00027778681494140627,0.0071855208034363495,0.007158704084914578,0.828697382971232,0.6159954269179314,-0.01931921836147048,-0.0193006654750279
911,sp500,34,schur,0.00022034262494454154,0.00011056352294921872,0.007207517027932882,0.007199923837265477,0.485303152171086,0.2437722334934439,-0.019682052956529507,-0.01946981862095424
912,sp500,24,hrp,0.0005757805861388438,0.0005562960317382812,0.0049515867991034935,0.0049736005401680205,1.8459200686190507,1.7755599108832312,-0.01099009266808417,-0.010701319065638952
912,sp500,24,schur,0.0006119834693030619,0.0006025370498046875,0.004974025676319041,0.004965150906705228,1.9531335440833513,1.9264226438711767,-0.01111690470695402,-0.010706697117396762
913,reit,17,hrp,-1.8085206755903777e-05,-0.00033110668440511717,0.01763452777844777,0.017679929938620696,-0.016280206678554468,-0.2972950506280451,-0.04157189913462001,-0.042785867211688984
913,reit,17,schur,-3.4500123044454825e-05,-0.0003061613183309472,0.017306152162060346,0.017266622300115376,-0.03164611460317441,-0.2814771859691242,-0.040327883943210456,-0.04153600478530533
914,sp500,38,hrp,0.0002791100393204788,0.00016586283447265625,0.006419042794794347,0.0066198694823463725,0.6902484772922641,0.3977406016235035,-0.015256652854869537,-0.01598450665283203
914,sp500,38,schur,0.0001660237253507243,7.855894287109364e-05,0.006446315727592332,0.006567931305579334,0.4088451520930082,0.18987478683324394,-0.01542829204588932,-0.01561612357875279
915,reit,12,hrp,0.001574536562558051,0.001837740681370974,0.012774716291283357,0.012324327570003669,1.95659868120105,2.36712540599854,-0.023867740258266785,-0.02214175902211542
915,reit,12,schur,0.0009483583930161765,0.0008477776161539165,0.011477779591634273,0.010462193607119735,1.3116406923393766,1.28635092619813,-0.023153592014794906,-0.021613635261977092
916,reit,25,hrp,0.0006081271649720561,0.00045278709589341014,0.00976812255503722,0.009306227617502414,0.9882881187986974,0.772361542290296,-0.022331863112663487,-0.02087248319530179
916,reit,25,schur,0.0005980679508773284,0.00043409781840888167,0.009889321086494561,0.009272087307592453,0.9600289350299325,0.7432079751309818,-0.02248698996440104,-0.020857712092655006
917,sp500,30,hrp,-0.0002011854753288282,-0.00025908673144531226,0.01020177684879481,0.008622750634430578,-0.31305530968241985,-0.4769793921654849,-0.022254335453529502,-0.017130274544852116
917,sp500,30,schur,-0.00015859846473006007,-0.0001762480498046874,0.009593024059707777,0.007933195011729573,-0.2624482707730246,-0.3526764498948065,-0.020715801270627245,-0.01565377761404855
918,reit,19,hrp,0.0017879513765915419,0.0018685200548430164,0.0067117254943881224,0.006920986064098016,4.228845207711881,4.285781828542673,-0.013695594297035915,-0.014468551956381156
918,reit,19,schur,0.001886493719241837,0.0019437517525541885,0.007063133646923776,0.00804334496859477,4.239925348012946,3.836227664821496,-0.0145264548133437,-0.015988572222268366
919,reit,19,hrp,0.00044147397054691124,0.00042839866255926394,0.013164393749710767,0.012794223442657666,0.5323588880351031,0.5315381562020217,-0.03415758497159851,-0.033316434702150746
919,reit,19,schur,0.0010261799339067003,0.0012484950058312659,0.012769543227328836,0.013016629123602665,1.2756996192524397,1.522609548371963,-0.030075329610401765,-0.02928839852037135
920,reit,14,hrp,0.0007203872712212812,0.0008542134277039676,0.010339592603782468,0.009808720175728711,1.1060197284430917,1.3824655546005606,-0.025085115863209346,-0.02383240094288819
920,reit,14,schur,0.0006444626296737485,0.0007424741970693095,0.01040164128761338,0.0098154685288072,0.9835493074089735,1.2007997832579107,-0.02477378506007819,-0.023281905054411765
921,sp500,32,hrp,-8.286178787248168e-05,-5.703803320312505e-05,0.008750978680196857,0.008683692287956478,-0.15031348509411022,-0.10427024320312035,-0.022627561522932067,-0.02254178123256138
921,sp500,32,schur,2.0071792063576275e-05,4.416683398437489e-05,0.008924731287568178,0.008854158764140953,0.03570189518754209,0.07918615107263853,-0.023094584949952184,-0.02295992964390346
922,reit,24,hrp,0.0003233126241355524,0.00040773700077195143,0.005827675212121793,0.005814391226188997,0.8806991824916002,1.1132075524979845,-0.011902926528367145,-0.01178238272457153
922,reit,24,schur,0.00030071582024135716,0.00036526921616034184,0.005898236262127949,0.00580933239078474,0.8093462929961303,0.9981300182589977,-0.012025952379444895,-0.011991993492694874
923,reit,22,hrp,-0.00044655753296431904,-0.00035614072317265724,0.010125912396183647,0.009838112988422508,-0.7000733161101043,-0.5746588515702558,-0.02022153519425096,-0.019338383461190472
923,reit,22,schur,-0.0005052468493578045,-0.00038278505104886074,0.01011238962377841,0.009766497802051452,-0.7931404329732679,-0.6221804813936808,-0.02054988466932275,-0.019566097691542716
924,sp500,38,hrp,-0.00011837681073699745,-0.00011629547558593772,0.01011606826482619,0.010142845889560223,-0.18576126258224918,-0.18201335819510261,-0.023449038092541504,-0.02362045463344029
924,sp500,38,schur,-9.670627869640987e-05,-9.193716308593741e-05,0.010144647783209948,0.010099571874026365,-0.1513275388856794,-0.14450684017353604,-0.02347424770204414,-0.023509246747698106
925,reit,19,hrp,-0.002770883645170867,-0.00279818866720574,0.033002822282064415,0.030917824514317818,-1.3328076564534967,-1.4367074238558888,-0.08038645369609501,-0.07817161450889519
925,reit,19,schur,-0.0027213364071014467,-0.00276240802484876,0.03373964334621896,0.03192963491751291,-1.2803892370267136,-1.373390833748044,-0.08089810795968995,-0.0786502360883973
926,reit,17,hrp,0.0014646515155559729,0.0015689406794013913,0.014727405039689282,0.012861385626973611,1.578731755020725,1.936506833666368,-0.029392147863003988,-0.02394112598795737
926,reit,17,schur,0.0013960172557184287,0.0014499243742681861,0.014761526496997962,0.012660897099107195,1.5012733887665228,1.81794668298903,-0.029767980438179402,-0.025398321525872812
927,sp500,27,hrp,-0.001158823597512593,-0.0011909391005859372,0.028038425560066152,0.02786328051232277,-0.6560908448678874,-0.6785120693982468,-0.08347416731018806,-0.08267107305036271
927,sp500,27,schur,-0.0011457513063618942,-0.0011766787851562506,0.027538037360215237,0.027189542323053532,-0.660476920989388,-0.6869993032334523,-0.08171595408200648,-0.08032530347551618
928,sp500,23,hrp,-0.00152866714985515,-0.0013291661416015628,0.01388705875454797,0.013073727510521094,-1.7474426460186532,-1.6139129680965019,-0.033871043531308424,-0.03174127491106306
928,sp500,23,schur,-0.0014659090592510952,-0.0012633532602539061,0.013842774947173288,0.013071607727668542,-1.6810635859714065,-1.5342497790441283,-0.03338933724758439,-0.03132808195277623
929,sp500,27,hrp,0.0013932511440096936,0.0014356789135742188,0.0080599893495592,0.007929361513106982,2.7440701576913265,2.8742158078514097,-0.017400677625201276,-0.016495944318498885
929,sp500,27,schur,0.001284593379546276,0.0012768366777343749,0.007904887895613897,0.007800874735455504,2.579706123350791,2.598318082542948,-0.016756063650645657,-0.016425058707101006
930,reit,21,hrp,-5.1944959801063533e-05,1.571714590210473e-05,0.010997089411175739,0.010852996483402069,-0.07498353811174541,0.02298922298940167,-0.023035449337240412,-0.022817018808484683
930,reit,21,schur,-0.00011447399978472413,-6.0914354210841884e-05,0.01099010100867376,0.01085071923349562,-0.16535047390785934,-0.08911717041861075,-0.02336869834679922,-0.023011726909243243
931,reit,16,hrp,0.0017778536509389304,0.0014362965664598106,0.012099355306429185,0.011483365519810837,2.33256657502399,1.9855242875790013,-0.024163521545561416,-0.024198215797897677
931,reit,16,schur,0.0020149291697527665,0.0018386805279431747,0.013072269108527487,0.012916453774755374,2.44685973719654,2.259764871504782,-0.0246856830034899,-0.02479187458250964
932,sp500,40,hrp,0.0006160204952579983,0.0006301333925781251,0.006784485797671861,0.0065880017472394565,1.4413800086639992,1.518375052275367,-0.014818021510280487,-0.014367364371163501
932,sp500,40,schur,0.0007227917950334755,0.0007707229316406247,0.007057696019364372,0.006841374401265271,1.6257379185130514,1.7883610110377244,-0.015930199654946006,-0.015605128914969308
933,sp500,26,hrp,0.00014182405742502196,0.00019028144775390607,0.009336537533869734,0.008752331753094509,0.2411372639020895,0.3451222399252643,-0.023293630008077826,-0.02167029016985212
933,sp500,26,schur,0.0002740671683571375,0.0003390356723632811,0.009439641840541793,0.008833550069196365,0.4608947557012639,0.609270837404845,-0.023252917436827454,-0.02165790674700056
934,reit,18,hrp,-0.00019564041686776228,0.0002066572004724771,0.019790421580263416,0.018498763849316962,-0.15692921567915852,0.17734057157917046,-0.039275994769046925,-0.03699131995971399
934,reit,18,schur,-0.00011406174744912362,0.00023088889023059134,0.01947699274600205,0.01824476011358042,-0.09296476775177168,0.2008931595378335,-0.03876486490057969,-0.03594340264731045
935,sp500,26,hrp,0.0004780391656035798,0.00030082317578124994,0.005352656549576508,0.005406957233912401,1.4177327509301458,0.8831991199005111,-0.011048040090129694,-0.011683829354422434
935,sp500,26,schur,0.0004632244336328749,0.0002852238500976562,0.005459874296030378,0.0054172003988717105,1.3468185377370956,0.8358170122337784,-0.011198607974398077,-0.01157650518798828
936,sp500,37,hrp,0.0004031498329621972,0.0001879409516601562,0.010418546286864939,0.010564703374029838,0.6142704575550721,0.2823997995892132,-0.019294070700844247,-0.01959293039376395
936,sp500,37,schur,0.0003805520046993209,0.00017499247265625,0.010148929162040233,0.010251504278903378,0.59524267986461,0.2709767569874542,-0.01868306273263164,-0.018715075055803575
937,reit,16,hrp,0.0010233594597986071,0.0009879341300161944,0.006370887734812373,0.006262787508727409,2.549931574833116,2.504151401681769,-0.01332606532942672,-0.012873588270706785
937,reit,16,schur,0.0010284629645956002,0.0009767455524992493,0.0064211373963831255,0.006263937552366878,2.5425936892360146,2.475336771317198,-0.013156426757364606,-0.012773456629612526
938,reit,18,hrp,0.0013347532477429342,0.0010134174844885597,0.01316166015447326,0.012182060646162281,1.6098691716926128,1.3205897012601369,-0.02861760005156524,-0.026407542848895883
938,reit,18,schur,0.0014027146541773373,0.0011209262635488457,0.013232541177064145,0.01187852915546251,1.6827761587193195,1.4980097750708181,-0.028155602415935708,-0.025200704907256805
939,reit,12,hrp,0.0011306829046352248,0.0010280021977788717,0.00872694960135768,0.00861664177798248,2.056736372263386,1.8938966474158518,-0.01965352388680336,-0.0185964814988065
939,reit,12,schur,0.0011765317131567574,0.0010967285799615627,0.00872921213197817,0.008551470407157582,2.139581631558873,2.035910275187256,-0.01974796678067572,-0.018789647092456365
940,sp500,39,hrp,0.00023115221669708046,0.0001821805039062498,0.008976903887351726,0.008723464876236518,0.4087631691658045,0.33152260981073484,-0.01880751536023986,-0.018975612322126117
940,sp500,39,schur,0.0002011121430426367,0.00016760572363281231,0.00819441995685247,0.007897016987538495,0.38960125470341095,0.33691941937812453,-0.017276180454970484,-0.017425096034458708
941,sp500,31,hrp,0.0016057693291050366,0.0013322360249023437,0.010636609923714603,0.010885305680319477,2.3965152458631906,1.9428569006962817,-0.0213357991923011,-0.022654713623046874
941,sp500,31,schur,0.0016512449812477233,0.0014134338930664057,0.011128202441765997,0.01153530552837041,2.3555198228394283,1.945121210610117,-0.02173050489529118,-0.023273043666294645
942,sp500,30,hrp,0.0009389553380346024,0.0008271694760742189,0.0061827760873858625,0.0060269947381688645,2.410802799445878,2.17868256489723,-0.012380195747875734,-0.012390546526227678
942,sp500,30,schur,0.0009557854840809294,0.000841965791503906,0.005971051842252546,0.00590827585581364,2.541030389027397,2.262215391873801,-0.012145655328336885,-0.01220638738141741
943,reit,20,hrp,0.0011374001908885636,0.0011187290312607006,0.007291770939963687,0.007240483659590683,2.476170525123642,2.452774378349756,-0.01676353259726314,-0.01681701434139908
943,reit,20,schur,0.0011459470979647472,0.0010440256951575232,0.007076719717775506,0.0068670070810402445,2.570590181127538,2.413481435929758,-0.01650811961079256,-0.016159186834651364
944,sp500,16,hrp,-7.131815204830943e-05,-4.263591894531227e-05,0.00819481466376683,0.007591565586023346,-0.1381532849928678,-0.08915476300884584,-0.017511337074444636,-0.016398431248256136
944,sp500,16,schur,-0.0001709995281411643,-0.00018264549414062522,0.00784980265280631,0.007384781356320741,-0.34580912090255195,-0.39261925216160265,-0.01720924977382526,-0.01657439892578125
945,reit,15,hrp,-0.0032263208730994417,-0.0028019777106896714,0.0602623531492041,0.0492089042108801,-0.8498880877203822,-0.9039018023886662,-0.11942125614800446,-0.09066552527731994
945,reit,15,schur,-0.003116507148387677,-0.0026155662838988304,0.06041933224720754,0.05005314018447402,-0.818827607036649,-0.8295349182045797,-0.11907549323650948,-0.09134131413373876
946,reit,24,hrp,0.0008540635663061502,0.0006604091892662545,0.008558477333205533,0.008490674668792586,1.5841414627716217,1.2347276605208342,-0.01686672857036049,-0.015810280022827528
946,reit,24,schur,0.0006920800911327942,0.0002162755437451538,0.00838767836019341,0.008499640212093214,1.309829773992957,0.4039309588192761,-0.016272012861639963,-0.015268312308666815
947,reit,12,hrp,0.0013129318556899829,0.0012791716703410784,0.018545108282438768,0.017261055319394633,1.123862247324694,1.1764182645584444,-0.03646897102836287,-0.03656086192143032
947,reit,12,schur,0.0011982132900892944,0.0012204491185382259,0.01838454777622957,0.017366459477754875,1.0346213858861406,1.1156003995850439,-0.03691210654514147,-0.0368718337610208
948,reit,19,hrp,0.0012390382675456116,0.0012655594634504402,0.006677390796432681,0.006535354641641342,2.9456300109641638,3.0740693901929728,-0.013141300523696952,-0.013616912323112728
948,reit,19,schur,0.0011291314580988588,0.0011052299535516045,0.0067080319339402564,0.006542142247330942,2.672081228934652,2.6818404321581473,-0.013161198570623664,-0.013837556291767894
949,sp500,38,hrp,0.0009941556028426422,0.00091128913671875,0.007063298490734725,0.0067277354625338666,2.2343287570871375,2.1502430721238377,-0.015432927483995931,-0.01453191646902902
949,sp500,38,schur,0.001095268984582956,0.0009883257666015624,0.007100400306758954,0.006743313519394013,2.4487149118933025,2.3266284611189056,-0.015236339009023927,-0.014347641183035715
950,reit,21,hrp,-0.0001509345789632668,-7.202094883301979e-06,0.010800331978790005,0.010152965524201108,-0.2218461585965715,-0.01126072097919813,-0.023619224724855965,-0.02163436042950822
950,reit,21,schur,-2.5595799036418385e-05,0.00012174969324978093,0.010639496326120535,0.010140723922130024,-0.0381898447723093,0.19058959479275098,-0.023276901630243204,-0.021584002617683125
951,sp500,40,hrp,9.664965055604286e-05,-8.085611816406249e-05,0.006501759014429481,0.006691645032334622,0.23597700785748654,-0.1918139826064799,-0.015733718660029886,-0.016343801993233816
951,sp500,40,schur,0.00028304845237366315,0.0001484586992187502,0.006308764257944044,0.006495058864065297,0.7122242486896851,0.36284640954071873,-0.01456671226957462,-0.015192650634765627
952,sp500,34,hrp,2.350130858492089e-05,9.656934765625004e-05,0.014038353071909567,0.013656358887532138,0.026575176310975966,0.11225472921780279,-0.03354903033915089,-0.03313778161621094
952,sp500,34,schur,1.9914826399011806e-05,3.06922309570315e-05,0.013815299699362514,0.013370041548194348,0.02288318568604364,0.03644147701472031,-0.03173761140419725,-0.030912719918387278
953,sp500,19,hrp,0.0013585288963757682,0.001346235620117188,0.009943026544260103,0.010024774636525506,2.1689550516871043,2.1318013338371014,-0.02110584283205356,-0.02029445135498047
953,sp500,19,schur,0.0016997941695483432,0.0018424683828124995,0.012408922116183803,0.01514937519218775,2.1745156962942755,1.93065908431723,-0.025955533262556556,-0.03232708341761998
954,sp500,29,hrp,0.00030218334773351996,0.00018140526416015617,0.007957086090999608,0.007891332135578938,0.602860378262473,0.3649218209852021,-0.02003231371421783,-0.019952857500348777
954,sp500,29,schur,0.0003429024938304973,0.0002752070576171875,0.007833691245692045,0.007639530617701423,0.6948714424645739,0.5718645319526042,-0.019668107604700166,-0.019425857177734374
955,sp500,21,hrp,0.0011183927366346482,0.0011324041489257813,0.0065908023702557356,0.006398523373463544,2.693743993226204,2.8094542319881435,-0.014189221702086184,-0.013943658203125002
955,sp500,21,schur,0.0011917066358308275,0.0012237099726562502,0.006630817878979629,0.00645780664536717,2.853004970155179,3.008110129937785,-0.014580708345824445,-0.013871503888811384
956,reit,12,hrp,0.0009096574976055959,0.000656792401005774,0.008781853459355546,0.00846417401210069,1.6443413874180204,1.2318102299697486,-0.01624732620489911,-0.01744274971263903
956,reit,12,schur,0.0009473894855833596,0.0007182886316788371,0.008796666711607703,0.00843432854381933,1.7096637095026714,1.3519130153257042,-0.016196986691799562,-0.016983212384705713
957,reit,13,hrp,0.00045568331812465045,0.0003127091089175924,0.011007384874346495,0.01092424247956458,0.6571722984820958,0.45441166457898136,-0.026434255537786472,-0.025838391912773408
957,reit,13,schur,0.0005016488714985276,0.0003957159677748883,0.010897713482117006,0.010719323145991628,0.7307431021962254,0.5860254568075628,-0.02638454033068626,-0.02570209633797249
958,reit,23,hrp,-0.0002865532926461005,-0.0003656046767170657,0.01897133745684948,0.01874891396471726,-0.2397771115819473,-0.3095536268103334,-0.043582633892770076,-0.04540877182370647
958,reit,23,schur,-0.0002736819069226678,-0.0003858673870089017,0.0190355729712596,0.018991140595410714,-0.2282340327181835,-0.32254275827621737,-0.04363682449712419,-0.04585875573930759
959,reit,18,hrp,-0.00026249916276633185,-2.345881756332227e-05,0.012922980525642211,0.011572466962605325,-0.3224523178678393,-0.03217958497081519,-0.029769267086372602,-0.025879239528578863
959,reit,18,schur,-0.00026378130958595907,-6.459701823531504e-05,0.013001835279153027,0.011681307024403448,-0.32206210770431276,-0.08778520006189604,-0.030706895593660678,-0.026927240149605285
960,sp500,25,hrp,-7.351828060015848e-05,3.151747949218732e-05,0.013259241033790687,0.012528497102638878,-0.08801910461815096,0.03993491573878022,-0.030800327763340234,-0.029257085876464844
960,sp500,25,schur,-9.207989047427889e-05,-2.67740400390626e-05,0.013529431811099207,0.012971634947520556,-0.10804023155435714,-0.032765700772076925,-0.03106114814907127,-0.029772042541503903
961,sp500,12,hrp,0.0006992611776014161,0.0007518458583984375,0.007611345270628128,0.007281353514369773,1.4584054026992042,1.6391434600590087,-0.01698104886338806,-0.015959322448730467
961,sp500,12,schur,0.0007221557562882365,0.0007824081977539061,0.007527023409845192,0.007183772340681915,1.5230279766315264,1.7289446965953672,-0.01668640811391238,-0.015458944632393973
962,reit,15,hrp,-0.0004478367070623204,-0.00023388509840278817,0.00806847174698457,0.007782056645267643,-0.8811070487759737,-0.4770989217463083,-0.02159481317577483,-0.02034978015864696
962,reit,15,schur,-0.00044719830864868744,-0.00023900234130251797,0.008018224754238515,0.007692303809939523,-0.8853646893255471,-0.49322604005700227,-0.02148846164188067,-0.02014563799034023
963,sp500,20,hrp,0.0006038172997816716,0.0005695164843749997,0.006374150744920486,0.005937919974567624,1.5037771867700946,1.522552333135245,-0.015221694811927025,-0.013742302498953684
963,sp500,20,schur,0.0005633268748307889,0.000559133064453125,0.006040777271108202,0.0058714746965240665,1.480361964116636,1.511709185304521,-0.014256447984581267,-0.013764503287179129
964,sp500,17,hrp,-4.296686673946325e-05,-2.7622733398437406e-05,0.011636163576176752,0.011408813972517085,-0.05861707422591444,-0.0384349591185311,-0.024513999954221256,-0.02389130975341797
964,sp500,17,schur,-0.00017404406698784874,-8.898895751953111e-05,0.011803464518679125,0.011436458967868216,-0.23407228497399388,-0.12352214178658012,-0.02463691866604337,-0.02416516598074777
965,sp500,35,hrp,0.0007229795500372053,0.0006717086689453127,0.011957570503467685,0.01099126956337708,0.9598057189773324,0.970137661314608,-0.021609675858989572,-0.02136736669049944
965,sp500,35,schur,0.0008041646236403015,0.0007431183022460939,0.011811405895330246,0.01091285132558554,1.0807957796874625,1.0809858013005793,-0.020403701684368523,-0.019910141924176897
966,sp500,18,hrp,0.0008925758996699137,0.0007469174580078125,0.009594625419391142,0.009568360697002879,1.4767854419852,1.2391827020485535,-0.02114097307133309,-0.021668874067034043
966,sp500,18,schur,0.0007494494877495674,0.0006138220512695312,0.009785990479652514,0.00992765418578639,1.2157320011170778,0.9815131348341238,-0.020603970049543303,-0.02169837574114118
967,reit,18,hrp,0.0004832187026128354,0.0005857816182178225,0.00663026257864188,0.0063633723929632695,1.1569465017152174,1.4613312457820389,-0.015569623954226114,-0.014599075063975512
967,reit,18,schur,0.0005198999334421013,0.0006225851729802436,0.006673234491143495,0.0064687022416055695,1.2367549190897345,1.5278540975968697,-0.01566074520424095,-0.014727146805026917
968,reit,24,hrp,0.001157414123840994,0.0009538062894034617,0.013478295380817802,0.010450030358107702,1.3631827389486317,1.4489149720409946,-0.025454001150069128,-0.02055971965945578
968,reit,24,schur,0.0012090078105019386,0.001055388614102132,0.0137061943965328,0.010855084109673856,1.4002722742055977,1.5434035045135652,-0.026274207052495002,-0.021598908762853593
969,reit,22,hrp,0.0002016370906359508,0.0004629144215944133,0.005781140925903398,0.005638398226511816,0.5536778332307662,1.3033025217182848,-0.012373860873854007,-0.010624942964282905
969,reit,22,schur,0.00011289179151826358,0.00036887025205987025,0.006019594195928719,0.005774611289207681,0.2977113696001841,1.0140308022021345,-0.012994064697064019,-0.011257298673527863
970,sp500,14,hrp,-0.0005765249968553597,-0.0004275552978515622,0.011426435964304406,0.010032041565491236,-0.8009540880761065,-0.6765552051147173,-0.02433408485509759,-0.021730893066406246
970,sp500,14,schur,-0.0006056229304195675,-0.00037504478564453114,0.011398420535542667,0.009880738482979769,-0.8434472077102031,-0.6025512577037943,-0.025109240053420415,-0.021925559369768415
971,reit,12,hrp,-0.0002016107472963671,-0.00020992886340529028,0.01161892804667233,0.01146524825342714,-0.2754532415596694,-0.2906624714831566,-0.034680650295275554,-0.03434960054144824
971,reit,12,schur,-0.0002651397363903235,-0.00029761135891145864,0.011623377967004234,0.011521662415478588,-0.36211184416167724,-0.4100479329978697,-0.03450700021952846,-0.03424990071095401
972,sp500,16,hrp,-0.0002160916099813416,-0.00023230108203124998,0.012743610104660522,0.012648494806328096,-0.26918180439737627,-0.29154973856892924,-0.027772466475689674,-0.027755244724818637
972,sp500,16,schur,-0.0002590299678752607,-0.0002845533178710936,0.012449897519220621,0.012270505828048237,-0.3302816955977123,-0.3681302096467733,-0.027311664464662638,-0.02718822788783482
973,reit,21,hrp,-0.0005436171578581872,-0.000686333987858554,0.013408830568473949,0.012597298822738568,-0.6435799754985768,-0.8648849600648912,-0.02923628794233365,-0.02772451677269335
973,reit,21,schur,-0.0005321790664415388,-0.0007162161413188243,0.012510364728369456,0.011667807665999034,-0.6752865292084951,-0.9744400229129,-0.027300390365219862,-0.02569862895264583
974,reit,17,hrp,0.000928964947914556,0.0008543882629063635,0.006907261190091908,0.007221560210103194,2.1349795479605564,1.8781250596624808,-0.012950412580120585,-0.014422009063714812
974,reit,17,schur,0.0035192285032078245,0.004584520605858291,0.018178024910756325,0.02458932154052318,3.0732723071982786,2.959699733942508,-0.027979119452289734,-0.03698044236853818
975,sp500,31,hrp,0.00019342778830454407,0.00022466318652343746,0.008029373517008916,0.007492583842530889,0.38241725092423795,0.4759930081141827,-0.0145274319682409,-0.01365714556012835
975,sp500,31,schur,0.00017686343458320553,0.00019084418017578127,0.00800798237376807,0.007463125617505277,0.35060266775366533,0.4059368145095515,-0.014704668840533069,-0.013955474949428014
976,reit,18,hrp,0.0007849719489017481,0.0005669377327321022,0.011043791639083818,0.012011451058041309,1.1283301772585883,0.749273127328154,-0.02633791403838388,-0.029994978727362818
976,reit,18,schur,0.0008545575074845931,0.0006287361583741003,0.011070608660403049,0.011827251770955923,1.2253779616802767,0.8438881056461393,-0.026326797864313883,-0.029580018895946043
977,reit,18,hrp,0.0007224234168388393,0.0005772355644038962,0.009704249752898714,0.009383161017626335,1.1817622696741839,0.9765718067370817,-0.016621903050445013,-0.016281959545108454
977,reit,18,schur,0.0007372710318001262,0.0006370407023478164,0.009906811425519729,0.009605353523714968,1.181390690835398,1.0528199316830835,-0.017225864931219678,-0.01672779170698308
978,sp500,31,hrp,-0.0004497793274112032,-0.00040490296093749977,0.00986719301083369,0.009397188373240403,-0.7236126285650083,-0.6839955722106619,-0.020648179798896344,-0.019576272391183036
978,sp500,31,schur,-0.0003463808832306735,-0.00025495948339843746,0.009625839426815525,0.00924260866416751,-0.5712360046536408,-0.43790194650453146,-0.02023420142471353,-0.018950250854492184
979,reit,21,hrp,0.0004610299926590742,0.00037469863196611087,0.007170310649839572,0.00661924289898641,1.0206844030210618,0.8986158192776861,-0.016363203163113575,-0.015016703143182871
979,reit,21,schur,0.00046521746519424996,0.00036663512668561033,0.007030672159200801,0.006685321172017379,1.0504114177962867,0.870586775550293,-0.016010823526460834,-0.014679517391536211
980,reit,19,hrp,0.0012321714499092143,0.0009882362129527854,0.010107176156643024,0.008947474365095841,1.93527005675724,1.7533175169035524,-0.019704318558429752,-0.017727311995424763
980,reit,19,schur,0.0012097582471737554,0.0010148657054301138,0.009954877856255923,0.008877091633979933,1.929136357923112,1.8148391712561773,-0.019412977928013078,-0.01794117335739095
981,reit,13,hrp,-6.139923027615752e-05,0.00017363273167775078,0.01761013352201556,0.016457595196788646,-0.055347823614766437,0.16748097956733396,-0.04145867681496384,-0.03801909896779817
981,reit,13,schur,-6.183196159812266e-05,0.0001624179140081883,0.017763224845434585,0.01652827653445836,-0.05525753174462825,0.1559935452550034,-0.041716959526948275,-0.03827235012446437
982,sp500,39,hrp,0.001319852964017376,0.001192548380859375,0.00797067295715433,0.007448547516445775,2.6286383059993206,2.541585270309619,-0.015585724454002029,-0.014506573268345424
982,sp500,39,schur,0.0013835202893160991,0.0013363691250000002,0.007524684338088346,0.007096697381946222,2.9187541602090428,2.9893062991777293,-0.01445200132630906,-0.013493130179268972
983,reit,23,hrp,0.000783949985786429,0.0009699059751425483,0.009110774635753249,0.007880076015917892,1.3659453464455247,1.9538872468939257,-0.022423753228272652,-0.01995010607951837
983,reit,23,schur,0.0007002367605819734,0.0008379869052550756,0.009379334194936983,0.008154959327851496,1.1851495781217287,1.6312318902645173,-0.022988655675570617,-0.02068528551219515
984,reit,22,hrp,0.0006917863572263342,0.0006106094825197115,0.010280043150102202,0.009569761481570906,1.0682608826928754,1.0128909745782746,-0.023714541321484393,-0.02142206493070469
984,reit,22,schur,0.0007406486350711467,0.0007917058203846867,0.01020842089899876,0.00983407940747323,1.151738618537886,1.2779986567945278,-0.02363019693080573,-0.022141501694830718
985,reit,13,hrp,0.0013952290410398055,0.0015869953739207402,0.007482631589105947,0.007382085629341805,2.9599979798076808,3.4126901003546943,-0.014676734880907674,-0.014041258884922322
985,reit,13,schur,0.0018811223387398344,0.0022235675670064965,0.008209898415386071,0.009173933049317153,3.637303393181946,3.8476453495064686,-0.015871767053577786,-0.01689511380563873
986,sp500,39,hrp,0.0014540565160082064,0.0010313980102539064,0.010159565159414095,0.009572297717049491,2.271990113686668,1.7104499161146856,-0.02302978891966628,-0.022524835588727678
986,sp500,39,schur,0.0013934416619663876,0.0010723796557617186,0.009933535701685668,0.009355987273112787,2.2268204684142696,1.8195299741445201,-0.022738338695347488,-0.022410243765694757
987,sp500,20,hrp,-0.0006235206509172289,-0.0004974066967773435,0.03223721333333303,0.032205947064786286,-0.30703905376356116,-0.24517479659585292,-0.08275313593712486,-0.0833035379900251
987,sp500,20,schur,-0.0008422286479643338,-0.0007339173691406243,0.032758890609482554,0.032544594602721154,-0.4081324198914302,-0.357988083487362,-0.0832795324433236,-0.08304180313546317
988,sp500,19,hrp,0.0003799253068810585,0.0005233117998046878,0.011420184812962303,0.010823909300230031,0.5281111795912031,0.767496941460549,-0.026479158597737678,-0.02526657939801897
988,sp500,19,schur,0.00037137791387467276,0.000521097574707031,0.011394500179881351,0.010807133960879269,0.5173936128953992,0.7654358295905874,-0.026692268278956273,-0.025409035784040173
989,reit,20,hrp,0.0006131187333122971,0.000377432192162328,0.006951650873916118,0.006615906280160391,1.4000930615654894,0.9056280500036824,-0.014556084169711023,-0.014765104543174612
989,reit,20,schur,0.0006069009273847579,0.00045710523100542846,0.006644026121947957,0.006153415209058153,1.45006256282788,1.1792346751899467,-0.014156105355836859,-0.01330050651366862
990,reit,18,hrp,0.002992836132931159,0.0033272388923872094,0.022839392524505273,0.020805579847746895,2.0801691938193825,2.538659357589171,-0.04464495997659408,-0.04036728557119355
990,reit,18,schur,0.002864451515769374,0.003006410522405511,0.022745153563518552,0.02019352904854208,1.9991844853006309,2.3633950941805395,-0.04376274645562288,-0.03865974882233395
991,sp500,36,hrp,-2.2925466565341197e-05,-4.1366212402343574e-05,0.01026607015268916,0.0102059186105325,-0.03544983561570375,-0.06434190681336416,-0.0259672281855515,-0.025556953630719866
991,sp500,36,schur,0.00017406601031594605,0.00022103462451171895,0.010213560796156634,0.010189535187366702,0.2705434769694599,0.34435485240834507,-0.025804908896651234,-0.025314868460518974
992,reit,14,hrp,0.0010160810477712616,0.0012685596380084634,0.008513987287406787,0.007541964801393937,1.8945044244534037,2.67009466138388,-0.01964273665469641,-0.016500295749526817
992,reit,14,schur,0.0010837379505706148,0.0013491960506679225,0.0085519503789117,0.007716715940538036,2.0116822314426543,2.775510137299886,-0.01981190537703139,-0.017231983356656533
993,sp500,14,hrp,0.0006253249731854948,0.0006273919682617187,0.008523678039921302,0.008592825654102994,1.1646059552448051,1.1590528117748358,-0.020819502234252572,-0.020575879159109935
993,sp500,14,schur,0.0007123562370871138,0.0007368621635742188,0.008217662548977116,0.008205145662720743,1.3760974756401023,1.4256083551627732,-0.020092492199266215,-0.019751752650669644
994,reit,22,hrp,-0.00015151111212868785,8.844733603780128e-05,0.006614352857546959,0.006512730011254093,-0.36362806658971847,0.215586693946604,-0.01340220549274811,-0.012574975041854635
994,reit,22,schur,-0.00022712573991693545,-3.3018805105679866e-05,0.006825283252897303,0.006368070522865123,-0.5282578336129802,-0.08231021932103279,-0.013993044115134965,-0.012298017194751978
995,sp500,21,hrp,0.00014514177999141816,0.00012905615087890624,0.009559820388238334,0.009432964860671552,0.24101439510830022,0.21718546741061895,-0.024897221640624457,-0.024526555463518413
995,sp500,21,schur,0.00024750226703233074,0.0002482961928710938,0.009336842451457146,0.009180414962137154,0.42080357523225775,0.4293465908875079,-0.024150129857300206,-0.023718446960449217
996,reit,20,hrp,0.0003970331263890356,0.0003370992147126112,0.010566486988318559,0.010159903631507755,0.5964806936351637,0.5267061903139594,-0.024994884564935222,-0.024398279383452043
996,reit,20,schur,0.00044456594758783785,0.00042746113572575314,0.010454302109446437,0.010129380449080464,0.6750585125844285,0.6699062391589237,-0.024410647485538704,-0.023545629884925562
997,sp500,35,hrp,0.0006091030213722768,0.0010791933657226561,0.010807645383234466,0.010878189409334474,0.8946639495790774,1.5748635116444132,-0.021397629858122214,-0.02225359555489676
997,sp500,35,schur,0.0006290934979475923,0.0011304946645507813,0.011350289537487054,0.012180108896990201,0.8798497737770771,1.4733896549771515,-0.023878843657528705,-0.027716256888253347
998,reit,13,hrp,0.0003799110215137549,0.0005406393108970263,0.007829482082105514,0.007675570957714961,0.770280899337034,1.1181426164898858,-0.015415579506669965,-0.014876287407057603
998,reit,13,schur,0.0003110130207560837,0.0004251165248303792,0.007900608646985587,0.007672263478093477,0.6249111764857691,0.8795990435964756,-0.015651012084769052,-0.015256780965051068
999,reit,23,hrp,0.0012098393643609298,0.0009141625274561257,0.008245204072782114,0.008179915189944273,2.329306144163451,1.774086881866296,-0.017956020935371835,-0.018413330290598048
999,reit,23,schur,0.0012869186604137434,0.0010582769910012714,0.008322946907879466,0.008170276839644854,2.454563344480576,2.056188149824905,-0.017621878828536806,-0.01789845958748878
1000,reit,23,hrp,0.0016666665752674702,0.0016899952364592629,0.00593002942565705,0.005705160122258349,4.461615577362357,4.702382071742874,-0.011632209078351202,-0.011298269462420577
1000,reit,23,schur,0.0016688377817516602,0.0017107290411043957,0.0059586033816241175,0.005939666087097749,4.446004675498411,4.572139447242706,-0.011628989515935028,-0.011293691462768953
1001,reit,19,hrp,0.001686940470978969,0.0019394064162246906,0.012802580926303006,0.011104300666331616,2.0917149386390337,2.772540417950703,-0.025439770001536792,-0.019794543766593543
1001,reit,19,schur,0.0016135874184625323,0.0017894049549164266,0.012014865488228875,0.010698332014376187,2.1319344933643,2.6551730676148764,-0.023526305242067717,-0.019256270864229746
1002,reit,25,hrp,0.0018565277943446898,0.0019253318690032324,0.009176501858262229,0.0089059301857826,3.211623070610151,3.4318364575426648,-0.017839377443877348,-0.01710308737985145
1002,reit,25,schur,0.0019209901295265297,0.0020536730533544244,0.009179015061754503,0.008852292301320334,3.322227136273254,3.6827804517481235,-0.01765652997949036,-0.016927024229255547
1003,sp500,37,hrp,-0.000565616187424939,-0.0006296219960937499,0.011415373398362133,0.011234418975834862,-0.7865602204411121,-0.8896712283332043,-0.02681073445934657,-0.026406127476283483
1003,sp500,37,schur,-0.0005522715756617268,-0.0005859644409179687,0.011357205055134427,0.011201040345891543,-0.7719363549098619,-0.8304493903718094,-0.02691089131298937,-0.02642659549386161
1004,sp500,21,hrp,0.0001649504636714246,6.985242578125014e-05,0.009404269859512319,0.009156951026201607,0.2784381426983096,0.12109629934437673,-0.018761156501416073,-0.018475355442592076
1004,sp500,21,schur,0.00033743314928001987,0.00028430897753906254,0.009333152194590823,0.009104747621916442,0.5739309796887371,0.4957045804942871,-0.018797799236181936,-0.01859753210449219
1005,sp500,40,hrp,-0.0003157289856894655,-0.0002707942910156244,0.029136270099307617,0.028532850176747747,-0.17202072365100313,-0.15065883976790811,-0.07694841425803388,-0.07525603131103516
1005,sp500,40,schur,-0.00018166695378523773,-0.00013738539746093758,0.029070618179255395,0.028604723554024224,-0.09920234475730318,-0.07624354658073987,-0.07672743104913411,-0.07532594294956751
1006,sp500,25,hrp,0.0001154538698623378,4.104763574218756e-05,0.03057680690670916,0.03060139141475506,0.05993998558863313,0.021293509424273434,-0.08325329177298281,-0.08385877612304686
1006,sp500,25,schur,0.00029286494652597017,0.0002401523295898435,0.029846470865837537,0.029681800928776807,0.15576672090692828,0.12843897357687625,-0.08116773953411957,-0.08111159603445871
1007,reit,14,hrp,-0.0010270360495804665,-0.0007911943659937463,0.012192169390649455,0.011563683795812699,-1.33722648740695,-1.0861436034213632,-0.02764181810834992,-0.027039334374119765
1007,reit,14,schur,-0.0010344880861174082,-0.0008155531475726976,0.012335049786387045,0.011872715254311078,-1.3313273594467605,-1.0904417885284439,-0.027857993621196623,-0.027378194558098205
1008,sp500,22,hrp,0.001397795904723649,0.001306169346191406,0.006888378442382269,0.006763304163472104,3.221269311891338,3.0657789535677256,-0.013848925805895699,-0.013076478445870537
1008,sp500,22,schur,0.00142297553136832,0.0013272982558593747,0.007234292973998904,0.007068228621171494,3.1224939807624126,2.980974121376102,-0.015181221043480983,-0.014413510454450334
1009,sp500,14,hrp,0.00038521251860784743,0.0005160792309570312,0.011070092065208115,0.010614072843629783,0.5523946070954624,0.7718529853903817,-0.02739605613283318,-0.026167600812639507
1009,sp500,14,schur,0.00035982428926168596,0.0004813892607421876,0.01101391512512159,0.01061604051224881,0.518619713835763,0.7198368918834849,-0.027182067819362405,-0.026246190098353796
1010,sp500,20,hrp,0.0006321824139195889,0.0006633942939453126,0.0061893162266535885,0.006047396668217274,1.6214367363459752,1.741420071400071,-0.013045706835449039,-0.01245599467250279
1010,sp500,20,schur,0.000434010672776197,0.00035882018212890596,0.009730094850074133,0.015570701650748704,0.7080820840127162,0.36582126686307914,-0.01942873781821936,-0.03172065196881975
1011,reit,20,hrp,0.0004988179016375175,0.0004107713003238619,0.0076021000824594755,0.007367054214271673,1.0416185813851933,0.8851288518611845,-0.018172583336326282,-0.018055620747661212
1011,reit,20,schur,0.00024986630786103545,-2.7715667156186383e-05,0.007731061470484451,0.009459544638183055,0.5130608112260511,-0.046510967823665504,-0.018941172566513006,-0.022271642977976597
1012,sp500,27,hrp,0.0007105938549407529,0.0005941944599609378,0.007499140954041568,0.0072921810743740685,1.5042159907641475,1.2935148664864247,-0.016684263393787268,-0.016636424342564172
1012,sp500,27,schur,0.0007394937974187316,0.0006600805859375001,0.007264532601986841,0.006966526307047934,1.6159470605249704,1.504114675245487,-0.015794218022696854,-0.01524184632219587
1013,reit,21,hrp,0.0009456785097654702,0.00047549141523362556,0.020102433174140698,0.01958685950116295,0.7467842729434826,0.38537021267129473,-0.03820045441072217,-0.03786127630418234
1013,reit,21,schur,0.001154606646719209,0.0008935938991213242,0.020323876506410675,0.0192479433780557,0.9018364331305619,0.7369807309974687,-0.03823917027722349,-0.03543124691404468
1014,sp500,24,hrp,-0.0002920264957602019,-0.0004029316586914062,0.006780948267446042,0.006630427948117218,-0.6836472896267826,-0.964695165314272,-0.012373531727477797,-0.012627484645298549
1014,sp500,24,schur,-0.00021730545244059572,-0.0003161187158203126,0.006703214596449097,0.006522732161463668,-0.5146213155706684,-0.7693446422113729,-0.011874756668705374,-0.011996643903459822
1015,sp500,12,hrp,0.0014681988606869674,0.00140131354296875,0.008679142081257321,0.008016297230432875,2.6853961077245194,2.7749922715791815,-0.015591649183163445,-0.014741171160016742
1015,sp500,12,schur,0.0015626454433408036,0.0015105838999023445,0.008886084912813062,0.0081986769283034,2.791581177321357,2.924834849761597,-0.015653256935241562,-0.014957198800223215
1016,sp500,21,hrp,-7.476232051482865e-05,-1.9321954589843742e-05,0.00726896821303605,0.007288562770577769,-0.163271458938783,-0.04208326521775198,-0.015418479162431645,-0.014877316397530692
1016,sp500,21,schur,4.5417614539574165e-05,0.00012196598242187492,0.007395697674448154,0.007452221591168742,0.09748671606358288,0.25980842406540533,-0.015245912562598269,-0.015187445251464843
1017,sp500,14,hrp,0.0014792610878304174,0.0013881560122070314,0.008496871013744078,0.007910363758512713,2.7636693245338044,2.7857497086451173,-0.017007362840597423,-0.015021119201660157
1017,sp500,14,schur,0.0014337704342663358,0.0013442417124023439,0.008756910254371666,0.008172179398589666,2.599135925367315,2.611197649618403,-0.01799247499589482,-0.01621643797956194
1018,sp500,34,hrp,-0.0017660387887229662,-0.0018337013681640627,0.029853348160818475,0.029556914763495812,-0.9390905332596247,-0.9848492992738587,-0.08707095632744434,-0.08741654815673829
1018,sp500,34,schur,-0.0015197056514673934,-0.0013198674643554687,0.028725632015751925,0.028069126947278963,-0.8398276252227921,-0.7464516614589964,-0.08112083136365653,-0.07766590225655692
1019,reit,24,hrp,0.00010804763037390552,0.0003368180038724635,0.014186203660771304,0.01349601040772414,0.12090641015242844,0.39617782518559996,-0.02929941193808424,-0.030535851901620885
1019,reit,24,schur,6.187181731509334e-05,0.0002593451741523858,0.014196753468083748,0.013439739743067686,0.06918375055848001,0.30632862584376025,-0.029144948712868487,-0.029860542832425816
1020,sp500,39,hrp,-0.0002773733666338599,-0.00030380849316406257,0.009127457998086223,0.008651320244083209,-0.48240875953401574,-0.5574652398177796,-0.0235931875138204,-0.022143852076939172
1020,sp500,39,schur,-0.00019278958167134896,-0.00020951882714843748,0.009355031515445448,0.008864592529776994,-0.327143711461208,-0.37520148371758666,-0.024009402434730813,-0.02254990019880022
1021,reit,24,hrp,-0.0004790850003851972,-0.0004630011207304644,0.010156324666116103,0.009975549631465325,-0.7488179885245265,-0.7367929793059799,-0.024635183480342913,-0.02334643202563273
1021,reit,24,schur,-0.00045811055290524385,-0.0004261075815181803,0.010404772630420745,0.010149492024348143,-0.6989369046380945,-0.666461743948428,-0.025272414882135278,-0.023772493582592785
1022,reit,23,hrp,0.0024169128835427253,0.002904745797307815,0.047331380664493515,0.03286495568857992,0.810610255680843,1.4030571179270477,-0.07950022132619579,-0.058174724659707376
1022,reit,23,schur,0.0021367736693080576,0.0021668898368584163,0.05037464053484773,0.040882687846229,0.6733592550135519,0.8413906123341408,-0.0868633370060027,-0.07168011713648684
1023,sp500,12,hrp,0.0007389999251940869,0.0007172483139648436,0.00837876490854704,0.008146974867138272,1.400118066779326,1.3975695504001937,-0.020884265766845978,-0.019671303414481027
1023,sp500,12,schur,0.000641750823079801,0.0006073638593750001,0.008327607249955894,0.008180386356661087,1.2233380109628658,1.1786243269007726,-0.020938257369295936,-0.019941909877232145
1024,sp500,35,hrp,0.0007569124860765166,0.0006826222202148437,0.0071918463150796854,0.006793854923512847,1.6707271940995978,1.5950137185102602,-0.016288607135040486,-0.015608357343401226
1024,sp500,35,schur,0.0006378449984752166,0.0005627291567382814,0.0073368733524651845,0.006947384396388961,1.3800804456340554,1.2858146196618405,-0.01707877887183325,-0.01630011008126395
1025,sp500,29,hrp,0.0001048211876557607,0.00020922245166015655,0.014313668568491285,0.01325914039962779,0.11625145294116926,0.2504916121709729,-0.03198457448487006,-0.030482107439313618
1025,sp500,29,schur,5.9068657965314046e-05,0.0001339668481445312,0.01432740070247984,0.013166884403367865,0.06544703362453141,0.16151564178398525,-0.03201945716624165,-0.029849581830705917
1026,reit,17,hrp,0.001943509081372597,0.0020105942799877796,0.00633043911501735,0.006258879580574536,4.873635089145054,5.099506118130166,-0.012842974473397339,-0.012220360704602641
1026,reit,17,schur,0.0018344549402496775,0.0018394292813647293,0.006225297228317274,0.006065415790801462,4.677860078240562,4.814185144730135,-0.012832055265701863,-0.012042023381963711
1027,sp500,26,hrp,0.0005086617134601642,0.0004298343569335939,0.0044102806954272504,0.004363971351496891,1.8308935256719059,1.5635778355981786,-0.009630145822346744,-0.009389204581124442
1027,sp500,26,schur,0.0005187293403726111,0.00044101451708984386,0.0044478589656732365,0.004411597853776865,1.8513565870280773,1.586928059351606,-0.00966623490516108,-0.009417883588518415
1028,reit,25,hrp,0.0010478801479520802,0.0010534316081156623,0.008683144520953883,0.008488862818297546,1.915732441347096,1.969958604312459,-0.018489225074817334,-0.019164855822715765
1028,reit,25,schur,0.0010175375394338134,0.00097237286219099,0.00878932893048834,0.008424336154783366,1.8377862293963814,1.8323035033624655,-0.018866850332126758,-0.018867100451331976
1029,reit,25,hrp,0.0015529751327776626,0.0018610416783668106,0.009608111883966462,0.009058583497923744,2.56582315644372,3.2613400063796276,-0.0190636279299779,-0.01664623807047459
1029,reit,25,schur,0.0013567919744426925,0.0015308824184899152,0.010067950298008358,0.009144832708107403,2.1393038536952984,2.6574575796545155,-0.020836423644348307,-0.01774789878199786
1030,sp500,12,hrp,-0.0009335433405116379,-0.0008739272226562498,0.007312420823049552,0.007174846643378659,-2.0266258549908507,-1.9335834283663431,-0.015321483603853145,-0.014527629673549106
1030,sp500,12,schur,-0.0008880943277821302,-0.0007614335195312497,0.007090676685948008,0.006992833898622971,-1.9882531691806653,-1.7285384682038887,-0.014357627464373692,-0.013396076302664619
1031,reit,24,hrp,-0.00017393266241853066,-0.00010199418563675908,0.013168053321269014,0.012506485099027853,-0.2096813667457572,-0.1294614345594494,-0.031140211392308572,-0.028521469825388522
1031,reit,24,schur,-6.0826144292677494e-05,9.68781295839392e-05,0.01254220385235898,0.01147396253111744,-0.07698687706104554,0.13403326235294763,-0.029402018220196335,-0.026164024586217575
1032,reit,13,hrp,-0.004249101911424543,-0.003676865721630584,0.043732524249037535,0.039704560427189416,-1.5423852813498584,-1.4700687576862104,-0.09898614370271044,-0.08825541438621186
1032,reit,13,schur,-0.004255730855643805,-0.0036692979778490046,0.044051539080706456,0.04020034278119133,-1.5336043724005648,-1.4489503219046374,-0.09950998058354996,-0.09005625601788421
1033,reit,23,hrp,0.0015551349839304242,0.001733342195162505,0.005376701433693754,0.005524507380085117,4.5914772914474815,4.9807073136400986,-0.008902017811264146,-0.009091664228389326
1033,reit,23,schur,0.0014255980784012977,0.0015068461899885365,0.005468440394980732,0.005862681095002268,4.138413564982837,4.080119881806375,-0.009547229839353938,-0.010670329881909
1034,sp500,31,hrp,0.0002649639409427923,0.00031883033935546884,0.009736037749573299,0.00939495340822009,0.43202093839352096,0.5387227067792641,-0.02293635246057101,-0.021932999799455916
1034,sp500,31,schur,0.00027043935941933693,0.00033266856835937524,0.00954184975489983,0.009162875730715829,0.4499223786539428,0.5763419651778059,-0.022527066204056014,-0.021496414350237164
1035,reit,21,hrp,0.0016116117966196214,0.001289498830145003,0.009045963230210402,0.008822010016488201,2.828172466759639,2.3203509500188697,-0.02083560164139921,-0.01934057715670396
1035,reit,21,schur,0.001790723563745378,0.001559985735473346,0.009300115051943007,0.008903258631448658,3.0566132935379677,2.7814541679999034,-0.02139948851179097,-0.019966636110289045
1036,reit,25,hrp,-8.825872447955798e-05,-0.00018895742569263564,0.011435136745081072,0.010239915561332398,-0.1225226988764043,-0.2929327026774605,-0.025483030517223254,-0.022094163483303057
1036,reit,25,schur,-0.00011885782219507226,-0.0002384765473650317,0.011561704704723022,0.010506900555767366,-0.163194743474688,-0.3603058587070306,-0.026402501876831606,-0.02367209231761918
1037,reit,15,hrp,-0.000277956399769818,-0.0001772838248092995,0.008465811467370955,0.00847974518190027,-0.5212047388091678,-0.33188420302127836,-0.02131479085196129,-0.021012747663400354
1037,reit,15,schur,-0.00022176673494111207,-0.00011555346143621635,0.008546856329047578,0.008587652989398375,-0.41189855577203394,-0.21360368599221144,-0.02137624494751283,-0.02111272043894418
1038,sp500,24,hrp,0.0009339175032923191,0.0010921529648437503,0.0076173456143697575,0.0075648782547645425,1.9462791243977922,2.2918268143695624,-0.0178480485223768,-0.017410632725306917
1038,sp500,24,schur,0.0010178400498717405,0.0011852987646484377,0.007677682391703655,0.007816443808220191,2.104503553816308,2.40723723282487,-0.017607356396517653,-0.01840011407470703
1039,reit,24,hrp,-0.00026980255122633875,-0.0002789615232635202,0.0122489125452421,0.010758961579844632,-0.3496622827532229,-0.41159891338975785,-0.02610066183281795,-0.021790333885888972
1039,reit,24,schur,-0.00016568267148922827,-0.00014288308617642343,0.011940358814830587,0.010506352072140684,-0.22027234798112508,-0.21588831783924925,-0.025591186191773807,-0.021488419042794884
1040,reit,16,hrp,-0.001326311422134693,-0.0012165768424777428,0.03263158845514314,0.031477825420515214,-0.6452196200285917,-0.6135289969360834,-0.0929923973008715,-0.08988960986100365
1040,reit,16,schur,-0.0011117420924924085,-0.00091432063874376,0.030855044136598928,0.02847626158502059,-0.5719764494431937,-0.509701392115787,-0.08690043186681147,-0.0804319972588617
1041,sp500,21,hrp,0.0003903898815226243,0.00029159165722656246,0.005401300872818981,0.005338568226500057,1.1473619765148557,0.8670628265906263,-0.010736863859292475,-0.011030978995186942
1041,sp500,21,schur,0.0005437540033021393,0.0005048558647460938,0.005395751675770495,0.005316236921129496,1.5997450812202052,1.5075209241429017,-0.010334729219203476,-0.010217817766462054
1042,reit,13,hrp,0.0019127440429915132,0.0018374094564519606,0.012348974991952198,0.01128599250098443,2.4588170578240516,2.5844400364148132,-0.02414574444632874,-0.020826234699865158
1042,reit,13,schur,0.0019430137091946522,0.0018822404660687822,0.012972640363521368,0.012008219160089767,2.377649078890889,2.4882658025054294,-0.02606679542765526,-0.023593810496284364
1043,sp500,17,hrp,0.00054175231046576,0.0005540749560546873,0.010319770012855093,0.010004480901236339,0.8333568774700846,0.8791727762078602,-0.023891698001581228,-0.023436726117815287
1043,sp500,17,schur,0.0005347415241944225,0.0005426154697265627,0.01066940374143562,0.010328006223993444,0.7956169564885377,0.8340190115868543,-0.024362274801309664,-0.023733420601981022
1044,sp500,25,hrp,0.0003509413496039345,0.00015453833056640627,0.009492807564638708,0.009243227703152607,0.5868676023393454,0.2654072822849631,-0.017865207632557095,-0.017152948399135042
1044,sp500,25,schur,0.000295635925021746,0.0001077034755859376,0.009204049358902967,0.009004641790094114,0.5098924000016264,0.18987314657059506,-0.017567993631079446,-0.01698296680559431
1045,reit,24,hrp,-0.0008760103500531167,-0.0008389413348905393,0.018954820468414072,0.017023386933934893,-0.7336515381999091,-0.7823226289716472,-0.038204747893131615,-0.03488176251010807
1045,reit,24,schur,-0.0009734990993415026,-0.001020246885411503,0.01959516756431877,0.017884131602196183,-0.7886546037278109,-0.9056026632086194,-0.03937337636179577,-0.036024868566017505
1046,reit,12,hrp,0.0010642530657966021,0.001195610049139995,0.008106305897097476,0.007979333982279499,2.0841174610576223,2.3786096900261358,-0.017563678221710323,-0.017510453590354965
1046,reit,12,schur,0.0011173701309458274,0.001267630042039164,0.00799701979116812,0.0079451564557082,2.2180388940584432,2.5327384282738077,-0.017221377283535216,-0.017725724755827028
1047,sp500,36,hrp,0.0009493650260936955,0.0009167726264648438,0.004903393280269358,0.004875898059437439,3.073525151539488,2.9847453931766643,-0.009025459355911829,-0.009010688589913505
1047,sp500,36,schur,0.0011426119688241665,0.0014050416152343753,0.005847600678308382,0.007086948120201705,3.101853851719393,3.1472424794616862,-0.010780437291192125,-0.013476873229980469
1048,reit,13,hrp,0.0011027298743261028,0.0012364909314068646,0.008850648797382024,0.008810867160954843,1.9778543319522792,2.2277812908494643,-0.01807586909436329,-0.0182438207603996
1048,reit,13,schur,0.0010437338315009217,0.0010281035884699059,0.009016043316146888,0.009045244671389339,1.8376975728258866,1.804333558189969,-0.018466579011552662,-0.018321713847903747
1049,sp500,31,hrp,0.0005405690298807393,0.0005776988574218749,0.00818914544161448,0.0077763344705367825,1.0478831250889953,1.1793069204125446,-0.015881007744459694,-0.015579717973981584
1049,sp500,31,schur,0.0005594983219459487,0.000593594142089844,0.007842128982219703,0.007543895676890892,1.1325700626831088,1.2490913556655059,-0.015760942378259906,-0.01545853577532087
1050,sp500,27,hrp,-0.00050501063426353,-0.0005074358022460939,0.009332018389221769,0.008955981512427375,-0.8590633828459826,-0.8994316952602812,-0.02367562312321997,-0.022837127729143418
1050,sp500,27,schur,-0.0004077986311380421,-0.0003811658227539063,0.009490067098780731,0.00906522087677718,-0.68214507974708,-0.6674762737668806,-0.023782522104561298,-0.022948628295898436
1051,sp500,35,hrp,-0.0010113536386675787,-0.001048951901855469,0.011628876599084003,0.011416479007381708,-1.380592626977636,-1.4585578624285271,-0.026468699151172715,-0.02570284680175781
1051,sp500,35,schur,-0.0007558183453035404,-0.0007299500048828125,0.011166844638656111,0.010897900644605317,-1.0744525115489576,-1.0632870928510374,-0.026308586568765478,-0.025274437970842632
1052,sp500,37,hrp,-0.0003889988814548188,-0.000258439716308594,0.01111774747464921,0.010401077393769328,-0.5554331772466633,-0.3944402252006478,-0.026938333586909672,-0.02482886016845703
1052,sp500,37,schur,-0.0003188677639568752,-0.0002167422973632811,0.011134241308858754,0.010381437662744976,-0.45462180016194187,-0.3314258984398273,-0.026922379525240576,-0.0248214322945731
1053,reit,17,hrp,0.0012188065066091865,0.0011303745991808627,0.009760152528637538,0.009470702378053164,1.982341302556746,1.8947000708462702,-0.02281129141340103,-0.02197107916501539
1053,reit,17,schur,0.0012197249562758232,0.0011751202191067267,0.009870714056020602,0.009611360140581964,1.961614256409308,1.9408756814133141,-0.02284649614279561,-0.022306002049936876
1054,sp500,24,hrp,0.0008404390864627039,0.0008336719941406249,0.004879891591123389,0.004771422054571954,2.7339863273889704,2.7736243991016174,-0.011897922936176317,-0.011536197457449776
1054,sp500,24,schur,0.0008617001199744487,0.0008483082084960937,0.005033899251030424,0.004945707967675098,2.7173895723481976,2.7228609972340827,-0.012131591974357524,-0.011777467102050783
1055,sp500,33,hrp,0.0008850555492526392,0.0008496340346679686,0.006006942464927614,0.005743612106604465,2.3389305559080755,2.3482648055877977,-0.013068042960606764,-0.012373455522809709
1055,sp500,33,schur,0.0009482397857187015,0.00092573870703125,0.006045739876430314,0.005660603872971956,2.4898259345059786,2.5961269710384163,-0.012997927821655745,-0.012073502458844866
1056,sp500,38,hrp,0.00012388870002404064,8.463859326171882e-05,0.006893369230665843,0.00683623179461816,0.28529911532073776,0.19654044141552957,-0.01829553431446607,-0.018181893144880026
1056,sp500,38,schur,0.00023465368448693486,0.00015307435546875003,0.0070833621880776335,0.006978575261079602,0.5258818709756822,0.34820575391415237,-0.018314070747221967,-0.018139104099818643
1057,sp500,27,hrp,0.0005602677125784634,0.0005184631884765624,0.00759665610108546,0.007259521501760524,1.170774889933341,1.1337314672747503,-0.017181102827093068,-0.01698075851876395
1057,sp500,27,schur,0.0005711191071088939,0.0005173935244140626,0.008052957520820145,0.007798500760984775,1.1258267208046846,1.0531982781126061,-0.018699698949102762,-0.01893998934500558
1058,reit,15,hrp,0.0013460923364219846,0.0014529369782384012,0.0070926569243362336,0.007213501797092966,3.012771322703524,3.197428951872707,-0.018267950695974984,-0.017076077350172424
1058,reit,15,schur,0.0012171932303601139,0.0013183117827135706,0.006894917486603065,0.007024875693071457,2.802403879061485,2.9790634993980794,-0.017954954440596027,-0.016706291679842476
1059,sp500,39,hrp,0.0012892545649408492,0.001218812341796875,0.008177060448813044,0.007916772764527253,2.5028898662355346,2.443930965683095,-0.01686457133040877,-0.016252803745814733
1059,sp500,39,schur,0.0005233662914464408,0.00013381504150390656,0.015116375383757291,0.021074450456743544,0.5496147124988595,0.10079731062761872,-0.030798338332147707,-0.045309883457728795
1060,reit,25,hrp,0.0005396394404452239,0.0005461175546275211,0.012006570231866166,0.011533218764200331,0.7134852315796762,0.7516849887402628,-0.032660928504448315,-0.03048131465275284
1060,reit,25,schur,0.000524695375971313,0.0005656054736200612,0.012340568520966955,0.011840377938482072,0.6749511466317057,0.7583126642496835,-0.03400772156012667,-0.03136707054354999
1061,reit,13,hrp,-0.0005280071776722881,-0.0005896201159140184,0.023547386014938443,0.023642327923011016,-0.35595688158976035,-0.3958971044956798,-0.051747929849699,-0.052195126318464284
1061,reit,13,schur,-0.00043759396447901814,-0.00047089732458099106,0.02314093022470108,0.02309178832036245,-0.3001862398768637,-0.3237195482486762,-0.05043773850761676,-0.05052628176561731
1062,reit,18,hrp,0.00041468726000575825,0.0004549469662291065,0.009363101695653265,0.009000778419191044,0.7030743000589414,0.8023816227710437,-0.019335759464673693,-0.019068277390761643
1062,reit,18,schur,0.0005090901326370403,0.0005718866266417007,0.009238587656417685,0.008886336145006963,0.8747609067315645,1.0216155010528696,-0.019386112428787884,-0.018873259435619412
1063,reit,24,hrp,0.0005429396522199135,0.0006528969364478204,0.009258549579482073,0.009082859921121166,0.9309125264327719,1.1410962674300382,-0.022787099289395672,-0.021770113479117306
1063,reit,24,schur,0.0006909283926221864,0.001058095666834471,0.009967850073675219,0.011885725968708082,1.1003524453841795,1.4131865424775654,-0.02347335200637259,-0.02700133531148166
1064,reit,19,hrp,0.0012228716108511283,0.0012422215113669485,0.009606711320204842,0.009198232015348421,2.0207211769973656,2.1438527666062015,-0.019481654634673856,-0.01901183242458284
1064,reit,19,schur,0.0012036877226576186,0.001198034163770965,0.00954396363723124,0.008814341179779632,2.00209796980595,2.1576431373693077,-0.019048120670208894,-0.017889405807789072
1065,reit,23,hrp,0.0008428718089708425,0.0008066287009980428,0.007901453861117074,0.007270211120230033,1.6933814203114648,1.7612739778101858,-0.017233315356519528,-0.01607390945774109
1065,reit,23,schur,0.0009278630769426921,0.0009240974994884656,0.00798035842091376,0.007500637860402824,1.8457027788697726,1.955779401426917,-0.017483329916286167,-0.016686815105284847
1066,reit,21,hrp,0.0016149993546011611,0.0015249591749508064,0.009088500535133135,0.009204591463423797,2.820852555349647,2.629989230360897,-0.01674942069224072,-0.017642297440383745
1066,reit,21,schur,0.0016437774037870133,0.0015587391697633017,0.009000861839150387,0.008880821235888974,2.89907319913602,2.786253270368528,-0.01656576719597205,-0.016728167562045048
1067,sp500,35,hrp,0.0008502161938848008,0.0007591965400390627,0.008235951660643975,0.008304062192042326,1.6387618837601368,1.4513223971917573,-0.01639486076270159,-0.015337279488699779
1067,sp500,35,schur,0.0006494053132386688,0.0005349233374023437,0.008083940189246009,0.007705905809852277,1.2752431997449793,1.1019658086984285,-0.016829142967633697,-0.015324273777553016
1068,sp500,20,hrp,-0.0004526383760443465,-0.00044613724072265626,0.0117716247263468,0.011511567006916905,-0.6104009963096045,-0.6152254626224896,-0.02549491664001353,-0.02475370401436942
1068,sp500,20,schur,-0.00043717411602237235,-0.0004341280781250002,0.011821822060108296,0.011495763886821046,-0.5870435122853301,-0.5994877468834972,-0.02553417358694447,-0.02469294047328404
1069,sp500,30,hrp,0.0002598057838381097,0.0001755697177734374,0.010998648537390333,0.01019074084237176,0.37498143024121317,0.27349168318612804,-0.018893534281295806,-0.018949015555245537
1069,sp500,30,schur,-9.131530645176638e-05,-0.00039425520019531214,0.01208840171545663,0.012432122255382263,-0.1199154019457069,-0.5034222756420472,-0.02301343684768347,-0.027516302830287387
1070,sp500,29,hrp,0.0003381462105709688,0.0004259090561523438,0.007335191250561807,0.0071390834026238545,0.7318015981228645,0.9470538836639931,-0.01661951626429946,-0.016149339747837613
1070,sp500,29,schur,0.0002410281943674846,0.0003009835244140624,0.007710059792000953,0.007537879394052844,0.49626125746488214,0.633860675687349,-0.01833697996683594,-0.0180204762398856
1071,reit,21,hrp,0.0014499110951668548,0.001443578042016208,0.009131975638148446,0.009076045789738805,2.5204431108683454,2.52489812354617,-0.016936281765779458,-0.017009817488871364
1071,reit,21,schur,0.001455140067558366,0.0014381714016267599,0.009240852703992579,0.009220658289976601,2.4997295367743084,2.4759905974560885,-0.01735464811364527,-0.01745502569436509
1072,sp500,36,hrp,0.0003390497689500229,0.00020693352050781244,0.006753698954970982,0.006532708795271257,0.7969333931197031,0.5028492623914879,-0.014766698459878646,-0.014487171883719308
1072,sp500,36,schur,0.0005443493217313996,0.00041583811767578136,0.006957677993934848,0.006815365799414074,1.2419772224901193,0.968579774655015,-0.014778662788776402,-0.014881756835937501
1073,sp500,22,hrp,8.51301225333743e-05,0.00020214613964843734,0.0067511437748185195,0.006524263987446344,0.20017331061193605,0.4918517230730594,-0.016982515385079566,-0.016209121503557477
1073,sp500,22,schur,8.576610846867881e-05,0.0002102306796874999,0.006882648696042813,0.0065481418187075925,0.19781552476131498,0.5096573456794653,-0.017225793265394283,-0.016439157427106586
1074,sp500,27,hrp,0.0005722876336489104,0.0007775533588867189,0.007786911828928713,0.007447473528106852,1.166673611025821,1.6573777490580672,-0.01968819784741665,-0.01817231263078962
1074,sp500,27,schur,0.0004789485771771606,0.0006420083217773439,0.0076593017283652955,0.0073581629071691156,0.9926587599802864,1.38506938252359,-0.019026236507571983,-0.017837829877580914
1075,reit,19,hrp,-0.0004221507615793634,-0.0005082605884141015,0.010438382534198376,0.010078886484761667,-0.6419994250582176,-0.8005236214489628,-0.023969199852785433,-0.02444373710678837
1075,reit,19,schur,-0.0003824250791646274,-0.00042233574122372343,0.010608960943476185,0.010318811436169015,-0.5722341669318622,-0.6497232833243528,-0.024351242300640803,-0.02395043075155754
1076,sp500,15,hrp,0.0015831601240334505,0.0015018078315429688,0.008370297792994929,0.008121564157671677,3.002508209893425,2.935451813566164,-0.018953492121909638,-0.018540259905133926
1076,sp500,15,schur,0.001767038765418352,0.0018059111621093753,0.00848738417655922,0.008281224834931619,3.305007785474979,3.461800822986479,-0.01832399448741542,-0.017933732352120535
1077,sp500,16,hrp,0.0011055864499306249,0.0009648425224609376,0.00813171448848018,0.007772764398311373,2.158295255109898,1.970521609526571,-0.01841038164738117,-0.016854972586495535
1077,sp500,16,schur,0.0009212390248496978,0.0007313270922851564,0.007779625406809936,0.007587080741713571,1.8798098085800294,1.5301613459251264,-0.01711522347920296,-0.015869195783342633
1078,sp500,23,hrp,0.0014279552469053823,0.0011450628662109377,0.01084451705792745,0.01080854140064179,2.0902808929862173,1.681754161213137,-0.024026825084890364,-0.023819127816336497
1078,sp500,23,schur,0.0014878949897035375,0.0013406000766601565,0.010676098071876144,0.01067393154248721,2.2123813924703555,1.9937701846701625,-0.023481646354808153,-0.022569118486676896
1079,sp500,23,hrp,-0.0014397615503304068,-0.001348006360351562,0.01441087874526555,0.013282104315005462,-1.5859897554096873,-1.6111104885063925,-0.034156683366985185,-0.032034404776436945
1079,sp500,23,schur,-0.0013709867451278833,-0.0014609402333984377,0.014373329265760033,0.014318991400162934,-1.5141752803291684,-1.6196467041066636,-0.0325251430719325,-0.03297391064453125
1080,sp500,27,hrp,0.000513817002486761,0.0004730441655273437,0.007181920864100517,0.007056082450128388,1.1357117687875429,1.064236901976098,-0.019749348884058365,-0.019435648132324217
1080,sp500,27,schur,0.000459151618632059,0.00042670415087890613,0.007332198052998522,0.007248557307944375,0.9940819832135355,0.9344919425998686,-0.02030075485273784,-0.020175822797502792
1081,sp500,31,hrp,0.00036127711016337215,0.0003029139423828125,0.007943346302402609,0.008038836285245215,0.722000037377135,0.5981723710458348,-0.019004238919426857,-0.019150200238909038
1081,sp500,31,schur,0.0002276933266550087,0.00015000436181640629,0.007462383615737726,0.0074772737994256225,0.48436527673089286,0.3184643876261297,-0.017908725193956837,-0.01788570874895368
1082,reit,25,hrp,0.0007051128268374176,0.0007437971793189811,0.009169137833301066,0.008136826047858469,1.2207602633770784,1.4511080984954356,-0.021712515831773905,-0.018723059934017575
1082,reit,25,schur,0.0006180273477120402,0.0005822279532427374,0.009249230234011618,0.008305140963964385,1.0607239461745124,1.1128748161994702,-0.022038690130229605,-0.019345342252445774
1083,sp500,37,hrp,0.0006004934495246239,0.0005737797709960937,0.0102146425579215,0.00948654193085935,0.9332228645436359,0.9601466535052179,-0.019018737971140936,-0.018313870474679132
1083,sp500,37,schur,0.0006387152618758544,0.0005535627880859375,0.010296172481299798,0.009497517386577697,0.9847630726316309,0.925245669613468,-0.01920685214153221,-0.01832864576067243
1084,reit,25,hrp,-0.00043438940710606173,-0.0004774480272405141,0.011648107735796743,0.010147282983929678,-0.5920032864212621,-0.7469243221287974,-0.02610478059919295,-0.022195530981616397
1084,reit,25,schur,-0.00043799121370590436,-0.0004932131430256817,0.011769752747000397,0.01032614467883544,-0.5907426533794433,-0.7582225663382731,-0.02669767810441129,-0.022921729288243608
1085,reit,20,hrp,0.0005165380753646983,0.0005792724653477369,0.005924006917291058,0.005901333727648407,1.384162418300349,1.5582350926641615,-0.01283753309390744,-0.012587709011057848
1085,reit,20,schur,0.0005307077456508405,0.0006183369694045398,0.0059840396564655885,0.005790560189770976,1.407865717264154,1.695137389682988,-0.013033940780553884,-0.012529770224747366
1086,sp500,19,hrp,0.0005849867320974567,0.0005547249423828127,0.007894767251353225,0.007523269333233124,1.1762698233848072,1.1704998281316303,-0.017200514692091513,-0.016395551339285715
1086,sp500,19,schur,0.0006357523327031111,0.0005996434414062503,0.007797071255037323,0.007457385758011878,1.294364906573046,1.2764586460348237,-0.016623140149708806,-0.015907931492396766
1087,sp500,23,hrp,-0.00015232175267191532,-0.00011080501123046885,0.012122032102557485,0.011240083289283515,-0.19947421690972963,-0.15649128010379373,-0.021900744192552484,-0.020340211539132253
1087,sp500,23,schur,-0.00018164826160831443,-0.000162556513671875,0.011775013027709114,0.010946442382764635,-0.24488947494420088,-0.23573911639819747,-0.021508648262169992,-0.02015837994384766
1088,reit,18,hrp,0.0005896748601793407,0.0006895195291986658,0.009725709661264252,0.009673761396437913,0.9624797091990409,1.1314919545485718,-0.022182441184112223,-0.019253697129552605
1088,reit,18,schur,0.0005315975194014876,0.0005903312733902449,0.009788519730445826,0.009640084873615895,0.8621169733400197,0.9721095370079427,-0.02276781233504029,-0.02009934605681592
1089,sp500,25,hrp,0.0016563326874370842,0.0014636691850585936,0.009153430638031623,0.008552178383570329,2.872525866621854,2.716854928638851,-0.017709647219227954,-0.016022441510881696
1089,sp500,25,schur,0.0017286616200226886,0.0015429966918945313,0.009433970022648334,0.008689996554709705,2.908812771239748,2.8186792674865386,-0.0184534038882967,-0.01616897509765625
1090,sp500,37,hrp,0.0003053387254891672,0.00025451427978515626,0.007552315421197617,0.007404166651782565,0.6418034376697017,0.5456777415436371,-0.014555057122206052,-0.014492045706612723
1090,sp500,37,schur,0.00031395226702959504,0.0002703333046875002,0.007445642835074833,0.00723108425937161,0.6693629875923828,0.593466763472784,-0.014494811128732564,-0.014289994044712612
1091,reit,25,hrp,0.0006491739730529135,0.00020945266695823747,0.01148973944886736,0.012140715657864225,0.8969147984376975,0.2738683701162731,-0.024344130336903302,-0.025572435487920844
1091,reit,25,schur,0.0008221715612241676,0.0005907175488647636,0.011183114046322077,0.011207954460287056,1.167078227237216,0.8366692075251961,-0.023620303484648213,-0.024372720543382576
1092,sp500,30,hrp,-0.0008743600476104627,-0.000740239173828125,0.012220564527619427,0.012044822094394066,-1.1357933115509777,-0.9756003447665648,-0.02831410226633711,-0.028088033159528458
1092,sp500,30,schur,-0.000828367800059162,-0.0006756617124023439,0.011973525404003385,0.011672925961629981,-1.098250574881195,-0.918861063952997,-0.027881763012452265,-0.027248036333356585
1093,reit,23,hrp,0.00023722431577096842,5.277982912655649e-05,0.009564015721079996,0.009250961340136999,0.3937487533091794,0.09056937780303204,-0.018817998205635865,-0.018652644790807277
1093,reit,23,schur,0.00036283182413442984,0.0002515348058139719,0.009478852999055447,0.009016066110305249,0.6076448961674689,0.44287510813615505,-0.018256654156964824,-0.01715804231482681
1094,sp500,38,hrp,-0.00016910832659768838,-0.00017784965332031261,0.009085434495211046,0.008926623899916096,-0.2954741968875182,-0.3162758678221155,-0.019108464046035886,-0.01850041433279855
1094,sp500,38,schur,-0.00010323565588420041,-0.00013153209570312515,0.008803729263640425,0.008620116243343986,-0.18615011688214403,-0.24222495717896522,-0.019177583841430423,-0.01868334281703404
1095,sp500,38,hrp,-0.00014824035699977762,-4.6579879882812385e-05,0.008844044139723927,0.008047742469911466,-0.2660821990631229,-0.09188075691781258,-0.019514542412473596,-0.01697900115966797
1095,sp500,38,schur,-0.00014686981364386893,1.6722813964843915e-05,0.009592805513175496,0.008759876410917675,-0.24304527062726625,0.030304815887835138,-0.021870763956438603,-0.019326821358816963
1096,reit,20,hrp,0.000763365068811335,0.00040962048674360134,0.008218264914739239,0.008800532238396663,1.474525938928741,0.7388784522229607,-0.017958681758362762,-0.018878101322016998
1096,reit,20,schur,0.0008280048503454093,0.0006142477333362757,0.008164729824489092,0.007959551976682947,1.609871948339422,1.2250539356137222,-0.01715004279294475,-0.017205337184473413
1097,sp500,15,hrp,-0.0002761064349191017,-0.0003435753315429686,0.008948174121184666,0.008566576060227562,-0.48982660749824786,-0.6366708548351675,-0.017622274410696866,-0.017387636431012838
1097,sp500,15,schur,-0.00031886372006359427,-0.0003668512290039065,0.009052900440366326,0.008688073286534937,-0.559136231067432,-0.6702962243242161,-0.01780552631329884,-0.017089131522042413
1098,reit,17,hrp,-0.0002765960075619028,-0.0002061333948090822,0.01121190041462925,0.01089760837520502,-0.39162187813617044,-0.3002737926302461,-0.02442700309207515,-0.024352673133905624
1098,reit,17,schur,-0.0004251437516035266,-0.0004383315322739849,0.02328265037300555,0.02789280137336068,-0.2898702562230881,-0.2494657049332691,-0.047525549342606443,-0.05570946898740024
1099,sp500,16,hrp,0.0005901166163978758,0.0004073193173828121,0.012249609574803023,0.011179728977023974,0.7647436281041404,0.5783676617933804,-0.024092092157237455,-0.02263763664899554
1099,sp500,16,schur,0.000626845284516762,0.00045063621093749986,0.012341975971721146,0.01123561793153482,0.8062615275600462,0.6366920020774693,-0.024380553566023526,-0.022959256461007254
1100,sp500,23,hrp,0.0009684709051956432,0.0008884540483398437,0.004527618109046413,0.00436936496049141,3.39560418582514,3.2278765694382505,-0.010322361880440622,-0.009721516941615512
1100,sp500,23,schur,0.0009685255542521465,0.0008911439243164062,0.004484582790947624,0.004325282803761193,3.428382805376693,3.2706465400002807,-0.010129038454412697,-0.009510114597865512
1101,sp500,20,hrp,-0.000393690637792672,-0.000477590541015625,0.013475186154985762,0.013348263690491016,-0.4637891495287847,-0.5679776018858327,-0.031679893707991715,-0.03231438939557756
1101,sp500,20,schur,-0.00036225436127005674,-0.00043835180078125003,0.013200110993099437,0.013076755807952454,-0.4356485873960402,-0.532136503269053,-0.030947983226175813,-0.03148306432233537
1102,reit,20,hrp,0.0010935454288529488,0.0011231590143739197,0.007963637532901427,0.007671925231525234,2.1798450068650492,2.3240055228403493,-0.016173272335704942,-0.015838462963905293
1102,reit,20,schur,0.0010733715076147324,0.0010839612371492458,0.008303258331155606,0.007838584041228133,2.0521154180222756,2.195211672858312,-0.017206513790176993,-0.015524367201066402
1103,reit,23,hrp,-0.0005733827964352885,-0.0005339619938133634,0.014436175054340769,0.013235084736439971,-0.6305111761391652,-0.6404480243185983,-0.02748221898992819,-0.02560596831893417
1103,reit,23,schur,-0.000859656803761327,-0.001157739114824166,0.014748573184763303,0.018691138309260242,-0.9252846714556118,-0.9832755170612273,-0.029293556104490765,-0.033962029652687124
1104,sp500,30,hrp,0.0007898417200403547,0.0006854964663085937,0.0120381200887516,0.01130005076631891,1.0415537065207958,0.9629973592004946,-0.02195339442857749,-0.021146898725237166
1104,sp500,30,schur,0.0007349758630563183,0.0006351880815429687,0.012019202531208093,0.01126166510378904,0.9707283065908839,0.8953647710316742,-0.021755170574467613,-0.020785165614536832
1105,sp500,23,hrp,-0.0008610414038716914,-0.0008677290307617185,0.011826363511299863,0.011583977308056865,-1.1557744293912873,-1.1891227821327945,-0.027662717922779724,-0.027444255650111604
1105,sp500,23,schur,-0.0008728001133083681,-0.000889262281738281,0.01184352964354739,0.011617890628350246,-1.1698600570520192,-1.2150743657620964,-0.027943619069578565,-0.027554239754813057
1106,sp500,25,hrp,0.00015257655281124646,6.273888476562525e-05,0.013881644198316277,0.01309344584702468,0.17448060569959023,0.0760646915545625,-0.030901343407806408,-0.028496694989885604
1106,sp500,25,schur,9.211611795793689e-07,-0.0001724930585937497,0.014308977658476824,0.013463854248226112,0.0010219444561632032,-0.20337730675482435,-0.03164900328501384,-0.029149486694335935
1107,reit,19,hrp,-0.00043449032393132956,-0.00015226105781918843,0.020317254561049963,0.018649629304881194,-0.33948090990305146,-0.1296041503335711,-0.04572197175853616,-0.04133361367154509
1107,reit,19,schur,-0.00038142707854906227,-9.021107440612561e-05,0.020205886503196102,0.018750402887627568,-0.2996635241874962,-0.07637470079324289,-0.045029456179702144,-0.04075544013355474
1108,reit,25,hrp,0.0011328672514410456,0.0010205100012605785,0.008539582163281479,0.008132280961979505,2.105923890737901,1.9920725954351308,-0.015929122353198082,-0.017042903799143937
1108,reit,25,schur,0.0011632975871310291,0.0010539577694901301,0.00863129252675123,0.008031669627951668,2.139514637075099,2.0831360946899773,-0.015776954994512583,-0.01573615086032879
1109,sp500,32,hrp,1.989856598293447e-05,-3.7840181640625166e-05,0.00948887082744727,0.009376682445135625,0.033289518633999995,-0.0640625578006283,-0.025424169993552768,-0.02516238786969866
1109,sp500,32,schur,6.696219878412069e-05,-2.9144785156250132e-06,0.009719513940702276,0.009560366569297672,0.10936678087343993,-0.004839344996591022,-0.02578152216209905,-0.02542211255754743
1110,reit,22,hrp,0.00043033688816094043,0.00044504053013154544,0.008498202503915215,0.007543944924473768,0.8038625007065071,0.9364860781943355,-0.016059537536219883,-0.014485658210070538
1110,reit,22,schur,0.0005117358527850255,0.0005428867628005779,0.008568184547836527,0.007457527233438442,0.9481068918618972,1.1556190030380773,-0.016051550263308123,-0.014194050786752625
1111,reit,22,hrp,0.001471387626502314,0.001367682654157366,0.009278130234304238,0.009193797939612556,2.517485081752342,2.361514707496155,-0.0217684488755692,-0.020883131843839386
1111,reit,22,schur,0.0015584196765251795,0.0015131278021205028,0.009360345292487868,0.009289080330645743,2.6429735913680945,2.58584901223928,-0.021677800596720368,-0.02081599053284927
1112,sp500,34,hrp,5.6761848424532636e-05,7.909504882812393e-06,0.009290264882642106,0.008580507532287502,0.09699038947850558,0.014633108473941609,-0.018879233251526212,-0.0177582409929548
1112,sp500,34,schur,2.8917453328323872e-05,-5.399604345703134e-05,0.009192447204810076,0.008587502556947678,0.049937772837701754,-0.09981488924494887,-0.018784730291062764,-0.01798395113699777
1113,sp500,25,hrp,0.0004683497820277496,0.0005937138232421871,0.012028410476854566,0.011258951320942916,0.6181051364456438,0.837104139522277,-0.02194336100280947,-0.020138838614327564
1113,sp500,25,schur,0.0005014706952143294,0.0006014355029296871,0.012163339193699883,0.011664530008686553,0.6544749241282338,0.8185064134836182,-0.02116292532669487,-0.020534167576381136
1114,sp500,21,hrp,-3.067940615109638e-05,-5.598481249999992e-05,0.01250328625010876,0.012616221158694423,-0.03895139761976109,-0.07044354527797846,-0.027075186738785968,-0.02710412354387556
1114,sp500,21,schur,-4.7422254275175406e-05,-6.949230468749998e-05,0.01250841802026501,0.012541424199432317,-0.060183865562653545,-0.08796099389294658,-0.02712459235238942,-0.027183923871721544
1115,sp500,14,hrp,0.00023528141424487365,0.00043171756982421876,0.0073339284236671335,0.007170445106328947,0.5092736723734561,0.9557710653392005,-0.0174101819846184,-0.01640637458147321
1115,sp500,14,schur,0.00015360393552667605,0.00032198565722656235,0.007550391901014673,0.007359735193825412,0.3229483866259468,0.6945037713850495,-0.01887832437783447,-0.01806175763811384
1116,sp500,38,hrp,0.001104367841360637,0.0010800250195312497,0.007143896331168739,0.006973271172922157,2.454024410821307,2.458654660529946,-0.014469086912890148,-0.013842677673339842
1116,sp500,38,schur,0.0012156981061147993,0.0011841280849609374,0.007108885056911593,0.007018016391078594,2.7147167233923417,2.678456354621573,-0.013985124436480046,-0.013496539297921314
1117,sp500,27,hrp,0.0007672436021307203,0.0007657739443359374,0.00651822184778475,0.006331608542081146,1.868548644382047,1.9199362093285364,-0.013696333269739989,-0.01297549026925223
1117,sp500,27,schur,0.000753254245930194,0.0007497815444335936,0.006448608815900733,0.006309460908874949,1.8542821860932606,1.8864389837872257,-0.013485012836206303,-0.012842447021484377
1118,sp500,36,hrp,0.0004572692358513527,0.0003814400512695314,0.006233529849550245,0.0063431388640899445,1.164496562425711,0.9546020076453403,-0.013353785197691991,-0.013528025756835937
1118,sp500,36,schur,0.0004903814435476512,0.00041991031396484377,0.006147224687029327,0.006111469104749177,1.2663542459336383,1.0907147639889367,-0.01316869397872258,-0.013322398437500002
1119,reit,18,hrp,0.001748762580404521,0.0017819470003376631,0.00833924902045934,0.008288903762905702,3.3289262943183626,3.4126987697622435,-0.016003736137795502,-0.015462058693548176
1119,reit,18,schur,0.002245197636117897,0.002645309472648052,0.008628043455803274,0.009486356300443591,4.130879465167234,4.426671811875478,-0.015709201175990693,-0.01670968064849293
1120,sp500,21,hrp,0.00017248128877849937,9.572978515624982e-05,0.008852301582988435,0.008486705907314006,0.3093043712813288,0.1790639671160046,-0.022639005811886343,-0.021146268301827566
1120,sp500,21,schur,0.00011001370395823877,3.984182812500001e-05,0.008532933246888676,0.008242092188313961,0.204667417213451,0.07673651295460139,-0.021372038405542314,-0.020104081996372765
1121,reit,17,hrp,0.0011287658008806284,0.0011625831641178638,0.008251186903056746,0.008142697773197377,2.1716392800108095,2.266501360871692,-0.01713691316288921,-0.016969600979017774
1121,reit,17,schur,0.0009340775124452911,0.0008728277886252789,0.008407322554690616,0.00839011939778773,1.763703096041632,1.6514319927541257,-0.017454460795965097,-0.017471850304803152
1122,sp500,22,hrp,-0.0012727142442736912,-0.0014486811831054688,0.028361262814267468,0.028465594463343596,-0.7123699820666122,-0.8078911145421452,-0.08089398075227017,-0.08189363273402624
1122,sp500,22,schur,-0.0012501633233293142,-0.0014275482246093754,0.028695871538657703,0.02896428712990907,-0.6915882475890366,-0.7823988700142487,-0.08198352772230132,-0.08336448935372488
1123,reit,24,hrp,0.0006873094651036206,0.0004290035327757522,0.008020402781577328,0.0075888631643468785,1.3603680273379355,0.8973965939657094,-0.018295842902900674,-0.017552278197404576
1123,reit,24,schur,0.0004832962091025853,9.588974355645586e-05,0.007853762663961133,0.007622845661858546,0.9768680060067879,0.1996895327435648,-0.01790159630890883,-0.01749849920654292
1124,sp500,12,hrp,-0.0009915655967551273,-0.0008518969272460937,0.013558504585174103,0.013170349392700797,-1.1609404095301565,-1.0268098491308353,-0.031282994741391415,-0.03071579078020368
1124,sp500,12,schur,-0.0009898083960716494,-0.0008436642050781249,0.013715666139957223,0.013311161242055026,-1.1456039399997267,-1.0061296543978056,-0.03146451667485833,-0.0308650583757673
1125,reit,17,hrp,-0.0005588578342204716,-0.00047989395570530754,0.009577611202521952,0.009283148913089073,-0.9262845294021893,-0.8206353734274783,-0.023353683683019304,-0.022764780962943976
1125,reit,17,schur,-0.0006667625972464084,-0.0006495919652130678,0.009988939397785382,0.009911875860374687,-1.0596248183613732,-1.0403633890272692,-0.02417490997443334,-0.02425839044018391
1126,sp500,15,hrp,0.0015313049275084104,0.0014421626191406251,0.009992399532918797,0.009770438256557034,2.4327201927312903,2.3431519898090336,-0.019469522480482223,-0.018177350838797433
1126,sp500,15,schur,0.0015464459905505734,0.0015533233012695316,0.010312161475688607,0.010459911603700953,2.3805939326894863,2.3574045268529424,-0.020054614522915144,-0.019019554268973216
1127,sp500,17,hrp,0.0005941075591654518,0.00044549242431640614,0.005434477101953712,0.0052642855906443655,1.7354319366000703,1.343387031812082,-0.01196577220494406,-0.011693494681222097
1127,sp500,17,schur,0.0006791808946278535,0.0005648924125976563,0.005628430836315314,0.005499025159643932,1.9155716340876758,1.6307234077148287,-0.012197757097499541,-0.011991434247698102
1128,sp500,27,hrp,-0.00098383593416426,-0.0009919545893554687,0.013343948399949221,0.01314884310108816,-1.1704115459697608,-1.1975799551916058,-0.032445177043790505,-0.03203649199567522
1128,sp500,27,schur,-0.0008990379005921305,-0.0009200908266601566,0.013047659636228878,0.012879729503891867,-1.0938194759083435,-1.1340291782676168,-0.03158240858411905,-0.031294161193847654
1129,reit,18,hrp,0.0007732497826981701,0.0007057990145211798,0.011847977220494693,0.011458860275365745,1.0360384333699824,0.9777771731968717,-0.0320351326739877,-0.031161292379534352
1129,reit,18,schur,0.0005240636298029323,0.0003658565609927187,0.012507924410576916,0.013619441447934985,0.665118523322651,0.42643399713936136,-0.02875677559036548,-0.029287625085932793
1130,sp500,22,hrp,-9.925745430387444e-05,-0.00014977873291015627,0.014684430591031724,0.013737959710291207,-0.10730162326530847,-0.17307254672021707,-0.028075966473389478,-0.0271334240461077
1130,sp500,22,schur,-0.00012079400080648455,-0.00018473534521484342,0.014516940037861767,0.013557431520344566,-0.13209018643142387,-0.2163081322898187,-0.027713876120753034,-0.02662695167759486
1131,sp500,12,hrp,0.000571613139465028,0.0005661565302734375,0.007733634165812723,0.0077223457864757815,1.173326418655915,1.163824638514916,-0.020016041029969716,-0.01995662238420759
1131,sp500,12,schur,0.0005329635061619464,0.0005215086450195312,0.007671709000062488,0.007649800510990004,1.1028225094299577,1.0822103237670269,-0.020205138209861008,-0.020214012555803573
1132,reit,17,hrp,0.00027807277922061113,0.0003099503560631871,0.011442290554464012,0.00991289440644364,0.38578538974818183,0.4963544615502365,-0.019951949982953847,-0.017320509532986056
1132,reit,17,schur,0.00010519057111201457,0.00013949623547802615,0.011003439717846834,0.009289244002537696,0.15175695886069993,0.2383869006802299,-0.019367505947071633,-0.016314755404880716
1133,sp500,17,hrp,0.0015906172677773473,0.0013068287250976567,0.00927430985295061,0.008665391673172169,2.722603269688043,2.3940363758525494,-0.01854197893161349,-0.01690970057896205
1133,sp500,17,schur,0.001698896248405571,0.0013988233134765626,0.009699554674693174,0.008858699624357981,2.7804515530857232,2.5066468708808145,-0.01912879811468061,-0.01752636106654576
1134,sp500,25,hrp,0.00037093637890008935,0.0003709993369140625,0.0059581619897228835,0.005849364950463417,0.9882968061183333,1.0068497934635205,-0.016233887551026633,-0.015474834019252232
1134,sp500,25,schur,0.0004178921061069384,0.00040780881201171894,0.006326198299558269,0.006216436265655613,1.0486284513337283,1.0413947666492227,-0.017637746530739223,-0.017039293936593192
1135,sp500,40,hrp,0.0002301432220765783,0.00012856401806640627,0.0073347971226158815,0.006981285834414074,0.4980929026633344,0.2923373379254919,-0.01432875727969311,-0.013875047345842634
1135,sp500,40,schur,0.00019917850345836457,8.011622802734386e-05,0.007368841449980239,0.00696397962235739,0.42908518814359703,0.18262627994520855,-0.015053479477179861,-0.014523922581263952
1136,reit,17,hrp,0.0005189710514822496,0.0005873193668277391,0.00571830604507864,0.005726554946681907,1.4407081352829358,1.628100314341851,-0.011292395283285395,-0.010954167104061746
1136,reit,17,schur,0.0005323526762652449,0.0005934484281871936,0.005941040222973751,0.00587134403619235,1.4224506870675717,1.6045221815450603,-0.011739971735441496,-0.011514774093631
1137,sp500,30,hrp,-0.0009627885348710358,-0.0009261619980468743,0.035832455924055095,0.035443207352934,-0.4265349325447062,-0.414814770490212,-0.09617126176855569,-0.09646959935651507
1137,sp500,30,schur,-0.0005930435502818885,-0.0005636078173828132,0.033666944177558875,0.033145165984298036,-0.27962961100388317,-0.2699336830848719,-0.08828679180918085,-0.08814769079589845
1138,reit,21,hrp,0.0009182360330917833,0.0011782043386248929,0.017943409775348945,0.01674911557696169,0.8123620489647173,1.116680696110261,-0.03908704360397878,-0.03628022851955224
1138,reit,21,schur,0.0008496471000489385,0.0011539811372353762,0.017039311206833167,0.01575116132614686,0.791565422431591,1.1630179046097735,-0.037053679955482255,-0.03309571740594069
1139,reit,15,hrp,0.0005851780646906222,0.0006077358523252037,0.00986824821746726,0.00979714303296638,0.9413437508316851,0.984726622440778,-0.020779990858224694,-0.021023543096125568
1139,reit,15,schur,0.0005781376066966941,0.0006017580132599044,0.009836776228927707,0.009743337013402659,0.9329936731072291,0.980425115339415,-0.020030873008633425,-0.020222222680394607
1140,reit,20,hrp,0.0006722949267912993,0.0007483961996085218,0.006207333260442815,0.0059528253834260835,1.7193133759858066,1.9957617757338577,-0.011358581431322026,-0.009902930250526912
1140,reit,20,schur,0.0006320741003390893,0.0007016038098291145,0.006440150797800879,0.006147508836784138,1.5580171323626415,1.8117282128293803,-0.012150009241669082,-0.011108461780135134
1141,sp500,38,hrp,0.0004935298760941072,0.00023775332470703136,0.006756106614797422,0.006741125258290876,1.1596240774522013,0.5598793789923531,-0.014812107146528693,-0.015583209559849332
1141,sp500,38,schur,0.0006834022121048579,0.0004795986948242185,0.0068830553055343165,0.006683537173145157,1.576142179657099,1.13912634230379,-0.014690426926231206,-0.014949390014648439
1142,reit,13,hrp,0.0003262957159877917,0.0002716446769658789,0.022009921876774693,0.021821633898249464,0.23533858680718747,0.19761240526095875,-0.0380945862387605,-0.03747724733427902
1142,reit,13,schur,0.00034638277783501743,0.0003170708988958995,0.02224363212114399,0.02221503609185723,0.24720136089179115,0.22657377003184184,-0.038399833041925666,-0.0381538107868733
1143,reit,23,hrp,0.0003020782417437932,0.0002627928160823988,0.006392446970743773,0.0061185043533418144,0.7501577168763618,0.6818180367644366,-0.013682726019152857,-0.013067449255689614
1143,reit,23,schur,0.00023622827322711322,0.00014215804325378394,0.0065170749344707,0.006135181203301078,0.5754126842660773,0.36782759972732776,-0.01393178031235113,-0.012797287179070341
1144,sp500,26,hrp,0.0005169872755385629,0.0006153275039062499,0.006248597905335298,0.006133553734137844,1.3134016137207025,1.5925549403436354,-0.014812680007946126,-0.014352553588867186
1144,sp500,26,schur,0.0004088660908940744,0.0004749672548828126,0.006319258004153349,0.0062274697672919065,1.0271060260447,1.2107439627430765,-0.01504636359154247,-0.014717115339006699
1145,reit,21,hrp,0.00011461808435904864,0.00017121735194186498,0.010602153957288727,0.010558394908298706,0.17161660631584416,0.25742465818614996,-0.026027848199048582,-0.024815765180219437
1145,reit,21,schur,0.0001836835790943719,0.0003127729459778925,0.010538934438071705,0.01047041109323373,0.27667753684150836,0.4742045510063933,-0.025765237173522002,-0.02455554361446494
1146,sp500,16,hrp,-0.0008303365281517816,-0.0008660441025390629,0.03225975021873398,0.031974131063024276,-0.40859534430740146,-0.429973339738182,-0.0830467955564954,-0.08163336716134206
1146,sp500,16,schur,-0.0009524359343273967,-0.0009938892431640629,0.03246092239079864,0.03208258174249218,-0.46577394042247494,-0.49177783557328764,-0.08292649893971467,-0.08106971463448662
1147,reit,22,hrp,0.0010168705918440892,0.0011125171357661487,0.016195911145595883,0.015162995037098087,0.9966910823486888,1.1647212163561182,-0.03478939997194725,-0.03206601058765501
1147,reit,22,schur,0.0009351405342039716,0.0009318009926598825,0.015697666112367583,0.014653081165746571,0.9456753418078551,1.0094724802633948,-0.033614972795333896,-0.030728085826079037
1148,reit,24,hrp,0.0009400121538486397,0.0008200036080435405,0.008569089672559703,0.008161501778967824,1.741402050973363,1.5949458909509198,-0.02052445802820015,-0.018408828610807015
1148,reit,24,schur,0.0009850588704276315,0.000880175893434518,0.008799826160066335,0.008376655858102515,1.7770038297370623,1.66801160043072,-0.0211774233535642,-0.019716933024619857
1149,sp500,31,hrp,0.0003509053305516671,0.00020054745605468732,0.010152178802324618,0.009282037148656252,0.548694968702113,0.34298420893359904,-0.01821667328119302,-0.017808458827427456
1149,sp500,31,schur,0.000522160254482606,0.00043960375732421863,0.009553856439318633,0.008748938042848903,0.8676116414295014,0.7976388985221838,-0.017201151250457687,-0.016278475786481585
1150,sp500,25,hrp,0.001584803938687587,0.0014783780815429686,0.007843343488751058,0.007468698962471109,3.2075584382425304,3.142250692238898,-0.016260867226478536,-0.015192525887625558
1150,sp500,25,schur,0.0016772964971984148,0.0015989371538085938,0.007873855519477209,0.007507829860648407,3.381603380094582,3.3807825825986035,-0.016065368266783304,-0.014900334960937501
1151,sp500,34,hrp,0.0001412988525108775,7.050259765624844e-06,0.008337170539488332,0.008077611359789445,0.26904208509007166,0.013855507417282396,-0.016259499605219753,-0.01614809878104074
1151,sp500,34,schur,0.0001823532635905867,4.6922425292968766e-05,0.008389997072418777,0.00805088215344956,0.3450261415282793,0.0925203468670896,-0.01637521968803812,-0.016162080679757256
1152,sp500,20,hrp,-0.0018038188394716218,-0.0016512372617187494,0.037628997507966784,0.03709544815559333,-0.7609752651706383,-0.7066252115483372,-0.09680796436335984,-0.09571479726736885
1152,sp500,20,schur,-0.0011039402111279577,-0.0008927414443359372,0.03464976433908754,0.03412863153338158,-0.5057612338737706,-0.4152475632343885,-0.09037981394944258,-0.08870284736851285
1153,reit,17,hrp,0.00045785238563918944,0.00021711335860848978,0.008806423927022976,0.008353411412884582,0.8253272108750997,0.41259403479304146,-0.02025680726296315,-0.01977501665193539
1153,reit,17,schur,0.0005084685544546949,0.0004240062287666362,0.008749408489887749,0.008244855713127582,0.9225410011237588,0.8163745307557366,-0.01984072783829427,-0.01895003978272327
1154,sp500,26,hrp,0.00034708345593223753,0.00030578200292968747,0.008488198679023428,0.008423041401704776,0.6491105191853476,0.5762928827495271,-0.022193963422329616,-0.021630413835797994
1154,sp500,26,schur,0.0004411787895672921,0.00037591317041015606,0.00861748119881379,0.0088228549855255,0.8127080296309038,0.6763611768010122,-0.02233129395210721,-0.022611654445103237
1155,reit,25,hrp,-0.0006101848572252362,-0.00047390539556210276,0.013040241500903034,0.012438839552538779,-0.7428071263328822,-0.6048003833475485,-0.0299928563544585,-0.028783962743616415
1155,reit,25,schur,-0.0006273918225109528,-0.00046559270379815487,0.013506960222284273,0.013631845546509834,-0.7373632747748627,-0.5421903449360009,-0.03218067115282581,-0.032581370031642846
1156,reit,15,hrp,0.0011766010542791409,0.001236713568824373,0.008211930879161958,0.008267000941538283,2.2744909774082536,2.374769207794194,-0.016925691548565762,-0.01675453769927059
1156,reit,15,schur,0.001312639552557183,0.0015995070605659353,0.008840837759524224,0.010484553532390065,2.356960671555386,2.4217900492237865,-0.016453431294405095,-0.020102839220809486
1157,sp500,35,hrp,0.0018096852749310206,0.0015266587402343748,0.01459781100845132,0.013258135488288603,1.9679569160024306,1.8279309487029687,-0.03320991662956389,-0.031469154793875555
1157,sp500,35,schur,0.00159958340236044,0.0012512909257812504,0.016095701493391658,0.0161223218805075,1.577601281568193,1.2320575033593453,-0.03597807285808363,-0.03724311704799107
1158,reit,23,hrp,-0.0001795996101095856,-3.581767281298427e-05,0.010674436694128243,0.010650470988036535,-0.2670918855187039,-0.053386176955375744,-0.026001712009792458,-0.02585497711112678
1158,reit,23,schur,-0.00015621639297658818,-1.3769768612509413e-05,0.010711434293051018,0.01070382722401873,-0.2315150605717043,-0.02042150864198539,-0.026029664943656355,-0.02609585631043976
1159,sp500,24,hrp,0.00021514756523072096,8.072176416015628e-05,0.014446541492239883,0.013377868386143231,0.23641379623793043,0.09578643197569289,-0.030218950578275866,-0.027702524353027343
1159,sp500,24,schur,0.0004282016993595856,0.0002984823603515624,0.014705652205434641,0.013778503345296197,0.46223663866959713,0.34388789976934475,-0.030302937353918768,-0.02850157393101283
1160,sp500,22,hrp,0.0006028627326154814,0.0006007064057617188,0.006616354249232999,0.006355325422690538,1.4464384509589656,1.5004610982794877,-0.013764114574372658,-0.0133591476789202
1160,sp500,22,schur,0.000646466786704609,0.0006624201948242185,0.006121584687100416,0.006038621088813988,1.6764191978795466,1.7413900357269039,-0.013299154025198238,-0.013092743669782364
1161,sp500,40,hrp,0.00012081950528315818,-6.621382519531242e-05,0.010756841010672136,0.010079846058430458,0.17830050524384425,-0.10427856564808156,-0.023947966438189344,-0.022364021780831474
1161,sp500,40,schur,0.0002558562220375806,0.00020190568701171905,0.01127720453128226,0.010642589407158147,0.3601594347369661,0.30116293076007866,-0.025794167176031495,-0.024526759155273435
1162,reit,19,hrp,-0.000395755386150029,-0.0002987916078888691,0.00975091254740741,0.009274454042870714,-0.6442906712638149,-0.5114230668368578,-0.023020010030602528,-0.021999633601281186
1162,reit,19,schur,-0.00041559954660363177,-0.00032674922619166857,0.009769359430743958,0.009290175180780576,-0.6753194330289924,-0.5583299626304643,-0.022821498509899642,-0.021749416005798744
1163,reit,13,hrp,0.0006384485627227063,0.0009359314044507916,0.010592251099074499,0.010536649427967266,0.9568369024135933,1.410073528964277,-0.022893167837988646,-0.021307524083756888
1163,reit,13,schur,0.0004690341170779653,0.0006344048528724123,0.010798231073056108,0.010582795063780114,0.689528287622671,0.9516261787838388,-0.023862929369785457,-0.022840271912882407
1164,reit,22,hrp,-0.0002595466943086635,0.00017014821660185796,0.014213596213181825,0.012762965116809463,-0.28987569216836706,0.21162944332901362,-0.0314163599604609,-0.02787678854024856
1164,reit,22,schur,1.9372144983789558e-05,0.0003608590003784245,0.013615120547183307,0.012630988706271587,0.022586892776178,0.45352419936213934,-0.030034773673220168,-0.0273360976264572
1165,reit,22,hrp,0.0017500173096574418,0.0020804632988180934,0.019013323893203114,0.018327475479717106,1.4611155684568369,1.8020120141133689,-0.0383051272285669,-0.03611451374454937
1165,reit,22,schur,0.0015967281522826198,0.0017105204518015585,0.018746571309116482,0.018129318938827108,1.352101842834934,1.4977766379070248,-0.03807891850313156,-0.03575955089427945
1166,sp500,18,hrp,0.00025482503052473376,3.266378222656223e-05,0.00911753951867455,0.008762803337156394,0.4436747373929015,0.059173012100234644,-0.02272772137443929,-0.022055446681431362
1166,sp500,18,schur,0.00037464915415743016,0.00020267297900390633,0.009092643218822818,0.008567202324899255,0.6540860343553151,0.3755407748631106,-0.022401546657127413,-0.02097547230747768
1167,sp500,14,hrp,0.0006257602213690658,0.0005943576967773437,0.007691779713957574,0.007575237817117735,1.29146126462384,1.2455233961921812,-0.015936400820218462,-0.01609293607003348
1167,sp500,14,schur,0.0006007257907727989,0.0005722943051757811,0.007755519494948182,0.0076552230190497445,1.2296050957484428,1.1867571234429501,-0.015819340538053027,-0.016267133632114954
1168,sp500,15,hrp,0.002517480325978698,0.0024684280107421866,0.011560467037517862,0.011994687987143263,3.456933107332773,3.266869460559498,-0.021504142520995046,-0.022478015598842074
1168,sp500,15,schur,0.0021702314090273544,0.002059031420410157,0.010409064464479003,0.010834943764472697,3.3097456252722353,3.016730976271097,-0.022623959574241154,-0.024316442993164062
1169,sp500,32,hrp,0.0009477151787211317,0.0009747069111328125,0.004861536509283283,0.004735888999746087,3.0946002423257406,3.267178037540516,-0.011454226167189028,-0.010657385498046875
1169,sp500,32,schur,0.0010318356531301546,0.0010704761254882813,0.0049907856405111434,0.004800589979724969,3.2820249901088085,3.5398319262036506,-0.01136570665967347,-0.010437185302734376
1170,sp500,32,hrp,0.0008946693676791282,0.0008197078579101564,0.006036407124344526,0.00595245068227539,2.3527962283658073,2.186067475919062,-0.012444622014328225,-0.012134754281180245
1170,sp500,32,schur,0.0010207168464625863,0.0009157158647460937,0.006310558872825599,0.006400650045606717,2.567661269796447,2.2711034964746024,-0.012501088017126214,-0.012963348022460935
1171,sp500,12,hrp,-0.0004961123953799258,-0.00043613417871093794,0.03257978821922059,0.03193181514848983,-0.241730856876006,-0.21681872510384642,-0.08831267466497376,-0.08646149570138115
1171,sp500,12,schur,-0.0005865526931482195,-0.0005323188530273437,0.03264641427595965,0.03198906842798763,-0.2852146414220097,-0.26416211021686686,-0.08925425383163102,-0.08754863658796039
1172,reit,13,hrp,0.0010079659593858386,0.0010198879590297694,0.0067203856079832616,0.00638842737056304,2.3809591420339844,2.5343043740395683,-0.01149957009267132,-0.010507759888920346
1172,reit,13,schur,0.0034316749739583003,0.0045673836702438495,0.017771845823403045,0.024483820484499673,3.065306322725848,2.9613420849902807,-0.026764138632489238,-0.03532435386639165
1173,sp500,40,hrp,0.001129864718508133,0.00062945423828125,0.009157793619988516,0.009220572472986629,1.958555423520627,1.0836936954186849,-0.020184346675129566,-0.020200251543317525
1173,sp500,40,schur,0.0012169987503967722,0.0008701316303710938,0.00914066292851305,0.009283299061162285,2.1135508865876225,1.4879313183937377,-0.019911801339108016,-0.019923013349260603
1174,reit,23,hrp,0.0001266803461585506,-6.179841527778055e-05,0.008921065604838824,0.008892250235996754,0.22542017295779557,-0.11032296701302252,-0.022277370358514504,-0.023041102681418377
1174,reit,23,schur,9.727209261196748e-05,-9.981826859596667e-05,0.009032257885580765,0.009048229554122591,0.17095909117184915,-0.1751244130752509,-0.022856648651706994,-0.023819439924497393
1175,reit,14,hrp,-0.0003869303469522628,-0.00019178505974234484,0.010550082584700079,0.009998618354358684,-0.5822067066418488,-0.304491413877026,-0.024172689817190934,-0.023901694613442957
1175,reit,14,schur,-0.0003386879469153817,-0.00011293898344547125,0.010807818828086783,0.01036434631635171,-0.4974643416104183,-0.17298252358649827,-0.024487830657623437,-0.024269021944143928
1176,reit,24,hrp,0.0014654903090447731,0.0012262799406596945,0.008815002261912352,0.00924157704334359,2.63913005894102,2.1064143568890907,-0.016361247978595835,-0.017207250766219293
1176,reit,24,schur,0.0015042468808869269,0.0012895480924706062,0.008985093794763041,0.009242579699896877,2.657643814196622,2.2148514811549953,-0.01660610701049677,-0.017405110233489524
1177,sp500,35,hrp,0.0009314096809213345,0.0003940546411132811,0.011655621774578203,0.010896955623161153,1.2685441062324028,0.5740523974277354,-0.029460763102111757,-0.027865244201660155
1177,sp500,35,schur,0.000880544286675932,0.0004644127216796875,0.011631294302954651,0.010923812453358469,1.201775730323397,0.6748855708602052,-0.029180711504518897,-0.028370919573102678
1178,reit,18,hrp,0.00022004749781075393,4.057460941274165e-05,0.0119541054082315,0.010815393056644524,0.29221306117732215,0.059554188453877804,-0.024379820603189366,-0.022627635897306438
1178,reit,18,schur,-0.00010513034226765575,-0.0009210657931072318,0.013448162443187188,0.019063288200888116,-0.12409817715797845,-0.7669960199972244,-0.02670346927757051,-0.0370378548463391
1179,sp500,37,hrp,0.0007724068860068844,0.0007391319926757813,0.0073030150256073005,0.007028563734721549,1.6789749363754802,1.6693818360167765,-0.015559882340626932,-0.01512167530168806
1179,sp500,37,schur,0.0009693881497490317,0.0009854908291015625,0.007178443180587841,0.007003581946253599,2.1437182717261134,2.2337401116858526,-0.01577059255851368,-0.015577739798409599
1180,sp500,28,hrp,0.0016203684407425447,0.001495950804199219,0.00773539382780949,0.007454273146216863,3.3253060065976965,3.1857543107393935,-0.0144568070058717,-0.014005543866838726
1180,sp500,28,schur,0.0017363379807441039,0.00156510091015625,0.007758199732792591,0.007445043441191727,3.552823062484905,3.3371473123316964,-0.014522307320363985,-0.013889190822056363
1181,reit,18,hrp,0.0010594052335815586,0.0009458843919523367,0.008216126012103095,0.007969805860598657,2.0468937172347204,1.8840420310580406,-0.018005618031058195,-0.01675969802348228
1181,reit,18,schur,0.0011894529617531794,0.0011206538148542428,0.008210520357709163,0.00789390488912529,2.299730050644088,2.253615675545864,-0.018221795301328284,-0.016849331325301004
1182,sp500,31,hrp,0.0012493969373323368,0.000785058106933594,0.010080433248926641,0.009942066133873464,1.9675306626364053,1.253503137705769,-0.02453545822877377,-0.02464406799316406
1182,sp500,31,schur,0.0010459371833667567,0.0006746031904296877,0.009662925442642809,0.009716400795830051,1.718293092879509,1.10215643407404,-0.02367642925660098,-0.024181947806222095
1183,sp500,26,hrp,0.0005946177103770926,0.0006336989023437502,0.00790879502130405,0.007546368676014247,1.1935147510395465,1.3330462162750056,-0.015796553265099413,-0.01576195224434989
1183,sp500,26,schur,0.0005176421386494572,0.0005461872119140623,0.007677043532731449,0.007417748295292758,1.0703748346521107,1.1688794020622486,-0.014995936081655736,-0.014920528224400112
1184,sp500,40,hrp,0.0013060773865849072,0.0010889794072265625,0.00721978466289037,0.007160944904332417,2.871738800468961,2.414068589732252,-0.016107780241273902,-0.015430392054966519
1184,sp500,40,schur,0.0015828401018947295,0.001894709276855469,0.00789577387369977,0.009182488339330133,3.1823109489567645,3.2755366746432233,-0.01724795438874321,-0.016772330453055245
1185,reit,21,hrp,-0.0012797501974810555,-0.0018282158101338047,0.05963100747520816,0.05052027908132528,-0.3406852481130768,-0.5744629045438328,-0.12327378806741643,-0.10154563093209437
1185,reit,21,schur,-0.0012165485729881754,-0.0016879646085345673,0.060057647403074184,0.05042645148780116,-0.3215595469821017,-0.5313799933522584,-0.12393861360166056,-0.10190600963386598
1186,sp500,40,hrp,-2.449895765725065e-05,7.672423291015643e-05,0.007518385229375603,0.007334203272128408,-0.05172771601657068,0.1660656779862297,-0.020460201419007337,-0.019664149291992183
1186,sp500,40,schur,-1.2466903830457843e-06,0.00019846355029296879,0.007952007236696512,0.007621179525963828,-0.002488754814165835,0.4133889222244108,-0.021743753892204683,-0.020698224557059153
1187,sp500,37,hrp,0.0005997551929426798,0.0005264370371093751,0.004631755326883854,0.0044660564515664565,2.0555529937028765,1.8712098643131476,-0.010487541826997515,-0.010085459350585937
1187,sp500,37,schur,0.0006983640510680038,0.0006326776025390625,0.004957045637593184,0.004831401075804262,2.2364501827875087,2.0787853090258444,-0.010795435217589485,-0.010475950561523437
1188,reit,13,hrp,0.00034383300908165116,0.00043681584297176527,0.008401761050771357,0.007558455826768104,0.6496471126001925,0.9174144420955069,-0.015564241846183463,-0.014493046014459452
1188,reit,13,schur,0.000343110642974598,0.0004294645976417249,0.008433817177211268,0.007588410697119274,0.6458181967305293,0.8984146227334019,-0.015674005340628402,-0.014548266325214356
1189,sp500,22,hrp,0.00030520853254061307,0.00023764763183593745,0.0071938594351258385,0.007093431120439573,0.6734959578230637,0.5318356007063306,-0.013364018834615637,-0.012951627336774555
1189,sp500,22,schur,0.0002519536531442874,0.00020839894335937504,0.007132803505064541,0.007148516253267959,0.5607388800159971,0.46278563949447366,-0.013267602262483682,-0.013163036246163506
1190,sp500,34,hrp,-0.0010806508186938727,-0.0009963434741210937,0.009229561139751869,0.008852930120433485,-1.8586799158074832,-1.7865793700385317,-0.025572730145475307,-0.02451087675258091
1190,sp500,34,schur,-0.001217889709998479,-0.0011087554111328124,0.009901704345870406,0.00941995978283071,-1.952532524345313,-1.8684736348883304,-0.02710262726884698,-0.025879392281668526
1191,sp500,29,hrp,-0.0006699016822277539,-0.0006903209780273437,0.011904521882129161,0.011758190976247446,-0.8933042107465755,-0.9319890974865549,-0.027254852299839438,-0.02736131235177176
1191,sp500,29,schur,-0.0006716410244487394,-0.0006701181689453125,0.011905944014852688,0.011739794130711816,-0.8955166186485736,-0.9061314045109735,-0.026290713297545176,-0.026493883919852124
1192,sp500,22,hrp,0.0005192525851666602,0.0003678868867187497,0.011121949470239076,0.01096145086176289,0.7411361892919145,0.5327783110837561,-0.023904789021533267,-0.023233554338727678
1192,sp500,22,schur,0.0005571778741061927,0.0003881225668945315,0.010590059569451658,0.010361825874312891,0.8352100842747029,0.5946109127893764,-0.022010785202288385,-0.02129311683000837
1193,reit,17,hrp,0.0008201626358457339,0.0009688377736913829,0.008774586303751305,0.00814208648011812,1.4837939663188544,1.888928949265365,-0.019820039681839204,-0.017745081167162443
1193,reit,17,schur,0.0007898919927765655,0.0009412698963251856,0.008825476478675022,0.008021761181535775,1.4207897650882004,1.8627077066319804,-0.019994841038183504,-0.017668163757471007
1194,sp500,31,hrp,0.0008495095920447617,0.0008121775434570313,0.006056794534391424,0.005883312122535836,2.226515465385726,2.191438858585464,-0.012715036872028693,-0.011910152038574219
1194,sp500,31,schur,0.0009029430974026296,0.0008581842954101564,0.0062728379429376,0.006094941847013455,2.2850546169069053,2.2351736391011223,-0.012232445657329135,-0.011506412449428014
1195,sp500,40,hrp,0.0014962792070989505,0.0014361504545898443,0.013040630020854774,0.01252347858058843,1.821437768376124,1.8204352362641507,-0.031193602953630353,-0.030184366019112722
1195,sp500,40,schur,0.0015518864431076733,0.0015997111176757808,0.011657844408861131,0.011215536782620517,2.113206583039275,2.2642364082692015,-0.02850344428841315,-0.027583961347307482
1196,sp500,32,hrp,0.0006447864979107535,0.0006721967392578123,0.0090758711102626,0.008836422101889056,1.1277890803947936,1.2075919758096425,-0.0215104201979478,-0.020778987191336497
1196,sp500,32,schur,0.0006494377775597426,0.0006816751142578124,0.009304110614966733,0.009016531397535405,1.1080591724712894,1.2001574093740939,-0.02181929731129051,-0.020917168927873882
1197,reit,23,hrp,0.0002449904354613161,0.0002674266557735395,0.010526570626426894,0.010186053534252941,0.3694558021732931,0.4167724562297935,-0.025639598137486737,-0.024702657299941866
1197,reit,23,schur,0.00013870672646383174,1.718684457026401e-05,0.01084740203593676,0.010640266168317088,0.20298879059485422,0.025641529545702004,-0.02649486289424455,-0.026475946411692097
1198,reit,19,hrp,0.0007242938765978126,0.000809263204999321,0.017449569028859902,0.015727964939042778,0.6589164937318532,0.816803392144488,-0.03689755623239022,-0.03389903745621425
1198,reit,19,schur,0.0007229693561048887,0.0008089301279001806,0.01761770967885294,0.016119145511567255,0.651434433865153,0.7966531271458658,-0.03717041579624253,-0.03457664396862272
1199,sp500,27,hrp,0.0017233118979794384,0.0014463847412109375,0.010959215412979598,0.010226126225280746,2.496230546605898,2.2452926402779254,-0.022828806558279503,-0.019636670471191407
1199,sp500,27,schur,0.0017612570741139546,0.0014977587250976567,0.011379168358035525,0.010391062377526681,2.4570415339719496,2.2881378053254093,-0.024098342440854587,-0.02061640209089007
1200,sp500,26,hrp,-0.0006645687362289663,-0.0004814865209960939,0.015850357902656143,0.015328450305917828,-0.6655812881836615,-0.49863889777306486,-0.035794436048746214,-0.03464911162458147
1200,sp500,26,schur,-0.0009630025887786659,-0.0008393474497070313,0.016018686966074454,0.015440107632637045,-0.9543349091779392,-0.8629620991010489,-0.035596991586841036,-0.03427693777901786
1201,reit,16,hrp,-0.0030954971416701756,-0.0030893227358280094,0.016335026697894228,0.016573371903639438,-3.008228552951065,-2.9590525305802338,-0.04099619009055254,-0.04242339223394094
1201,reit,16,schur,-0.0030170908233646595,-0.003224941410407287,0.01575196827080412,0.016905762903262084,-3.0405617371563545,-3.028219316755656,-0.03904700384785476,-0.04155692092386987
1202,reit,12,hrp,0.002398498510213414,0.004655180928664881,0.03041054925566878,0.030722520824847818,1.2520320875429158,2.4053594655481523,-0.06309219938957268,-0.06300240722382178
1202,reit,12,schur,0.002059252561086415,0.00352463433786291,0.030398480579770067,0.029577021471564456,1.075370227602746,1.8917332692318893,-0.06350605265143573,-0.06310462226222083
1203,sp500,13,hrp,-0.0012791180748536637,-0.0014983714829101566,0.025842719154446064,0.0260387060269453,-0.7857288476475811,-0.9134827924096529,-0.07368503303786637,-0.07437911674281529
1203,sp500,13,schur,-0.0012365956092844847,-0.00142835090234375,0.025915341227092815,0.02600087618005679,-0.7574797705771511,-0.8720616750834463,-0.07366806922118627,-0.07403970305524553
1204,sp500,16,hrp,0.00039413048749297304,0.0003454482856445312,0.007230434529554918,0.007328611252108171,0.8653183288661208,0.7482756745101888,-0.01722145333895329,-0.018370864318847657
1204,sp500,16,schur,0.0003758447319349762,0.0003515282094726562,0.007023273295028285,0.006918039797313834,0.8495113180154368,0.8066356207863341,-0.016272408729416796,-0.0165110144304548
1205,reit,13,hrp,4.6723156678445953e-05,8.95688320680606e-05,0.017545762487241632,0.016967693541662984,0.04227272076512941,0.08379813825351645,-0.04041261111520867,-0.039878952822222466
1205,reit,13,schur,4.28069010505604e-05,9.710013498132797e-05,0.01770033293988198,0.017141356402238208,0.03839128279512042,0.08992385552330706,-0.040125474022045075,-0.03965064107018849
1206,reit,21,hrp,0.0006311715672144282,0.0005920512109965557,0.009623872513203268,0.009035022176789352,1.0411129194655793,1.040232267543688,-0.022224016012919894,-0.020120213685194423
1206,reit,21,schur,0.0005138964926104098,0.00037586502038578575,0.009508533159066988,0.008750825601191644,0.857950829847387,0.6818410621737861,-0.021943429017322436,-0.019963709593477864
1207,sp500,31,hrp,-0.00042640904868528236,-0.00042494394580078134,0.010766704482858946,0.010638547589869969,-0.6287006212931668,-0.634088060743517,-0.02683727695617378,-0.026309450657435823
1207,sp500,31,schur,-0.0004207370456728675,-0.0003926703359375,0.010667903091798395,0.010465064021225703,-0.6260830721596522,-0.5956435932063033,-0.026638771743775543,-0.0259360652117048
1208,sp500,13,hrp,0.00023415229261875147,0.0002720743715820311,0.0074349761850708235,0.006903217594001884,0.4999414010999473,0.6256570495002453,-0.01810906529673906,-0.01644426903424944
1208,sp500,13,schur,0.00017229382729666952,0.00017106005761718756,0.007442893022207636,0.00710915681919267,0.36747534978539104,0.3819713503769815,-0.018052905335272918,-0.017458246355329242
1209,sp500,12,hrp,0.0010920313196702562,0.0009264343500976562,0.00843191468584844,0.008144792642781258,2.055933962844967,1.8056554688781963,-0.021408302877152566,-0.020915260402134483
1209,sp500,12,schur,0.0010855061308321986,0.0009420494199218749,0.008412620281389466,0.008144013880137982,2.048336313363421,1.8362654026839962,-0.020994301776292478,-0.020489268284388955
1210,sp500,35,hrp,0.00015819209569101455,0.00010573134619140617,0.012307653098672404,0.01125341289167084,0.20403741048878127,0.14914880516660917,-0.02127393057605322,-0.01969603316824777
1210,sp500,35,schur,3.1769177271286375e-05,-0.00019065801220703165,0.01306374162938977,0.012524121171718791,0.03860456435904371,-0.2416618358344237,-0.022681961848463484,-0.022602764718191965
1211,reit,19,hrp,0.0015810261317130711,0.001464434899409104,0.008107858094532117,0.007612461775724475,3.0955169012848587,3.0538325203307637,-0.014450715931291285,-0.013973502904516242
1211,reit,19,schur,0.00161836916042669,0.0015146857809526318,0.008380011773188313,0.007709666313488077,3.0657252833593582,3.1187979306927107,-0.014819410430686158,-0.0137435744283511
1212,sp500,22,hrp,0.00044818068075797913,0.0004269932792968749,0.008137447499160573,0.00809408512448731,0.8743095108127436,0.8374396941522407,-0.022748938247130628,-0.02252811648123605
1212,sp500,22,schur,0.0003703255342227223,0.0003556383364257813,0.00805932765090139,0.007968325634422265,0.7294325110960431,0.7085031195000068,-0.022541664235767884,-0.022154064566476006
1213,reit,22,hrp,0.000749407620960144,0.0007869025197024391,0.010124328802351706,0.009708264269614224,1.175038603181204,1.2867068604832004,-0.023807229644643473,-0.023619527125492392
1213,reit,22,schur,0.0007744716781935664,0.0008084989245579119,0.010262882992632663,0.009817499693335953,1.197943770439923,1.3073107144146308,-0.02362589059508027,-0.023333055715396327
1214,reit,17,hrp,0.0008840821189536493,0.0008411921870005031,0.005866566043727527,0.005595143167596094,2.3922629434757114,2.386625612552548,-0.012513772947328358,-0.011703409298564121
1214,reit,17,schur,0.0009023815998511936,0.0009110418206244832,0.006083083361214865,0.005883716583320994,2.3548688970226936,2.458028075164065,-0.01298679061380442,-0.01254806150856599
1215,sp500,28,hrp,0.000549444600978597,0.0005220467480468751,0.007771843947838136,0.007293241814036704,1.1222771196795729,1.136289652777232,-0.018921806064906784,-0.017754404497419086
1215,sp500,28,schur,0.0007409281854975147,0.0006940937666015625,0.007154711731891885,0.006968738623633894,1.6439335014268162,1.5811178396846588,-0.01698681948617211,-0.016609296665736607
1216,sp500,26,hrp,0.00044140299437307073,0.0002483108779296875,0.008135590499008924,0.007636691534213987,0.8612841695112268,0.516167631931219,-0.015263531432934227,-0.014195323721749442
1216,sp500,26,schur,0.0004287522380936848,0.00018401735986328131,0.007888808839750305,0.007345020060424983,0.8627704023013054,0.3977096049663487,-0.015101679054461208,-0.013915184029715399
1217,sp500,19,hrp,0.0007176835167346716,0.0006261856259765626,0.008142338760203852,0.008181625721239472,1.3992137845780308,1.214964969563266,-0.018032332989231736,-0.019411320321219307
1217,sp500,19,schur,0.0007205640739341682,0.0006440946713867187,0.007847412743753984,0.00786536980289172,1.4576269190133488,1.2999625171937417,-0.016817310433740497,-0.017400960370744976
1218,reit,18,hrp,0.0009089573456780122,0.0008975818905456402,0.010359620036507576,0.00989840888590011,1.3928358842628672,1.4394910279459596,-0.026381829315303057,-0.024109663891294927
1218,reit,18,schur,0.0008284748857210638,0.00081119986880189,0.010411014552060619,0.010049158360687675,1.2632420236009072,1.281440518330824,-0.025886887706572537,-0.02439124602714989
1219,sp500,13,hrp,0.0002871617221804646,0.00016635446582031224,0.011488345166376361,0.010933252035029496,0.3967978809533829,0.24153794935050357,-0.028881177748006352,-0.0267657911202567
1219,sp500,13,schur,0.0005666437804905512,0.0005348793867187503,0.011268881503619113,0.010675672803086329,0.7982328279827894,0.7953547461271593,-0.027807922447729526,-0.025982329755510604
1220,sp500,12,hrp,-0.000315444707988684,-0.000303222243652344,0.013130532520539036,0.012799370767228873,-0.38136530186752216,-0.3760734788968819,-0.033119014983048325,-0.03210608905901228
1220,sp500,12,schur,-0.0003504826419137634,-0.00034627555712890654,0.013128398610344283,0.012789642393059297,-0.4237942205463261,-0.42979732244614216,-0.033151842460986417,-0.03210119933210101
1221,sp500,21,hrp,0.0012463792844091407,0.001261243666015625,0.013764006619722324,0.012943030916632889,1.437492606731581,1.5469037064469209,-0.031630574315321965,-0.03053777814592634
1221,sp500,21,schur,0.001223814314731008,0.0012411873105468748,0.012955308899473132,0.01249772195510766,1.4995744306015848,1.5765463334607395,-0.030599978703219764,-0.030130737252371653
1222,reit,18,hrp,5.449109376650678e-05,7.709364401001695e-05,0.014922535919794304,0.014092679622640571,0.05796731207710149,0.08684108991730452,-0.030628021394516886,-0.02898264146007538
1222,reit,18,schur,-3.905613843581839e-05,-7.77337544904794e-05,0.01491431135380504,0.014176893028428447,-0.041570607058028335,-0.08704199817749096,-0.03082779664430636,-0.029562256166537317
1223,reit,16,hrp,-0.00023247158427056934,-0.0001695035741298224,0.011291831028642124,0.011094078981950613,-0.3268178547707604,-0.242542515271652,-0.024068102630478972,-0.023882098399624352
1223,reit,16,schur,-0.0002067242391927887,-0.00014330204866610797,0.01136482337466194,0.011197549597777164,-0.28875464695345704,-0.20315601006769948,-0.024316245179170876,-0.024182494146931695
1224,reit,22,hrp,-0.0006083243848764774,-0.0005290728110159004,0.008081853244268139,0.007838623624092624,-1.1948806716932028,-1.071459851006164,-0.022477914996038118,-0.02122712320870841
1224,reit,22,schur,-0.00042907920805699293,-0.00017611972018503967,0.008930030580955201,0.00989420349439333,-0.7627545283137751,-0.28257088962114707,-0.02516006486578976,-0.027321433995711217
1225,reit,15,hrp,0.0009981351957452677,0.001113452129902834,0.009529341670288625,0.00933996372683268,1.662749176680178,1.8924596617231755,-0.020781386499360652,-0.020110329612313453
1225,reit,15,schur,0.0009314391424999214,0.0009860688997465172,0.00942226393570451,0.009921604701219042,1.5692765661812995,1.5777043106648776,-0.020282452059257296,-0.020004406630869942
1226,reit,14,hrp,0.001661618070576489,0.0017242936417656764,0.009604783522727086,0.00947292721823183,2.746274194507701,2.8895305906594353,-0.018888126689872393,-0.01823323196312185
1226,reit,14,schur,0.0016894813373741287,0.0017931600197473813,0.009656597564636679,0.009481166469493162,2.7773431170494907,3.0023239156028803,-0.019288520248805407,-0.01835547532364778
1227,sp500,28,hrp,0.0005684440512068938,0.0005560001665039061,0.006798109872688493,0.006651969860056072,1.327393897933037,1.326859442024688,-0.014893853829493568,-0.014518439810616629
1227,sp500,28,schur,0.0005967842767896093,0.0005939191098632814,0.007030419168370076,0.006847786570105478,1.3475237350078824,1.3768205952390429,-0.015129723503031397,-0.014827677176339288
1228,sp500,40,hrp,-0.0009303293994559472,-0.0009778766069335938,0.011516760777391812,0.011356343350139126,-1.2823502767363764,-1.3669285447356185,-0.02724623392898883,-0.02684977030726842
1228,sp500,40,schur,-0.0010097682046570436,-0.0010377424501953128,0.012076742150769112,0.011943107742627882,-1.327309394200771,-1.3793437222467044,-0.028025697330016783,-0.02770770923723493
1229,reit,24,hrp,0.0004856645250057322,0.0004881246900485232,0.013996697901208723,0.013756428484305725,0.5508217278850518,0.5632813226771436,-0.024793496952515277,-0.024985665222855204
1229,reit,24,schur,0.0003627664101208874,0.0002813843831986657,0.013823245568160855,0.01373517851988887,0.41659812832880033,0.3252115433445394,-0.0252681141431726,-0.02609470012158744
1230,sp500,18,hrp,0.002579384409488352,0.002089607243164062,0.011149677419917342,0.010487295609150307,3.672434327625937,3.163016268019157,-0.018168913233878512,-0.017347783386230466
1230,sp500,18,schur,0.002347417960204896,0.0018932075546874998,0.010687652809893762,0.010181432882488474,3.4866500192143164,2.9518181346833687,-0.016784745294260987,-0.016401699070521764
1231,sp500,20,hrp,0.001159112337494096,0.0010378026186523438,0.00740708820784319,0.007154603069926987,2.484152666103422,2.302658256864325,-0.016205906306623236,-0.015105674874441965
1231,sp500,20,schur,0.0011974757483689407,0.001091951642578125,0.00728652812498758,0.00698486280830922,2.6088334335940635,2.4816800867155786,-0.015469353757467138,-0.014192821140834264
1232,sp500,25,hrp,0.0010173483424333186,0.0009495777280273438,0.005162189621639971,0.005284458662688596,3.1284988441946076,2.8525304246863343,-0.008696848010250295,-0.009248558750697545
1232,sp500,25,schur,0.0010893507874777226,0.001035564669921875,0.005251994247323322,0.005380090808192318,3.2926364406975317,3.055539410932595,-0.008903728930396518,-0.009331657802036833
1233,reit,13,hrp,-0.0002394725943985841,-0.0004349207200498751,0.011892685357350025,0.011867022447552304,-0.3196510686474282,-0.5817931517531366,-0.028204930662957307,-0.028502243973242216
1233,reit,13,schur,-0.00012450197009967147,-0.00021595101761603074,0.011702130549518875,0.011456714807127887,-0.16889296315440955,-0.2992233101383693,-0.02814693497193638,-0.0276523550784383
1234,sp500,38,hrp,0.0004414817769920012,0.0003745199277343749,0.005005454349514301,0.005004759704632287,1.4001338244961357,1.1879330656845288,-0.011827629888769967,-0.01150796804373605
1234,sp500,38,schur,0.0005774948032081876,0.0005343432514648437,0.0051344288475292385,0.005132039862191164,1.7854850205466979,1.6528391003393568,-0.01216758190121846,-0.011771736136300223
1235,sp500,20,hrp,0.00018479299305792233,0.00026246827148437504,0.008570765897251658,0.0082072498123196,0.34226787397051134,0.5076675787425883,-0.021209034942425407,-0.019979551871163508
1235,sp500,20,schur,0.00026832164188378226,0.0003260048637695312,0.008553975878196259,0.008310689994200367,0.4979525399017492,0.6227120465330224,-0.021228863993755526,-0.020383246826171875
1236,reit,24,hrp,0.00020194247871810616,0.0004367281462801773,0.0066662508611377855,0.006204537956853139,0.4808906135916441,1.1173828642534043,-0.014319885503836893,-0.013123676758973102
1236,reit,24,schur,0.00013394336889382207,0.0003065806002141972,0.006797148964058985,0.006338807626810416,0.3128201359714934,0.7677810143973387,-0.014503691789465317,-0.013247307144392654
1237,sp500,40,hrp,0.0005841362349884715,0.0005294385732421875,0.005342549317051695,0.005203583452371964,1.7356648871299072,1.615151726234163,-0.01060353206449155,-0.010062660034179688
1237,sp500,40,schur,0.00044967907777549603,0.0003468507753906249,0.006278946192048907,0.006972550857713281,1.1368840947445096,0.7896802009425388,-0.012799803952632019,-0.013810963605608259
1238,sp500,40,hrp,0.0007883529951704934,0.0005999095771484375,0.011566943092456127,0.011326147721228783,1.0819380473555007,0.8408215693421054,-0.029722161525168597,-0.029435255292619977
1238,sp500,40,schur,0.0008619223326073497,0.0007820133510742187,0.010615267855185307,0.010622498969284433,1.28895408348145,1.1686588183386777,-0.02774891641215588,-0.02768999814278739
1239,reit,16,hrp,0.0007314573723256776,0.0004438039566883431,0.01618500830591519,0.015200029773196552,0.7174247668855028,0.46349707906535415,-0.03391589702509135,-0.03264989358692815
1239,reit,16,schur,0.0007371682303556554,0.0004948705362209022,0.01621508725617761,0.014926032624601713,0.7216848535411704,0.5263171009779137,-0.03390664063138341,-0.031655503942395975
1240,sp500,29,hrp,-0.00045457470389515973,-0.0005246225439453124,0.01037956008063394,0.01031463173134662,-0.6952269322385164,-0.8074088263795758,-0.02551788636228439,-0.025011723510742188
1240,sp500,29,schur,-0.0003505772353260227,-0.0004122189501953125,0.010400244943092003,0.010332369888793512,-0.5351067316598019,-0.6333274009718604,-0.025353233810816556,-0.024833441083635603
1241,reit,23,hrp,0.0015862305073885813,0.0016061962724581676,0.006243640802524183,0.006433512910262465,4.033004053862916,3.963243055194137,-0.011884899216166865,-0.011892860850501298
1241,reit,23,schur,0.001464384972075638,0.0013921417280158414,0.006900671439592656,0.007957670368882537,3.3687143290518184,2.7771400156170545,-0.012689284789286607,-0.014686833489680112
1242,reit,20,hrp,0.000273623840565892,0.0004032634346392519,0.011833505742318114,0.010617974265327028,0.367063142916389,0.6029030025352108,-0.02040112647489004,-0.01823163556477239
1242,reit,20,schur,0.0002596150316632638,0.00040383725030489437,0.011719700093055101,0.010127987281573556,0.3516524168406939,0.6329705427621101,-0.020219902777848558,-0.01755670100640976
1243,sp500,19,hrp,-0.0006141492514807138,-0.00044152956835937505,0.011499862651427635,0.011246805199621663,-0.8477768317134029,-0.6232049441382143,-0.02448741782053281,-0.02382913340541295
1243,sp500,19,schur,-0.0006402283226003022,-0.00045094431201171887,0.011750772162229223,0.011481362616610341,-0.8649056762474521,-0.6234903702088777,-0.02494946314629456,-0.023979242135184153
1244,sp500,32,hrp,0.0005323730049553983,0.0005163088613281249,0.006905274366404713,0.0061310195825724665,1.2238701906086622,1.3368329639553942,-0.014453171285807349,-0.012163695399693081
1244,sp500,32,schur,0.0006828376313693551,0.0006372303154296875,0.006779727984936577,0.006071817915121239,1.598841631216222,1.6660113653601227,-0.014216064066784473,-0.012408244567871093
1245,reit,15,hrp,0.000473191856073023,0.0004420370270048276,0.009623162187910152,0.009718444550944711,0.7805841463400534,0.7220414980646855,-0.028092149117046987,-0.028998121696864637
1245,reit,15,schur,0.00062470589376144,0.0006560731983256973,0.010069189880729797,0.01060403403796693,0.9848755204898253,0.9821582154921217,-0.029274295538105788,-0.03105914239615151
1246,sp500,22,hrp,0.0014008656073462747,0.0014232506967773435,0.008380920520099863,0.00806231448719999,2.653414031339033,2.8023471941839486,-0.017068333321303326,-0.016416385602678572
1246,sp500,22,schur,0.0015274160702521001,0.0015702768974609376,0.008442714259532835,0.008086489016590754,2.871941140858341,3.0825952907383787,-0.016604902505397392,-0.016079427987234933
1247,sp500,31,hrp,0.000678042774215164,0.0006869228154296875,0.004953220428407856,0.004851002396182888,2.173049939650205,2.247898629306004,-0.009771840731638764,-0.009524763235909598
1247,sp500,31,schur,0.0007284604229094792,0.0007360799912109377,0.004943104880113088,0.004816387765484264,2.339410349222444,2.426072853707128,-0.0094524686156923,-0.009151623090471541
1248,sp500,28,hrp,0.0004912996080058416,0.00047902417675781237,0.007131875530747363,0.007035551430044521,1.093560797355161,1.0808354025611309,-0.013652910196785073,-0.013086014726911274
1248,sp500,28,schur,0.00047424957492833,0.00042475155908203117,0.006874208602141072,0.006814227377227162,1.0951775023943657,0.9895064535771066,-0.013228637171724528,-0.012808202427455357
1249,reit,22,hrp,0.0020972928618159877,0.0017688620787876192,0.06711200534610251,0.05850100244782922,0.496088469735316,0.4799886123201062,-0.11999923754789087,-0.09877544359927162
1249,reit,22,schur,0.0020565237301734558,0.0017317509283943959,0.07066082109479278,0.06541952540131478,0.4620141915454898,0.4202215403853766,-0.1276716653873727,-0.11615890985926036
1250,sp500,25,hrp,0.00010543012348005044,0.00017448627050781245,0.0076688948925676195,0.007263495208258223,0.2182389181210849,0.3813430854340865,-0.017286181240586722,-0.015622875174386161
1250,sp500,25,schur,0.00035160931913701365,0.00030928293701171873,0.0075920537142273445,0.007439394374735184,0.7351930205756905,0.6599615733783089,-0.01743185689896626,-0.016619645368303574
1251,reit,17,hrp,7.659877973269286e-05,0.00011491345910783799,0.010273989795611393,0.00996818601589637,0.11835401393348947,0.18300166225350487,-0.02448885959760686,-0.024235574369758876
1251,reit,17,schur,8.261764076811183e-05,9.709609544762999e-05,0.010490513531493717,0.01034731818000939,0.1250190836071519,0.14896156706157454,-0.024516612969825748,-0.02443260947170264
1252,sp500,34,hrp,0.0005057356483927351,0.00047733030615234375,0.007976368681025968,0.007790559555298863,1.0065112145355888,0.972636643888652,-0.01477229878317802,-0.014350213056291852
1252,sp500,34,schur,0.0005314658515412319,0.0005128497290039061,0.007839042592748324,0.007683892544704222,1.0762486287307902,1.0595198995798307,-0.014838152235041086,-0.014617456037248884
1253,sp500,31,hrp,0.00030666574472875064,0.0003511703544921874,0.008005432257575083,0.007723709062646449,0.6081080471877928,0.7217590032991522,-0.014713766809013413,-0.01396086519077846
1253,sp500,31,schur,0.00026874558424029853,0.0002633838027343749,0.00787564252583531,0.0076379845287104535,0.5416959793546561,0.5474072685889305,-0.014806272454562949,-0.014469176557268417
1254,reit,17,hrp,0.0005109286860507385,0.0005449096261735257,0.009404854532887379,0.009335523140738367,0.8623994573774046,0.9265867607798322,-0.01761124783635093,-0.017550127448492995
1254,reit,17,schur,0.0005148919108876339,0.0005450175147395407,0.009403644690810682,0.00938850814262353,0.8692008214338874,0.9215398968205123,-0.017423200180129883,-0.01740700997528514
1255,sp500,40,hrp,-6.823328116425556e-05,-3.7181921874999944e-05,0.007672997886465562,0.0074290511092078675,-0.14116643515594032,-0.07945088849375669,-0.015082858741227358,-0.014738816711425781
1255,sp500,40,schur,-0.00013176333073502034,-7.037829638671852e-05,0.007959720936304206,0.007962627667323835,-0.26278283459843194,-0.1403080573764169,-0.01526398942050436,-0.015274011788504464
1256,reit,17,hrp,-3.872657737672729e-05,-8.526195783450393e-05,0.009134911499851624,0.009054515050985973,-0.06729844697620867,-0.14948250819905037,-0.023933195000856174,-0.02336434506948943
1256,reit,17,schur,-0.00046558532349814426,-0.0006382652167948905,0.009605733801237379,0.01038249814133555,-0.7694298044563556,-0.9758871195471935,-0.026169312286295373,-0.026793572089150335
1257,sp500,20,hrp,0.0005334451269524108,0.00044127355419921864,0.013341793599077405,0.012968047530340454,0.6347106782312784,0.5401738766745855,-0.025641606148598096,-0.024978478088378907
1257,sp500,20,schur,0.0006809037287340928,0.0006186984663085937,0.013729593680421702,0.01327852260361681,0.7872783310008319,0.7396556050341389,-0.026396991227877954,-0.025693582650320873
1258,sp500,20,hrp,0.00012687711022227438,4.440552539062508e-05,0.007332965222945977,0.0071331727971572344,0.27466538065468366,0.09882220467243946,-0.017987194034472808,-0.017796171377999444
1258,sp500,20,schur,0.00023303023932186683,0.00014011015771484372,0.007275866229700915,0.007053156767878309,0.5084261104362291,0.3153452948805151,-0.0175317029755725,-0.017278322256905693
1259,reit,18,hrp,0.0008176909022623278,0.000687754219267903,0.011067264058942905,0.012520271619542426,1.172868072100259,0.8720066221940765,-0.022230264038904757,-0.02623570973360687
1259,reit,18,schur,0.0008752404239522956,0.0007598474521690959,0.010708075865408055,0.01142209119326965,1.297526387527291,1.0560416785868751,-0.021393693715426265,-0.0238060882978787
1260,sp500,32,hrp,-9.78273481237881e-05,-8.541238671874995e-05,0.007223914461872556,0.006972320341253242,-0.2149749994321436,-0.19446605125576,-0.016487961463718868,-0.015989043491908484
1260,sp500,32,schur,2.834612423793556e-05,6.312351269531268e-05,0.0087503032470018,0.008820707438457911,0.051424591753535843,0.11360253197683884,-0.019421718887669897,-0.019270565229143412
1261,sp500,38,hrp,-4.02482318405575e-05,-0.0002040396337890625,0.00599043737783156,0.00611648881387855,-0.1066567986046452,-0.5295568863446336,-0.014717306836926415,-0.015507107840401787
1261,sp500,38,schur,-0.00010332492682594192,-0.00016884048437499998,0.005915099812593115,0.006002655667714136,-0.27729580491614264,-0.4465123015120884,-0.01507533840295342,-0.015462042881556922
1262,sp500,35,hrp,0.000985515845445007,0.0008761730581054688,0.004828575550776839,0.00447441126210402,3.2399988105082826,3.1085242925728958,-0.009270297865494454,-0.008743918300083704
1262,sp500,35,schur,0.00098019321297147,0.0008941820532226561,0.004705317360865901,0.004438145930478689,3.306915065773974,3.1983400862023053,-0.009343160457626957,-0.008945500008719309
1263,reit,17,hrp,0.0005293217403059617,0.0005556563350597886,0.010612506340139568,0.010457756435865584,0.7917754638746748,0.8434668483636946,-0.020585758929634955,-0.020772551143848624
1263,reit,17,schur,7.616473450779375e-05,-4.139421157008542e-05,0.01368752674742403,0.014628823832792598,0.08833426954309602,-0.04491904097711665,-0.02726884248789868,-0.029388829210225537
1264,reit,22,hrp,0.0004714488150863657,0.0003819083209156124,0.011132412219281058,0.011020684565980607,0.6722727991266321,0.5501116204095172,-0.027333484524216054,-0.025732202861070082
1264,reit,22,schur,0.00035526349893027966,0.0001223032600358172,0.011307737259979089,0.011122613765531074,0.49874109017098944,0.1745546599433429,-0.02859793255676188,-0.02765768661527322
1265,reit,15,hrp,0.0005884219500403858,0.0006095075594792121,0.006321882490999805,0.006269442113900745,1.4775518032752835,1.5433004040538794,-0.013158026088247846,-0.013117268643683153
1265,reit,15,schur,0.0005066992477930388,0.0005312233779605975,0.006858017950790017,0.006817587974807581,1.1728754944505,1.2369344881805473,-0.014450664612681541,-0.014593914219171304
1266,sp500,17,hrp,0.0012616262500323159,0.0013412408115234373,0.007462748357506751,0.007243682215905566,2.6836890206050206,2.939325218670856,-0.015114994526972556,-0.01470812180873326
1266,sp500,17,schur,0.0012618647481495002,0.0013422891367187502,0.00756617721947162,0.00740654648066098,2.6475036586858147,2.876938599581535,-0.014915825130336681,-0.014496638253348213
1267,sp500,33,hrp,0.000810935893357777,0.000881890787109375,0.004703624837203299,0.0045815153438410255,2.736869683233123,3.055666343250874,-0.00899050284851261,-0.008351873849051339
1267,sp500,33,schur,0.0009550389290926998,0.0010380376997070316,0.004605011203033914,0.004574144642851592,3.2922336828627135,3.6024959672751526,-0.008826643179201529,-0.008626107831682477
1268,reit,13,hrp,0.0008689287231966562,0.0010230204196324615,0.008962033841300936,0.007678285160066248,1.5391390052721652,2.115048524557595,-0.02026532262596617,-0.015995407215479564
1268,reit,13,schur,0.0008517266723051708,0.0009827006607610348,0.009265512801603381,0.007923014680269807,1.4592545549320033,1.9689335434910558,-0.021062169138877162,-0.017090812869368848
1269,reit,23,hrp,-0.00046822273425506345,-0.00048440338171901474,0.01983922556241463,0.018173852846770686,-0.3746519971139863,-0.4231169559056711,-0.03621344790802973,-0.0328077982703177
1269,reit,23,schur,-0.0004489247419351413,-0.00036849077294752756,0.01961150727933128,0.017926846298178457,-0.36338152115294214,-0.3263044473383548,-0.03565908962191983,-0.03190076428035056
1270,reit,22,hrp,0.00039557340710051115,0.0005594554817262063,0.0069186105872472625,0.006402088725539559,0.9076292246199756,1.3872160831085343,-0.014159069705680732,-0.012414400957567368
1270,reit,22,schur,0.0003705816020367347,0.0005076802504570514,0.0072419924113204135,0.006753481244552524,0.8123179675630242,1.1933362717177505,-0.01498367908251735,-0.01364864527194275
1271,sp500,15,hrp,0.0016533136647393348,0.0017052178540039058,0.008408147329865086,0.008106592836609344,3.1214415907400275,3.33919499632987,-0.014497394739294043,-0.013763163766043527
1271,sp500,15,schur,0.0017015318525209948,0.0017475397651367185,0.008406184996003145,0.008113839817062533,3.2132270216032963,3.419014224331966,-0.014340115346654523,-0.013592502546037947
1272,sp500,33,hrp,-0.0007054632769516306,-0.0005821629482421877,0.010411404111078942,0.010006461060369655,-1.0756361216926815,-0.9235583135371314,-0.024787313252906874,-0.023642037841796876
1272,sp500,33,schur,-0.0007016438616234961,-0.0005831984492187499,0.010259944645228348,0.009866922847013937,-1.085605369803321,-0.9382852702238208,-0.024344726571209254,-0.023101125723702567
1273,sp500,17,hrp,0.0004402438408739657,0.0005808636865234377,0.008241754961511236,0.007824602931591823,0.8479570610530469,1.1784527907206268,-0.018976700456492836,-0.017580844560895644
1273,sp500,17,schur,0.0004543837231524512,0.0006006574223632815,0.007816194764260764,0.007485860172392953,0.922842662586114,1.2737535509245221,-0.01801424542331983,-0.01664735662841797
1274,sp500,19,hrp,0.00045862355025809296,0.00027971004394531225,0.01150376060155751,0.010504821668010051,0.6328733192949941,0.422687736474311,-0.020558443461541103,-0.019042559683663505
1274,sp500,19,schur,0.0005330684064389736,0.0004043303818359375,0.011090798480612596,0.010096275232058947,0.7629927300663344,0.6357340384989808,-0.019599139451324066,-0.01815433883231027
1275,reit,17,hrp,-0.0010511041663393496,-0.0007439659757872152,0.013032560849742775,0.012145698546248489,-1.2803133282340329,-0.972368422449171,-0.028543723958746135,-0.02724445070065336
1275,reit,17,schur,-0.0011077271395124448,-0.0008194499105952012,0.012896807979375967,0.011948791310752134,-1.363486470305045,-1.088676144184433,-0.028365294551573668,-0.027013621388902866
1276,reit,12,hrp,0.0008945876352094393,0.0011017490547131235,0.006178296161436529,0.006117225252280028,2.2985525590284,2.85909433027821,-0.012610755713237656,-0.011787058620429308
1276,reit,12,schur,0.0008200959901768955,0.0010207103326075552,0.006188212549035273,0.0061768059758801315,2.103777164099766,2.623244807681187,-0.012124054118088501,-0.0115404156913308
1277,sp500,36,hrp,0.001105488224845749,0.0012182942128906248,0.007967714612635258,0.007704877269970107,2.2025238571777144,2.510075162583567,-0.015997948099084173,-0.013657861947195869
1277,sp500,36,schur,0.0008447524016211184,0.0006042461181640624,0.0075908290930960035,0.0069347829042321245,1.7666092175465888,1.3831881817346758,-0.015516110569439441,-0.01337745951625279
1278,reit,16,hrp,-0.0018694895954945408,-0.0015543135328276135,0.013480182912050052,0.012520091297793435,-2.2015448516858793,-1.9707493992518372,-0.031899398827022196,-0.028434286244015863
1278,reit,16,schur,-0.0018195577167378746,-0.0015194395866898148,0.013038651615001258,0.012020024040163212,-2.215304476305602,-2.0066811506211093,-0.030724701953955554,-0.02738462031198002
1279,reit,17,hrp,-0.0011145317248022891,-0.0011089276860274256,0.020776230922151372,0.01905440952508445,-0.8515809580191337,-0.923863909397071,-0.03869773209308343,-0.036129876689859966
1279,reit,17,schur,-0.0012048441962936092,-0.0012717283846373063,0.020976310743055317,0.01951128835635225,-0.9118051742328654,-1.034686273767291,-0.03844372867863877,-0.03641919386904492
1280,sp500,18,hrp,-7.568076092537956e-06,4.9765383789062564e-05,0.009733407098492602,0.009481249466726517,-0.012343004073364926,0.08332245440916802,-0.02397368679229816,-0.024002716491699216
1280,sp500,18,schur,0.00017848865292388144,0.00028512308056640633,0.009648503069805792,0.009342129645879783,0.29366415747620256,0.4844921615208241,-0.023597301062222586,-0.02257339642333985
1281,sp500,40,hrp,-0.0006500359435367559,-0.0004894661328125001,0.012795471264379547,0.01239794004172607,-0.8064572602210638,-0.6267197574364588,-0.03248836769424076,-0.032225591500418524
1281,sp500,40,schur,-0.000756976106774571,-0.0006766674775390623,0.01273686103440549,0.012422673121820039,-0.9434524824601918,-0.8646901588559783,-0.03232934800701672,-0.03177242032296317
1282,sp500,13,hrp,0.000596379076297911,0.0006895876005859375,0.008391362609635534,0.008039599679376732,1.1282106111311665,1.3616180191341853,-0.01849494482796178,-0.0176831021030971
1282,sp500,13,schur,0.0005388829678075965,0.0006126545297851562,0.00817889247370311,0.00794650443432143,1.045924242069267,1.223882681100261,-0.017853062951774756,-0.017133094700404576
1283,reit,15,hrp,-5.995110261875762e-05,-0.00019011891396711233,0.011425188110591832,0.011445822142470117,-0.08329790642464759,-0.2636808573253488,-0.02685667415075316,-0.025939014034610543
1283,reit,15,schur,-9.009852020773719e-06,-0.00010261033770946878,0.01149267642731375,0.011393181515746299,-0.012445052959016496,-0.1429704785173824,-0.027195022911739426,-0.02596548110616695
1284,sp500,39,hrp,0.00024286715922760982,0.00026921486914062475,0.009221531282010267,0.00917809061812398,0.4180863797715625,0.46563645269334725,-0.024192812836032696,-0.023784691118512835
1284,sp500,39,schur,0.00029352691595628506,0.0003191198486328125,0.009258311660543167,0.009250076234504674,0.5032878031318243,0.5476571672507143,-0.02427960379408583,-0.024055822998046872
1285,sp500,40,hrp,0.0003336394258662335,0.00031663128271484383,0.00889989193263428,0.008840673202087796,0.595104045143487,0.5685501175424231,-0.023953416988836813,-0.023789978376116072
1285,sp500,40,schur,0.0004549203052854106,0.00043445605664062486,0.009034082262115635,0.00898278042834963,0.7993768216077196,0.767777431915747,-0.024139474531057435,-0.023989579825265065
1286,reit,23,hrp,0.0017364983262580047,0.001792873898375708,0.0087273756086398,0.009138478408937547,3.1585733874983055,3.1144124360321155,-0.01682084507545014,-0.0176707124030827
1286,reit,23,schur,0.0017016287048574371,0.0017299440808454455,0.008653502794850913,0.008801162671453752,3.1215704092686574,3.1202708034091473,-0.016805117210609375,-0.016839299896437
1287,sp500,25,hrp,0.001433259555291007,0.0014378588847656249,0.007537246927940733,0.007544015085860281,3.0186472995463354,3.0256172498579055,-0.014594859462426427,-0.014482104544503346
1287,sp500,25,schur,0.0015201606017564994,0.001563011666015625,0.007748021226816601,0.007694619173360449,3.114576060689358,3.224596361223742,-0.014937509276080134,-0.014307120152064732
1288,reit,19,hrp,-0.0009276538128051193,-0.0010771805783708207,0.04336571513578322,0.04571904249003471,-0.33957811378297936,-0.3740172723126183,-0.11181189257742745,-0.11769125451188274
1288,reit,19,schur,-0.0008861869237360139,-0.0009379262232997835,0.04177144038222509,0.04232185768616592,-0.3367798946651445,-0.35180679733561165,-0.1072179319243624,-0.1093153080278478
1289,sp500,14,hrp,-0.00020857561512647007,-0.0002056478671875001,0.011634940654398475,0.011361302780383423,-0.28457689140082254,-0.2873401711474869,-0.0268456575023427,-0.025812626944405694
1289,sp500,14,schur,-0.0001656365904014547,-0.00013672732519531277,0.011504337346802304,0.011197485155960826,-0.22855721959686456,-0.193836291732675,-0.0267809153572281,-0.025779400198800224
1290,sp500,18,hrp,0.0005580407527908082,0.0005020028427734376,0.007908138686060539,0.007744176880202736,1.1201905621050077,1.029037456121124,-0.01915836047345674,-0.018672431797572546
1290,sp500,18,schur,0.0005404467037115146,0.0004862550952148439,0.007834081013130883,0.007693989020165596,1.09512850774094,1.003258558574461,-0.01864045825611307,-0.018413878069196428
1291,sp500,16,hrp,-0.001350011805657789,-0.001333931713378906,0.026395626391364176,0.02644255620258759,-0.8119062116912711,-0.8008117413090754,-0.07288594003865886,-0.07269406474086217
1291,sp500,16,schur,-0.0012719679422827476,-0.0012509192900390632,0.026583876454078306,0.026704992713256492,-0.7595530749791221,-0.7435960879361542,-0.07227941414139925,-0.07204905223737444
1292,reit,17,hrp,0.0006877719430646242,0.00032946391938753296,0.01544463848128245,0.015595539592205174,0.7069146444374036,0.3353572698839042,-0.033339986273780604,-0.03505718659657484
1292,reit,17,schur,0.0007441804374051492,0.0004221885986611747,0.015488197521833448,0.01602091267400706,0.7627419647087066,0.4183304888378545,-0.0339569020571559,-0.03606979086980582
1293,sp500,29,hrp,5.7818849554194443e-05,7.4839244628906e-05,0.011431348541827238,0.01133675860557362,0.08029199518457032,0.1047950493531707,-0.027513045858557565,-0.026869045061383927
1293,sp500,29,schur,6.735212011961018e-05,0.0001048262861328127,0.011521306847533065,0.011318996430367725,0.09280038929659817,0.14701530423271505,-0.02795032049496429,-0.02735627507672991
1294,sp500,35,hrp,9.813629091027892e-05,7.255248339843771e-05,0.006461978935928767,0.006334239389025659,0.2410817703802079,0.18182687734061354,-0.014374496371272735,-0.013852594648088726
1294,sp500,35,schur,0.00012210668674439114,9.67272338867188e-05,0.0064002052149825595,0.0062859638018286975,0.3028627198897776,0.24427395442237868,-0.013804984745952459,-0.013516050946916852
1295,reit,18,hrp,0.0004251602166558469,0.00041741977721704933,0.007275315934101121,0.007381343649628173,0.9276860640708591,0.8977137295797873,-0.01632089015895147,-0.01656233782252959
1295,reit,18,schur,0.0003662011166379691,0.0003255406225185395,0.007171385334144154,0.007100889040646156,0.8106191810766934,0.7277676278869163,-0.016246973227162464,-0.016091269221968067
1296,reit,14,hrp,0.0011789084970163595,0.0011807988237205083,0.008762151579363775,0.008730967266608361,2.1358443802448113,2.1469099176973447,-0.01523201055937801,-0.015423957445101688
1296,reit,14,schur,0.0012381880707959144,0.0012818256170138939,0.008713496595999964,0.008658119912493233,2.2557679403857356,2.3502043222180924,-0.015129021902359962,-0.015015776212141646
1297,sp500,27,hrp,0.00024416420428623555,0.00023168277246093743,0.008048993717816286,0.007489261164812162,0.48154921192852757,0.491083153998926,-0.02055302606664813,-0.018547150242396764
1297,sp500,27,schur,0.0003495864797306535,0.00034780558837890633,0.007908297315100406,0.007441797443711807,0.7017330155089814,0.741923250458779,-0.020178330462082134,-0.01835362758091518
1298,reit,13,hrp,0.0008057734669345483,0.0008432014226928029,0.0062246884492049275,0.006288284155629648,2.054923285520043,2.1286263925434494,-0.012151855890622967,-0.012270768542869232
1298,reit,13,schur,0.0007228177578790466,0.0007253002265618814,0.006241475191229534,0.006274786735494137,1.8384077212289853,1.8349283628908142,-0.012335244890760719,-0.012224734233876969
1299,sp500,15,hrp,-1.96984367385912e-05,-7.471666259765607e-05,0.0074864414169502165,0.007133317653050949,-0.041769242761227746,-0.16627469935387212,-0.015324005990751332,-0.014277121651785712
1299,sp500,15,schur,-5.401327300508577e-05,-9.463505468749999e-05,0.0074213405482956366,0.007104479374466193,-0.11553628642004413,-0.21145601822309615,-0.015079622720162162,-0.01391053915841239
1300,sp500,20,hrp,0.0012135151762347762,0.0012481939116210938,0.00782590863803225,0.007566228232970753,2.4615616028918224,2.6188033797952555,-0.01599577228490431,-0.015448749145507812
1300,sp500,20,schur,0.0012389839971578157,0.0012920716494140628,0.008003398480745305,0.0077440157335249785,2.457488685153966,2.6486260188967257,-0.01610459763169508,-0.015545716727120535
1301,sp500,27,hrp,-0.0004476970728142633,-0.0004247502734375,0.010498750253974174,0.010152278661825978,-0.6769349238932931,-0.66415646984626,-0.026164268645142947,-0.02566702493722098
1301,sp500,27,schur,-0.0004926276091566136,-0.0004994126469726564,0.010849930185199417,0.010552034593124943,-0.7207623204270986,-0.751317665135993,-0.027072482447092476,-0.026747632742745536
1302,reit,19,hrp,0.0006032167440334344,0.0006243987424033097,0.010004355033717374,0.009772743868068475,0.9571600484011726,1.0142517681682455,-0.02528258438349274,-0.02441265287301378
1302,reit,19,schur,0.0005440147425261208,0.0005452676668444973,0.009980713095547818,0.009700133019815663,0.8652654601918192,0.8923440378526115,-0.025306814980417622,-0.02445485451443192
1303,sp500,23,hrp,-0.0007082103888984337,-0.0004211805151367187,0.012752802219756977,0.0122644277501227,-0.8815702773315501,-0.545156572889437,-0.02977534275014198,-0.029334024082728793
1303,sp500,23,schur,-0.0006772599181963103,-0.00039001409863281263,0.012382958482234113,0.01177752584788991,-0.8682228818275585,-0.5256861208976142,-0.02873310787161924,-0.028041627833775118
1304,sp500,36,hrp,0.0005473805979082374,0.0005778789672851559,0.008019055477674923,0.007290616850774823,1.0835936515956954,1.25826722206821,-0.020172001367770982,-0.017847793029785154
1304,sp500,36,schur,0.0006273574580630518,0.0006453885097656248,0.008326851272928178,0.007523506973219903,1.196009220848817,1.3617618766911042,-0.021005919681594133,-0.018687039481026787
1305,sp500,25,hrp,-0.0001395683971480932,-0.0001528158964843751,0.01068111806267265,0.010882989860663316,-0.20742955984816816,-0.2229053947407078,-0.024779977186370077,-0.02502879759870257
1305,sp500,25,schur,-0.00018992243584346356,-0.0002156117011718752,0.010977584322696422,0.011271392284595318,-0.27464377527641626,-0.3036652047871672,-0.025308228428298187,-0.025663745771135598
1306,sp500,36,hrp,-5.480256250615212e-05,-1.1337942382812212e-05,0.011890314383304857,0.01183945651689066,-0.07316574495487012,-0.015202070744364674,-0.02799637438267068,-0.027847311593191964
1306,sp500,36,schur,-5.805461568775835e-05,3.835477539062502e-05,0.012102524184742794,0.011962858570902847,-0.07614844964137632,0.050896128215787546,-0.028254033871490787,-0.027803765189034598
1307,reit,21,hrp,0.0010006728749769479,0.0010019324199891566,0.01783656481328854,0.01600417014192311,0.8905969053899586,0.9938149833238,-0.0352492909371576,-0.03313409085812149
1307,reit,21,schur,0.0010234101485975344,0.0010613419210844727,0.017702178574964315,0.01615883114030737,0.9177476312112706,1.0426670424914068,-0.03454745485347595,-0.032290979718764615
1308,sp500,34,hrp,1.0876428061263179e-05,5.925389746093743e-05,0.008996545079994343,0.008710147566284675,0.019191583133469848,0.10799202357934305,-0.02492110743891433,-0.023951133065359936
1308,sp500,34,schur,-7.367033386256276e-05,-2.8671738281249683e-05,0.009163562669698306,0.008866106339664975,-0.12762288386893877,-0.051335921029106654,-0.02529812138361547,-0.024363260001046317
1309,reit,21,hrp,0.000580479379943289,0.0010323897048098757,0.007458573511302272,0.007113263123996378,1.2354674079731085,2.303960672408585,-0.016207124824539457,-0.01428374894881738
1309,reit,21,schur,0.0006109515851028481,0.0010600773698557762,0.007304386461666168,0.007109007096548344,1.3277714418035886,2.3671669360022984,-0.015823625841506657,-0.014644086980124262
1310,sp500,12,hrp,0.0006958059339776294,0.0006884780424804685,0.009002716157910644,0.009041178551998113,1.2269160305250004,1.2088302468903147,-0.021881583248771513,-0.02189757351248605
1310,sp500,12,schur,0.0007851185744574679,0.0007785550083007809,0.009090016481426664,0.00907941314744747,1.371105433278152,1.3612308860689688,-0.02168949976061651,-0.021627313249860492
1311,reit,12,hrp,0.0009596970773513328,0.0010389530075846911,0.010945865481237401,0.010980012035601444,1.3918240480734123,1.502081021244232,-0.021254355611798524,-0.020842997047201547
1311,reit,12,schur,0.000974974988994469,0.0010923465545707284,0.010978535448973542,0.011008306098466864,1.4097734806486306,1.5752163700979736,-0.02117164384919783,-0.020583101286251047
1312,reit,23,hrp,0.0013966023349539288,0.0016460543730012192,0.007014781958828886,0.0069982456279009,3.1605222917210507,3.7338362329741726,-0.0141054490241344,-0.013850084670262221
1312,reit,23,schur,0.0012696239139968642,0.0014611230228495419,0.00716708725005987,0.007070145909797971,2.812112383580736,3.2806407697811975,-0.014434613804794829,-0.014090875070407474
1313,reit,22,hrp,0.0009683081593195567,0.0008604128505696396,0.007444809849720954,0.007308717449838358,2.064715661311577,1.8688135994381279,-0.014395335424564356,-0.014029139506609046
1313,reit,22,schur,0.0010971526496290655,0.0010628659158860645,0.008605993871635811,0.009372807421200202,2.023793954184398,1.8001515004442488,-0.016217510553128218,-0.017530476389591744
1314,reit,16,hrp,0.00012414345591952225,0.00042504613550477634,0.006622052347031471,0.006213691537790313,0.29759901678192296,1.085892046718444,-0.014321070394605524,-0.013283738663914916
1314,reit,16,schur,-1.0538513893205814e-05,0.0002014383053665,0.006785702535371502,0.006373833683519021,-0.024653854309953357,0.5016971138422924,-0.014586588829494507,-0.013544791989263836
1315,reit,23,hrp,0.0005638734154228795,0.0005041434795195394,0.009387623383460471,0.008710071488043834,0.9535121513873207,0.9188247929315548,-0.017198793430594012,-0.01651485404662246
1315,reit,23,schur,0.0006032131153358191,0.0005575313565068375,0.009536167399360355,0.008892122696922035,1.0041467335345744,0.9953231873070173,-0.01721398762964526,-0.016629641248420562
1316,reit,24,hrp,-0.0001843189060141281,-0.0001290566174551502,0.010149682489050346,0.00967131911822562,-0.2882821139086678,-0.21183359415163452,-0.023109633326629676,-0.021761653210870736
1316,reit,24,schur,-0.00015626657393340878,-0.0001408383387485281,0.010467742924381811,0.010085375437596274,-0.23698088261045325,-0.22168131768482027,-0.02374926732374873,-0.022789265401588425
1317,sp500,30,hrp,0.002001596662246793,0.0017122010019531252,0.008256351346006878,0.007865840353718644,3.848475025901023,3.455491982047637,-0.014888335336998888,-0.014046992701939173
1317,sp500,30,schur,0.001841766034552522,0.0016117469199218753,0.008141347529241706,0.0078068104318345394,3.5911904385038067,3.277354994376784,-0.015095704365955781,-0.013889927621023996
1318,sp500,15,hrp,-0.0007816931075178399,-0.0006830316181640628,0.009044375768277255,0.00899310623653185,-1.3720121434932928,-1.2056780505373301,-0.02191860971076031,-0.021491839364188057
1318,sp500,15,schur,-0.0008648086613564425,-0.0007716414990234375,0.009106024667940074,0.009158416471005258,-1.507618571027714,-1.3375051336723167,-0.022467264008053038,-0.022368210989815847
1319,sp500,25,hrp,0.001683204269768551,0.001880698938964844,0.013746218611512965,0.013879221899485575,1.9438101616395762,2.151069441580921,-0.03206435633390234,-0.03417410372488839
1319,sp500,25,schur,0.0016030250630364807,0.001710365258300781,0.01370982323836907,0.012915544886962246,1.8561314417220904,2.1022114811973465,-0.03153568371987986,-0.03242633368791852
1320,reit,16,hrp,0.0009127535771407162,0.0008149349069024596,0.0097023073109647,0.009123263409040794,1.4934090805409643,1.417989376191544,-0.022364311607695753,-0.02094701189328244
1320,reit,16,schur,0.0009140010402167041,0.0008416187027296125,0.009794796252873468,0.009072667237612386,1.4813290984536729,1.4725859956146787,-0.022495234650503744,-0.020808410067862017
1321,sp500,29,hrp,-0.0016697155911424174,-0.0016562592846679682,0.03291437379299822,0.032147803299517975,-0.8052990299289473,-0.8178568469601559,-0.09874170748286255,-0.09764734803989954
1321,sp500,29,schur,-0.0017139345411632209,-0.0018373024135742181,0.03370842277980303,0.033529992486795925,-0.8071533792578076,-0.8698561930397806,-0.10137868319723234,-0.10280447893415177
1322,reit,15,hrp,-0.00025603551461344913,-0.0006831410078785005,0.02181128386321962,0.020831223666805655,-0.18634564642293452,-0.520590027589201,-0.040703903655671836,-0.03835777685433792
1322,reit,15,schur,-0.00027944013854879526,-0.0006069251414942769,0.021862379300496594,0.02110387629636056,-0.20290447881290372,-0.4565340413135761,-0.040645354293436596,-0.03824341315528116
1323,sp500,18,hrp,0.0006503260454291346,0.00056977912890625,0.007642468996070545,0.007673906858241936,1.3508207791473528,1.1786647181169823,-0.020229472846505007,-0.020258657427106586
1323,sp500,18,schur,0.0006452453660063105,0.00060243829296875,0.007768689572936699,0.007860133754660567,1.31849168926765,1.2166983055568237,-0.02016106924112978,-0.020165821794782362
1324,sp500,12,hrp,0.0007855660769115876,0.0008263146196289062,0.005018695955950082,0.004950079756182269,2.4848038169587485,2.649924561928029,-0.008476321689071734,-0.008186244393484933
1324,sp500,12,schur,0.0007242955879961895,0.0007742857958984376,0.005117248834280534,0.005069975598712139,2.24687842658952,2.4243520937150307,-0.00878536830923263,-0.008862875488281251
1325,sp500,22,hrp,-0.00010591133573099052,-0.00017446280419921868,0.006171799266572411,0.006148426596154431,-0.27241494085969314,-0.45044225776147895,-0.015345275662680596,-0.01497581501988002
1325,sp500,22,schur,-7.602882046645663e-05,-0.0001427060659179687,0.0063406012600893645,0.006268638022013643,-0.19034789589495835,-0.3613844918211299,-0.01610804092323777,-0.01543557422746931
1326,sp500,37,hrp,-0.0011607218128937649,-0.001070521426269531,0.033427861406853804,0.03279614836184802,-0.5512134720557317,-0.5181706282991853,-0.08874185257351988,-0.08732279720633371
1326,sp500,37,schur,-0.0009274040335751719,-0.0008776410927734369,0.031953350927978845,0.031780837122465606,-0.4607367364847398,-0.43838116590227844,-0.0859011265420495,-0.08560445359584265
1327,reit,24,hrp,-0.0007357667179478708,-0.0007321234853571621,0.010386198548147832,0.010123041600914063,-1.124562995569972,-1.1480837959235408,-0.02475433247534459,-0.02446958417247438
1327,reit,24,schur,-0.0007165125948792057,-0.0007133785104784442,0.010400627942323576,0.010131449348728887,-1.0936152015870115,-1.117760390098845,-0.02470787969638828,-0.02446194767973085
1328,sp500,25,hrp,0.00045744049391073527,0.00031928299609374996,0.0090632099836178,0.009759149267303563,0.8012219436729314,0.5193547402820312,-0.017824513204702064,-0.020185517063685824
1328,sp500,25,schur,0.0005344367625005565,0.00037582338867187513,0.008636703698175204,0.009200871389418431,0.9823100209162312,0.6484180777383092,-0.017271116561078385,-0.01950419025530134
1329,reit,16,hrp,0.0012485226831822525,0.001125896175304108,0.006896634307145714,0.0066958888567567425,2.873819644896128,2.669256923756318,-0.016055364044728203,-0.015702585537972054
1329,reit,16,schur,0.001258060689767206,0.001153312501403921,0.006954102463321666,0.006763521867962836,2.8718435515491594,2.7069134591937183,-0.016188523926255177,-0.01595653138607747
1330,sp500,28,hrp,0.0006510245601929644,0.0006729346816406249,0.004595500412886059,0.004495391569509251,2.248872499938331,2.376324004726306,-0.009189759943051464,-0.008750010367257255
1330,sp500,28,schur,0.0006138155533210744,0.0006494359946289061,0.004623023447167396,0.004540347438518279,2.1077158576119146,2.2706361011033636,-0.009119084810761338,-0.008777921465192521
1331,sp500,14,hrp,0.0008583863272614434,0.0008698980620117188,0.009287447435415496,0.008981805235468045,1.4671911307459995,1.537464158522327,-0.022288944087759294,-0.02175608534458705
1331,sp500,14,schur,0.0008065777945554702,0.0008053643608398437,0.009117073303266896,0.008805040765047784,1.4044008552543168,1.4519822477381676,-0.021766988969714015,-0.021085981262207034
1332,sp500,24,hrp,0.001783800139089215,0.001655745299804687,0.01463056692533839,0.013014010332366734,1.9354649402541861,2.019680414815197,-0.03094020138311362,-0.027938323887416294
1332,sp500,24,schur,0.0017179666749702156,0.0016120989648437498,0.0151615912215806,0.013016774426214005,1.7987475784987719,1.966022983948311,-0.031870160033026916,-0.027877825465611048
1333,sp500,19,hrp,-0.0009276146075219115,-0.0007474446328124993,0.028790667117149307,0.027867762811682052,-0.5114652371257943,-0.4257720931332629,-0.07755850676926036,-0.07529996038818361
1333,sp500,19,schur,-0.0009784232800900924,-0.0008361841625976554,0.028775360409269576,0.02798805286562033,-0.5397669337772556,-0.47427422445705586,-0.07691189562601954,-0.07505374516950336
1334,reit,14,hrp,0.0008508849829407961,0.0008938343342177593,0.005843868198357837,0.0057631546661075,2.311376625311357,2.462050906464849,-0.012365506553494535,-0.012229891011528661
1334,reit,14,schur,0.0008593767926221167,0.0009044163264251775,0.005822971933676264,0.005770041315905147,2.3428214681532666,2.488225526002771,-0.012206345505682238,-0.012142200532070093
1335,sp500,15,hrp,-0.004325893202956286,-0.004292875850097656,0.024846004501912204,0.024733841281016147,-2.763882042853082,-2.7552247415812903,-0.082967057340542,-0.08306996577671596
1335,sp500,15,schur,-0.004434654046809783,-0.004413083422363282,0.025227855491264283,0.02522615231383975,-2.7904849294529277,-2.77709920370599,-0.08498573155692155,-0.08542929922049385
1336,sp500,26,hrp,-0.0016344469183218733,-0.00160071267578125,0.015053136082520215,0.014650545597335212,-1.7236302335844917,-1.7344422973665656,-0.03657462430638309,-0.035730371477399554
1336,sp500,26,schur,-0.0016457213170243286,-0.001606997931640625,0.014735730994348554,0.014289157308140057,-1.772902613586244,-1.7852908157547716,-0.03576748691798526,-0.03491909520612444
1337,sp500,23,hrp,-0.0005633670559473947,-0.0005431368793945312,0.013452324677695327,0.012838468519782919,-0.6648051526832957,-0.6715778171818468,-0.031715025160457634,-0.031009136082240513
1337,sp500,23,schur,-0.0005254593556211524,-0.0005244544565429688,0.013320509375723738,0.012749216804102442,-0.6262079353719687,-0.6530170851965117,-0.031159939145135904,-0.030398675423758372
1338,reit,17,hrp,0.00023820901658452634,0.00023004721747818508,0.00916513950885277,0.009093073490885246,0.41259065439897935,0.4016118826223728,-0.019673456257565145,-0.020054075310210907
1338,reit,17,schur,0.00038295093563189565,0.00043712449645326223,0.009355605079305425,0.009350378562922163,0.6497877570287869,0.7421235633233442,-0.019532586973897755,-0.019734778552268403
1339,sp500,25,hrp,0.00010555426449751331,8.620217724609374e-05,0.007455161610575157,0.007165258371555246,0.22475998370305675,0.1909794552873644,-0.014364106276381529,-0.014198694335937496
1339,sp500,25,schur,0.00012544431666044654,0.00010493585791015638,0.00732397017767115,0.007076021900929556,0.27189717370655325,0.23541548135147394,-0.014221360213196073,-0.01414698650251116
1340,sp500,24,hrp,0.00014771764990315967,-2.3520923828124888e-05,0.006729064139398507,0.006763964576083933,0.34848010760699893,-0.05520181043739954,-0.015568467621130178,-0.015845390520368305
1340,sp500,24,schur,0.00022688145543929786,8.686172949218746e-05,0.006739233508819666,0.006742114169703834,0.5344274603922118,0.20451851947388902,-0.015438125773782995,-0.015621870744977678
1341,reit,16,hrp,0.0003544692026872757,0.00030492372350812436,0.011849092848991421,0.011898781862833168,0.47489071257722854,0.4068075289788821,-0.033550649796251886,-0.03425904046083072
1341,reit,16,schur,0.0004822252781484523,0.0003751739697238602,0.01176623337100579,0.01172754463739209,0.6505980911616206,0.5078387947171915,-0.03284343820669878,-0.03349695274395279
1342,reit,23,hrp,0.0006943573137059974,0.0006960242600424225,0.007287544244454184,0.0072764755487115486,1.5125233231891189,1.518460759920573,-0.016061235441551542,-0.016550745504886423
1342,reit,23,schur,0.0006781756482641945,0.0006298696863949662,0.007346937971231171,0.007211457190921329,1.4653321840089464,1.3865257779057134,-0.016280345511076495,-0.016061187801367192
1343,reit,25,hrp,-0.0011820442843199393,-0.0010175152664596476,0.040777300196785105,0.043154858149322246,-0.46016708313942517,-0.37429283270246994,-0.10417271516593772,-0.10958948624752793
1343,reit,25,schur,-0.0011376253898496844,-0.0007772047849668992,0.043958859492697545,0.04827576909223734,-0.41082146826787025,-0.2555680355744963,-0.11180454039742363,-0.12058333443838891
1344,sp500,35,hrp,0.0001044693302272767,0.00018102242138671868,0.006332570746727874,0.006332903610948829,0.26188403901307533,0.4537637123242813,-0.01736329900616271,-0.017248358904157365
1344,sp500,35,schur,0.0001110381414138113,0.0001988726547851562,0.006469002517707864,0.006517316594249105,0.2724803158628483,0.48440266436988577,-0.017430558358456884,-0.017439047215053016
1345,sp500,12,hrp,0.001792214042191911,0.0018073258295898433,0.009439570290249003,0.009179313796083981,3.013963033933319,3.125550420902821,-0.020786489590972613,-0.019887472569056923
1345,sp500,12,schur,0.0017612709471227428,0.0017659348735351561,0.009521727621862994,0.009246318178480746,2.9363693874987558,3.0318388898518376,-0.021110776831434176,-0.020251563581194197
1346,reit,19,hrp,0.00014098033349414912,-0.00011175898400398059,0.008955489625550012,0.009022019975472124,0.24990184865758924,-0.1966431991431974,-0.020956032297477667,-0.021911561029368445
1346,reit,19,schur,7.110044006203483e-05,-3.861507228842637e-05,0.008924554638449279,0.00892350936917083,0.1264695596355839,-0.06869441645027459,-0.021049714057060354,-0.021275412939200045
1347,sp500,13,hrp,-0.0015103351130024303,-0.001413370029296875,0.017216922173736885,0.01607297317623423,-1.3925733293266387,-1.395918067067063,-0.041227148124359805,-0.03843224611990792
1347,sp500,13,schur,-0.001447952835573697,-0.001349044791015625,0.017367831107696116,0.016108374516070202,-1.3234547558611014,-1.3294589175166003,-0.04136724082806883,-0.03823290508161272
1348,reit,25,hrp,-0.000384850315305603,-0.00021029516109866283,0.017569678103458688,0.01670616506067128,-0.3477189121921289,-0.19982636212441562,-0.03926157399700725,-0.03817930855680169
1348,reit,25,schur,-0.00039180646126040966,1.8227135600402587e-05,0.017469578378081798,0.01658099548919072,-0.35603233328077505,0.01745050878633498,-0.03862653639019325,-0.03637609177502665
1349,reit,19,hrp,0.0005117895404288754,0.0004954990845602279,0.00965672271143979,0.009995408137532958,0.8413213600768,0.7869417643990857,-0.017428237960653296,-0.018919229707068635
1349,reit,19,schur,0.0004709156076008898,0.0004376882063914309,0.009614674384212556,0.00984519296091068,0.777514996195812,0.7057337426470438,-0.01757589801247539,-0.018901705402548274
1350,reit,18,hrp,-0.002977596769937255,-0.003044020499413896,0.060260026606966034,0.055241659564917486,-0.7843986471428964,-0.874744309710765,-0.13257996749629072,-0.11854117465283935
1350,reit,18,schur,-0.0031840204011078076,-0.00319587691252975,0.06027907460546092,0.05567615882090311,-0.8385124893663392,-0.9112153974406836,-0.13365479075187886,-0.12167787092168421
1351,sp500,17,hrp,0.000623840659070289,0.0006845935532226559,0.010702310955516723,0.010402007561222847,0.925329444355091,1.044758493199333,-0.02209837484042996,-0.021922251360212055
1351,sp500,17,schur,0.0005608620465952227,0.000568473801269531,0.010301829489649942,0.01009661152135279,0.8642551286234323,0.8937891500533133,-0.02076439761173915,-0.020700308340890063
1352,reit,17,hrp,0.00019621843723667982,0.0002994251996029529,0.022485353454363994,0.020810318709236542,0.13852889311995248,0.22840725088857208,-0.04731122700954993,-0.044866498591313184
1352,reit,17,schur,0.00010427161599890575,0.0001896721872205596,0.022794572186469967,0.021069496888062964,0.07261643582844136,0.1429057677107409,-0.04745460299572663,-0.04423800972755543
1353,sp500,18,hrp,0.0008765235003486869,0.0007194748349609376,0.028962915465830137,0.028540671816959354,0.4804205301008001,0.4001765971209041,-0.07212876286153207,-0.07131456508963449
1353,sp500,18,schur,0.0011363821938682017,0.001087840189453125,0.029286085395069085,0.0288690449898978,0.6159753969310225,0.5981814656802502,-0.07282851603830043,-0.07315019601876395
1354,reit,16,hrp,0.0007118124782885762,0.0005827567616901816,0.009459189114116633,0.009845657868038626,1.1945709774552977,0.9395996612549594,-0.021420098373749242,-0.022691739568849102
1354,reit,16,schur,0.0006394533524952878,0.0004796401625342619,0.009281158152885842,0.009705433129415093,1.0937220449387584,0.784514346928936,-0.020913879832458203,-0.021804047006600647
1355,sp500,33,hrp,0.0003090421243113921,0.0002260355820312498,0.0050439471245831554,0.005152003726341688,0.9726294729609694,0.696467591180579,-0.0120420110964799,-0.01264131263950893
1355,sp500,33,schur,0.00028980229894868994,0.0001933959990234377,0.005321830026915353,0.0053909788949565865,0.8644524254046316,0.5694821604101574,-0.012735703273106776,-0.013079032182965961
1356,reit,25,hrp,0.000948539118181323,0.001367348829901196,0.010282781224191401,0.00988048745453463,1.4643500979794295,2.1968541386488396,-0.02182665496811,-0.020268324720990136
1356,reit,25,schur,0.0008054876159310488,0.0011507628397598526,0.010492491485063945,0.010131949246196455,1.2186542646784198,1.802989070338267,-0.02252533370771365,-0.02155867025695605
1357,reit,22,hrp,0.0023328794259898184,0.002352439754693118,0.009836790498682172,0.009840066899352014,3.764776001295378,3.795078201504691,-0.017565333056474605,-0.017173142466697676
1357,reit,22,schur,0.0026836956942429212,0.0031303269917654485,0.009955264943524488,0.010856830345317103,4.279378665553327,4.577063366987197,-0.016584972245699877,-0.017229683712673912
1358,sp500,35,hrp,-0.00014902163382312205,-0.0002925260405273437,0.00752084764277045,0.007590052235743966,-0.31454501018393766,-0.6118148844359501,-0.01604050669421846,-0.018284280526297433
1358,sp500,35,schur,0.0002249666727750283,0.0004715588164062498,0.010633671354171396,0.013226661524386937,0.3358421656732215,0.5659602104963052,-0.02005385190689058,-0.024275257786342076
1359,reit,22,hrp,-0.0004162884851686842,-0.0006097243440500914,0.0114435814973578,0.009874280393839334,-0.5774743539880967,-0.9802308127678891,-0.02671443691630699,-0.02270975723259717
1359,reit,22,schur,-0.0006874917466547955,-0.0013264679938956672,0.012406827823101305,0.016616683269778026,-0.8796441198311092,-1.2672219998262844,-0.02779701693567643,-0.033533174979179035
1360,reit,14,hrp,0.0006758868462165365,0.0005809450900011323,0.02076935407469188,0.01862761312057081,0.5165962801956542,0.4950831510977611,-0.041275297679760625,-0.036771213576671805
1360,reit,14,schur,0.0007300424701162492,0.000671917818511102,0.02122787085207801,0.01929451982321448,0.5459362842092536,0.5528183542918262,-0.04239872241948165,-0.038277265765442874
1361,sp500,35,hrp,-0.0007889945347994843,-0.0007124165302734377,0.012227200119849088,0.01183490404636374,-1.0243473425186551,-0.955585425083777,-0.03076727653731518,-0.02980760964529855
1361,sp500,35,schur,-0.0008773246233309631,-0.000795824917480469,0.01256349796686572,0.012258020561317026,-1.1085365454090432,-1.0306173700408259,-0.03135531164535725,-0.030555674386160716
1362,sp500,13,hrp,0.001063721893971228,0.001053528727050781,0.005764834472768537,0.005770289124659032,2.9291494236755526,2.8983383161101344,-0.011979100062790122,-0.01216446275111607
1362,sp500,13,schur,0.0011156870053290427,0.0011069839038085937,0.0058680058868668394,0.0058789356619398945,3.0182284210316026,2.9891166870119044,-0.01235890528638251,-0.0124855441632952
1363,sp500,25,hrp,0.0009385864288376768,0.0008546510605468751,0.004634024970960096,0.004515943997255667,3.215260543747423,3.004281052181465,-0.009523692839959191,-0.00918661874825614
1363,sp500,25,schur,0.000989754998365561,0.000919421986328125,0.0046898020416626515,0.0045627699321339876,3.350221047236407,3.198796295141993,-0.009656343114497392,-0.009406114519391742
1364,reit,24,hrp,0.0009374838873376837,0.0007837971290037121,0.008367153801972298,0.007884483691210266,1.7786329373610463,1.578086045620509,-0.01925195231715543,-0.017738116765185746
1364,reit,24,schur,0.000989397240543081,0.0008698488702391894,0.008481493635163248,0.00804390519945191,1.851819379179545,1.7166317094489376,-0.019603005399015265,-0.018324210162115964
1365,reit,15,hrp,0.0023977488846027915,0.002245428999739592,0.015390744972495122,0.013408275024097844,2.473115083010712,2.6584389308630842,-0.02625653870694915,-0.024635787851223005
1365,reit,15,schur,0.002246320425854254,0.0020185313992453517,0.014453693607861773,0.012414679137122539,2.4671362378440285,2.58107295580879,-0.025884911533050153,-0.024215861800395727
1366,reit,12,hrp,0.0018820468112485348,0.0018492769268769343,0.009713218753988756,0.009574939613365304,3.0758667818333216,3.0659578345391774,-0.021238081341651012,-0.02165617252930372
1366,reit,12,schur,0.0016672695721206628,0.001561296646497716,0.00963198427444082,0.009801613804711075,2.7478329681507487,2.528646444392641,-0.021726019867084313,-0.02253079676999509
1367,sp500,40,hrp,0.00024959072084918785,0.0002285792226562499,0.006268335952210898,0.00648255561872091,0.6320863928967132,0.559745705485417,-0.01510462792646422,-0.015606812473842074
1367,sp500,40,schur,0.00022263303130445382,0.00020409733740234376,0.006137339339159556,0.006401273952451883,0.575850480388172,0.5061406232834733,-0.014525959493039227,-0.015395514779227118
1368,sp500,28,hrp,-0.000684294642005587,-0.00040333435009765625,0.033933204377276864,0.03276288694269826,-0.32012422277215785,-0.1954264385982782,-0.08990340709138936,-0.08823711353410994
1368,sp500,28,schur,-0.0004923721313384907,-0.0002846646406250009,0.03157252813847668,0.03052809708688614,-0.2475622236471301,-0.1480246562379132,-0.08283005282869448,-0.08091834953962053
1369,reit,14,hrp,0.0009458112747431917,0.001099491472095479,0.01237994030507936,0.012782427298385924,1.212791673548589,1.3654594401651443,-0.02746601216819131,-0.027444258591629106
1369,reit,14,schur,0.0008561903198170155,0.000925441829235393,0.012022993622195279,0.012103520374120913,1.1304672026082625,1.2137736083373458,-0.026852449258535863,-0.02622865158563094
1370,sp500,22,hrp,0.0013679934347890401,0.0013440183813476564,0.00929183916751099,0.009352919690201838,2.3371285436855307,2.281173267169623,-0.020749310164660355,-0.021573113542829238
1370,sp500,22,schur,0.0011336712393678929,0.0011442651796875003,0.009055073943385528,0.009146455582865847,1.9874462781597537,1.985976582033658,-0.019826081211551116,-0.020233492658342633
1371,sp500,30,hrp,0.0005275580142353728,0.0005336969829101564,0.010892261337690405,0.01038920758134644,0.7688691619963456,0.8154786481200121,-0.02455629502374445,-0.023697274326869418
1371,sp500,30,schur,0.0005750196771219891,0.0005817404785156247,0.011122282257801942,0.010527246821835562,0.8207087516950506,0.8772325716955237,-0.02494638337009719,-0.023879311767578126
1372,sp500,24,hrp,0.001105134517059255,0.0012417618227539063,0.0054187147722770685,0.005605043986152289,3.2375696676688848,3.516896187110678,-0.010648896934144432,-0.010473900643484932
1372,sp500,24,schur,0.001060081465145616,0.0010932234658203122,0.005245273453029999,0.00526133672879167,3.20827345002283,3.2984743996550177,-0.010666657577936275,-0.010737280665806362
1373,reit,23,hrp,0.0006583023553230935,0.0009202344457271549,0.0076927769577604084,0.0080089115583145,1.3584464979835138,1.8240017811722293,-0.016773318479480544,-0.015941993281801438
1373,reit,23,schur,0.0007030293037061679,0.000985266904652313,0.007599966283913404,0.007912847267859324,1.4684597003551239,1.976611793320476,-0.016490118832406312,-0.015625550391269456
1374,sp500,40,hrp,1.9737102691485853e-05,1.6128433105468805e-05,0.006863832065121585,0.0069905224711145734,0.045647502585006924,0.036625436691350495,-0.016768509534523045,-0.0170697199445452
1374,sp500,40,schur,2.7505002488980933e-05,-1.3565205078125073e-05,0.006627195877560791,0.006735779312244188,0.06588433274693586,-0.031969716455884103,-0.016253003586210714,-0.016711538949148997
1375,sp500,12,hrp,0.0004993955505588198,0.0005268283569335939,0.006798677879998698,0.0065882702085984565,1.1660588625779165,1.2693985874264073,-0.014450069852959066,-0.014019209359305245
1375,sp500,12,schur,0.0005151560720712638,0.0005402291025390627,0.00672882410317268,0.006543190800295583,1.2153459494737993,1.310655825216105,-0.014131307468331897,-0.013719580313546318
1376,reit,15,hrp,-0.0006086317529370452,-0.0005805359331641698,0.009402690343303566,0.009207550830431037,-1.0275494775400407,-1.0008874680634077,-0.023440087583817302,-0.023112808126595403
1376,reit,15,schur,-0.0006060056836554908,-0.0005616230926210355,0.009351934365687995,0.009111194197780512,-1.0286686813757306,-0.9785204889968587,-0.02341065584408285,-0.022980719101978513
1377,sp500,22,hrp,-0.00023495920699827838,-0.0004199581904296871,0.029603865058040694,0.029701189072001918,-0.12599239229275175,-0.2244566566465954,-0.07507450702923786,-0.07564758351353237
1377,sp500,22,schur,-0.000279883887130973,-0.0004658166049804695,0.030034414188957012,0.030210889374160502,-0.14793093482640168,-0.24476635786767148,-0.07608897121058787,-0.07668940388706753
1378,sp500,21,hrp,0.0010351747857107738,0.0010127497338867188,0.004650221630351771,0.004546522878994254,3.5337864697878145,3.5360876971596844,-0.009630698803427465,-0.009190765895298547
1378,sp500,21,schur,0.001077370024304872,0.001059855782714844,0.004615080189363653,0.004491071250726826,3.7058335335655403,3.7462529585163558,-0.009976079833884488,-0.009541002423967633
1379,reit,19,hrp,-0.0033095757237607626,-0.003731945272402886,0.04914075821368345,0.0461647026814707,-1.0691305500983517,-1.2832920205823382,-0.10180465815672446,-0.0967113546415259
1379,reit,19,schur,-0.00282371338759268,-0.002780330946512631,0.04909389185830556,0.04570825476886066,-0.9130476050490678,-0.9656108224819813,-0.10292821580157116,-0.09550183055877255
1380,reit,12,hrp,0.0012648254505533785,0.001181832176780221,0.011298975359817042,0.011603173359013194,1.7770179087054754,1.616885623145002,-0.022176070386414004,-0.020825869850613042
1380,reit,12,schur,0.0013873082374556611,0.0013065468272536514,0.011278806185914876,0.011725011907663594,1.9525856873129483,1.7689353367296263,-0.022482639409944473,-0.02131115369127157
1381,reit,22,hrp,7.386943416945485e-06,-2.551064977930931e-05,0.01268687213257119,0.012569863931201868,0.009242947367602687,-0.03221745380974718,-0.02864934002213274,-0.02760866966166875
1381,reit,22,schur,4.265492016856382e-05,4.7233704776954624e-05,0.012677213966805248,0.01253825212771161,0.05341282931163146,0.05980194132347882,-0.02854354856153408,-0.02759398617460552
1382,sp500,27,hrp,3.5518360334294425e-06,8.344559863281264e-05,0.011132201014035089,0.01071339854650469,0.005064914744326652,0.12364496720269776,-0.025822231353763648,-0.025030765624999996
1382,sp500,27,schur,-4.9827583396447974e-05,3.1505137695312574e-05,0.011348572335672038,0.010901979277628036,-0.0696993719733077,0.04587502355670191,-0.026261204213446444,-0.02544576742989676
1383,reit,20,hrp,0.0015646883283611677,0.0014456730870288281,0.017457636044164972,0.016598172521940603,1.4227961399914846,1.382643104951938,-0.0351310986530212,-0.033124587860655585
1383,reit,20,schur,0.001523455902644225,0.0011909816054392005,0.01814051558069304,0.016488122560218126,1.3331546505965601,1.1466585595308274,-0.0368080756394865,-0.03356644277710841
1384,reit,18,hrp,-0.000698374852060075,-0.0002565352341095538,0.01737245670589938,0.016167232657340762,-0.6381571282863043,-0.2518903932534561,-0.03636967297477789,-0.03347822270746207
1384,reit,18,schur,-0.000854742339670999,-0.0005674145143388022,0.01736548899704442,0.016401178602723866,-0.7813551347244598,-0.5491938347575736,-0.03636512056769097,-0.03379688359490075
1385,reit,18,hrp,0.0013725331245396037,0.0012745873241665222,0.005378328783644306,0.005200371725163603,4.05112605771525,3.89076927058378,-0.009516063395272953,-0.0092591200583545
1385,reit,18,schur,0.0007748419507579542,0.000543620989777633,0.010959437920358446,0.012590393021010109,1.1223417416020105,0.6854206746491277,-0.018216155202365535,-0.021595794673148355
1386,reit,25,hrp,-1.51486018315884e-05,0.00018274986972104912,0.009458843756384075,0.008915911839207424,-0.02542346666610467,0.32538054399671834,-0.020752658084086436,-0.018914427616155353
1386,reit,25,schur,-0.0001423643137148901,6.341032732032875e-05,0.009287448754577482,0.008846637010887119,-0.24333522344831507,0.11378422542012127,-0.020479086388887124,-0.0187029776462527
1387,reit,18,hrp,1.3257033535348749e-05,0.0003219313495680686,0.006306798291592258,0.005777992673420942,0.03336857679789943,0.8844770199629413,-0.01274869030993885,-0.010629595443111515
1387,reit,18,schur,-6.698068842280194e-05,0.0002016212376443119,0.006520729338417058,0.005937041540876465,-0.16306235239660183,0.5390964339695226,-0.013325238070293047,-0.011364493608531976
1388,reit,23,hrp,-4.023845096566514e-05,0.00012137474667417572,0.014911814647177977,0.012930263012972532,-0.04283620883837806,0.1490120014517056,-0.029573382323866002,-0.025357760787455195
1388,reit,23,schur,-5.0856999232133135e-05,0.00011506349631214125,0.013930665268987636,0.011864599211113679,-0.0579534299893513,0.15395179768315898,-0.028516223191549332,-0.02436661011899473
1389,sp500,23,hrp,0.0005450133770762616,0.0006091863393554687,0.007583879968483806,0.00733531058017271,1.140816993100862,1.3183536307697181,-0.014871549596029212,-0.014458488804408485
1389,sp500,23,schur,0.0005296016947667502,0.0005901063920898437,0.007625083924507403,0.0073516937681218425,1.1025670475056537,1.2742163722672273,-0.015179885591402029,-0.014573495710100446
1390,reit,13,hrp,0.0003983192063604552,0.0005938077919386142,0.009647830698464937,0.009065486755266727,0.655393069419052,1.0398125019349171,-0.02184750948032006,-0.0195504801021186
1390,reit,13,schur,0.000344877673553178,0.0005048857060613259,0.009794663155516206,0.00923750452881187,0.5589537133472585,0.867638233626719,-0.022106162246666068,-0.020255010116691143
1391,sp500,13,hrp,3.1360723958077126e-05,6.777922509765626e-05,0.02875567884830432,0.028721769122433453,0.017312617163182026,0.03746154484439485,-0.07175160611779326,-0.07183443454415457
1391,sp500,13,schur,0.00014698284231906984,0.00021304766357421856,0.02860516276345252,0.028571428992758795,0.08156850236836258,0.11837093665079082,-0.07034133538651367,-0.07033179585484096
1392,reit,20,hrp,0.0014528689656591852,0.001603639863451581,0.01199605013091448,0.009811053469008364,1.9225978194898468,2.594725806727032,-0.025096453105569832,-0.018899432004410348
1392,reit,20,schur,0.0013870774933348957,0.0012906718489877525,0.011264501698860585,0.009167594461645187,1.9547400469087042,2.2349134776195347,-0.023511178814983404,-0.018118788871930667
1393,sp500,27,hrp,0.0005411146702388123,0.0005040559926757814,0.013853691859687392,0.012658436970931409,0.6200462069117769,0.6321191817920561,-0.026118323427565787,-0.02429908010428292
1393,sp500,27,schur,0.0005922373915972244,0.0005555896044921875,0.013581254315882602,0.012657084474634591,0.6922392374822418,0.6968201535408493,-0.026044465952274113,-0.024614564165387837
1394,reit,13,hrp,0.0007418885882985406,0.0008390196459735147,0.00942692066214552,0.00948261188269892,1.2493068153442928,1.4045733532931879,-0.024354576162041914,-0.023907311292395622
1394,reit,13,schur,0.0006974562177197981,0.000786371521161451,0.009444420803599822,0.00940783181951757,1.1723084395428185,1.3269009414775796,-0.024671315424119183,-0.024098521559069573
1395,sp500,16,hrp,0.00031457003069156525,0.0003131189624023437,0.008654139341946969,0.008596808606574904,0.5770238066931306,0.5781924036286619,-0.019283021356274282,-0.018972223005022323
1395,sp500,16,schur,0.000297959604305026,0.00027992268505859367,0.008544991227421566,0.008406639009636493,0.5535362127964538,0.5285863780815673,-0.018683194348538264,-0.018182515084402905
1396,sp500,35,hrp,0.0003214381036798413,0.00033021714843750014,0.007736856165260988,0.007434769083259851,0.6595277973931686,0.7050702801637969,-0.01947079537537282,-0.01826798811558315
1396,sp500,35,schur,0.00042378019923194264,0.00043848950195312514,0.008152876755277023,0.007670505891455663,0.8251445849432775,0.9074766575483669,-0.020781918882284874,-0.019007870544433595
1397,sp500,16,hrp,0.001104472860442181,0.0010370909169921875,0.007199395088542755,0.007090333107193801,2.435338371581138,2.321937160222839,-0.014503348611878951,-0.014383908421107702
1397,sp500,16,schur,0.0012391109647122754,0.00115686921484375,0.007237702936729076,0.006953568804956034,2.717751326436953,2.6410509432695273,-0.014234106411295442,-0.013804985421316964
1398,sp500,19,hrp,-0.0013957913171571623,-0.001388868236328125,0.014223599696940425,0.013867935431587828,-1.5577983573886014,-1.5898256702830815,-0.031551017997999205,-0.030610935433523997
1398,sp500,19,schur,-0.0014201618165568348,-0.001429331938964844,0.014190352763228739,0.013882173983542178,-1.5887110281636978,-1.6344659803051114,-0.031520911287472204,-0.03058912439836775
1399,reit,25,hrp,-0.001764794016740636,-0.0014110200751990276,0.012033831464802714,0.010971067994233884,-2.328039625886699,-2.0416653415282986,-0.026981381294069153,-0.024866069771137277
1399,reit,25,schur,-0.0018648215352226735,-0.001570603159768038,0.012289273803170655,0.011272187699229136,-2.4088587010457503,-2.211864535968994,-0.027385015355587104,-0.025419171705500877
1400,reit,17,hrp,0.004105242071977281,0.004017533340326812,0.021108789413306305,0.020052078078909956,3.0872778295826,3.1805364193933525,-0.04047242307657863,-0.04008956391806817
1400,reit,17,schur,0.004146870981425612,0.003888074145967935,0.02104714797308331,0.018598796618260836,3.1277176413508814,3.318562210345711,-0.039728147188340564,-0.03592624799373438
1401,sp500,34,hrp,0.0009261424158114735,0.0008039341108398436,0.007354359168163375,0.0071023531872489425,1.999093969851079,1.7968774616132102,-0.019457657601356797,-0.018549940935407367
1401,sp500,34,schur,0.0010067081792160466,0.0008736664975585935,0.007513297340991347,0.0072165474489008065,2.127028411737687,1.9218366935570579,-0.019551412524365226,-0.018654235508510048
1402,sp500,38,hrp,1.1032390025066272e-05,-0.00022551758300781266,0.011971547793597086,0.011614661125490386,0.014629166191161957,-0.30822945299793036,-0.021070246360483876,-0.021036701974051334
1402,sp500,38,schur,0.000192156677162394,-0.00019234268945312482,0.01244111832491111,0.013630138008609806,0.24518637340547197,-0.22401427886034958,-0.02250084962129501,-0.027485635977608815
1403,reit,13,hrp,-0.0008506821056597765,-0.0009008775764028863,0.009612137472845467,0.008756584277234938,-1.4049070580025342,-1.6331697064161164,-0.021622920468103084,-0.019753343954988022
1403,reit,13,schur,-0.0008874968275461503,-0.0009917492659167403,0.009666775326392983,0.008759841212447755,-1.457422449015612,-1.797239372433803,-0.022041080402378576,-0.020236337886241094
1404,reit,14,hrp,0.0009863445576611262,0.0009116558509897548,0.008493194239742626,0.008314156130423188,1.843562503997857,1.7406562675698116,-0.018167870376297,-0.017783336356917406
1404,reit,14,schur,0.0009934519965028705,0.0009510750591069511,0.008457952277610377,0.008123455337471823,1.864583886942772,1.8585500726119628,-0.01787284705474273,-0.0166099883751964
1405,reit,21,hrp,0.0005351544351227104,0.0006173301731030442,0.009528369582413281,0.0093614140940915,0.8915810009896796,1.0468303816693523,-0.024013043203909467,-0.02372613029969578
1405,reit,21,schur,0.000504085805260517,0.0005672504312813593,0.009556304024867983,0.00933104030976132,0.837364954078355,0.9650393883914109,-0.024059562491478864,-0.023610800126578558
1406,reit,13,hrp,0.0006504812845437472,0.0008424281538502779,0.008735681457625523,0.008370646107910516,1.1820566396012289,1.597622475345667,-0.019502877898339616,-0.018704287135450616
1406,reit,13,schur,0.0007462006712588184,0.0009809321980006082,0.008868534806569075,0.008568287042770914,1.3356849450517536,1.8173779444855853,-0.019816868528464104,-0.019209510044655854
1407,reit,12,hrp,0.0032232101362659376,0.0029852714037780707,0.020933354366260697,0.020198536292166214,2.4442749961583714,2.346195471646941,-0.038589926252990014,-0.03879380390710911
1407,reit,12,schur,0.003008458066132054,0.002700835241396296,0.020043068348901967,0.018808511097035706,2.3827584881297232,2.279522821565572,-0.03699937053409093,-0.036223865293386066
1408,reit,22,hrp,-0.00022714687144271268,-0.00015522087523636642,0.010764327597377452,0.010424560217573466,-0.3349809604848116,-0.23637016368454714,-0.023413216734770113,-0.022468929152445916
1408,reit,22,schur,-0.0003004374771678925,-0.00028195012421606815,0.010981212449085181,0.010784194677358073,-0.4343142541656825,-0.4150351137664562,-0.023755340672418388,-0.023161498547112434
1409,reit,24,hrp,0.00011400734605886843,0.0005770776559356324,0.02290065349278962,0.020579730474057135,0.07902877148930712,0.4451381809987668,-0.04991155090550513,-0.04554743764012278
1409,reit,24,schur,6.499863936993799e-05,0.0005324400032677106,0.023201523857888533,0.020875973128121963,0.04447213977420487,0.40487803698437974,-0.04984589576717167,-0.045145311602029906
1410,reit,18,hrp,-0.00022550162611828205,-0.00020480830598217317,0.013783596649715775,0.012674767292904881,-0.2597092347280539,-0.2565120912504247,-0.025575094693845866,-0.0233428472145333
1410,reit,18,schur,-0.000259685415633109,-0.00023512213058129476,0.012977791514597704,0.012057602017344361,-0.3176486668488215,-0.3095514436540194,-0.02443941158528436,-0.022306570545779857
1411,reit,21,hrp,0.0007897030238762857,0.0007094196916328358,0.010209145588691473,0.010085240474722233,1.2279330092540006,1.1166504659578629,-0.02177613546372472,-0.02181434340521286
1411,reit,21,schur,0.0008709099483982159,0.0007683080361980653,0.010308870695078791,0.010056705407021478,1.341103912901197,1.2127741114818265,-0.021972988442522202,-0.021866459009050133
1412,reit,24,hrp,0.0005014187497265901,0.0004628026930408482,0.010977965540037339,0.010668691447472595,0.7250683979521663,0.688628500264925,-0.027173459595819096,-0.025843990862274346
1412,reit,24,schur,0.0006136119003368538,0.0006565685084190882,0.01104165422693702,0.010737674714702357,0.8821854713619766,0.9706665762048152,-0.027802448751799942,-0.026735320302086116
1413,sp500,23,hrp,-0.00023521973362223373,-0.00024095446582031248,0.009832417466067124,0.009745680484825247,-0.3797639313629852,-0.39248501621427284,-0.025081765247265856,-0.024088468636648996
1413,sp500,23,schur,-0.0001370423489307289,-0.0001327500590820311,0.0097589444488576,0.009704101013309693,-0.2229216343560341,-0.2171599259190297,-0.02438896608445854,-0.023368869655064173
1414,reit,18,hrp,0.0017269511998312627,0.0017585235741947476,0.007015493657221494,0.006376411383048383,3.907707959848171,4.377963502479784,-0.01262078979380375,-0.011872038939671712
1414,reit,18,schur,0.0017999471831426923,0.0018511659630860763,0.006693167265350929,0.006624414543671105,4.2690216133994445,4.436067285534568,-0.012485213631982595,-0.01223988341676687
1415,reit,18,hrp,0.0009144998087783949,0.0010805987377262478,0.022244614459408375,0.020227066179766433,0.6526179374676668,0.8480702544792807,-0.04770133713215479,-0.04372307012717171
1415,reit,18,schur,0.0007652251430780657,0.000892156303919271,0.022627066729178982,0.020767290135961392,0.5368602434749199,0.6819639043848736,-0.04848494377173523,-0.04498374860541627
1416,reit,13,hrp,-0.00061102023055675,-0.0005898038605684185,0.011807087070535812,0.011674732999917165,-0.8215104537257286,-0.8019751735894545,-0.0250196730006224,-0.024518778357796294
1416,reit,13,schur,-4.524003407056829e-05,0.00033350404686471625,0.01097254432099569,0.0113208648987546,-0.06545093423361155,0.4676508961791807,-0.0223264779136202,-0.022063371223851123
1417,reit,22,hrp,0.0008254232154906388,0.0006625694518624058,0.010896303997163868,0.010332926107127537,1.2025350367258105,1.0179075962193003,-0.021649337098946755,-0.020566832782037192
1417,reit,22,schur,0.00016515157597766218,-0.0005387480730857919,0.012568767850782385,0.018425315663872326,0.2085884649258202,-0.4641635823352913,-0.024190620552905023,-0.03390970445326751
1418,reit,13,hrp,-0.00014730007603725692,-0.00014595185292657248,0.015449800679863533,0.015273058760005204,-0.1513492804357378,-0.1516993991710357,-0.029876345309605284,-0.030584830960923164
1418,reit,13,schur,-0.00019442879258806247,-0.0001705781097837341,0.015088517453461082,0.014826586068158997,-0.20455696902702933,-0.18263432547096364,-0.030177158649676274,-0.03080435168023788
1419,reit,21,hrp,-0.00037569153514745493,-0.00041704631476459803,0.013822642423925478,0.012582633661289715,-0.4314600672669212,-0.5261541567999491,-0.02592816789404723,-0.023108366738363504
1419,reit,21,schur,-0.00021904397628655115,-0.0001931083697780833,0.01445378771644456,0.014246183785643834,-0.24057467792262632,-0.21518045683199907,-0.027899217042258364,-0.02789023882227284
1420,reit,13,hrp,-0.00045132496395492154,-0.00029090763588712336,0.011614448163857045,0.011320396670401,-0.6168663021713634,-0.40793760932043027,-0.026477775765499784,-0.02566169403300138
1420,reit,13,schur,-0.0004549751913318779,-0.0003194262324694915,0.0117434346487657,0.011527945105900302,-0.6150251157201441,-0.43986453730354297,-0.026980545815553838,-0.02648907686883203
1421,sp500,34,hrp,-6.458836952554531e-05,0.00010239753320312498,0.0100439849682336,0.008727347216581744,-0.10208185131232149,0.1862548155805303,-0.02523172266826934,-0.02093788180106027
1421,sp500,34,schur,-0.00025527800163578613,-0.00019827669384765633,0.011937457316305439,0.012795982554968674,-0.33947033591045944,-0.24597915186932987,-0.02839360756769175,-0.028782174952915737
1422,sp500,34,hrp,0.0005448600367545129,0.00041526612744140613,0.010618372034959219,0.0102676773735204,0.8145678933703834,0.6420288802327937,-0.01955071710756573,-0.019039373038155692
1422,sp500,34,schur,0.0006532284902714206,0.000636916629394531,0.010630839331257694,0.010282531208737997,0.9754338753735382,0.9832927163852919,-0.01995613605167331,-0.019683911036900113
1423,reit,20,hrp,0.001906892727492454,0.001789639705473077,0.009121572101056977,0.008108756947173466,3.3186147374122563,3.5035764134519813,-0.016387890148242962,-0.013343945394662696
1423,reit,20,schur,0.0019525413803610787,0.0018666029802826504,0.009486979995394286,0.008580528128319833,3.267176015659021,3.4533309897466116,-0.017560270936340064,-0.014645297976335276
1424,sp500,23,hrp,0.00044497042879451757,0.0004143209311523438,0.007267630695895704,0.00695936915485485,0.9719380177363071,0.9450771663978603,-0.015926954833561,-0.014818779802594868
1424,sp500,23,schur,0.00043876585798869873,0.00038438440234375004,0.007214886873354974,0.006887442939087402,0.9653917221996601,0.8859475530596627,-0.016000517069035873,-0.014800035400390626
1425,reit,21,hrp,-0.00017753790440633375,-0.00033999478898132866,0.012303020584190647,0.011923515967412772,-0.22907600948842177,-0.4526559084556666,-0.026444169079462124,-0.025035195071156095
1425,reit,21,schur,9.580740041734796e-05,8.296931067384829e-05,0.012367661020627871,0.011982119808870609,0.12297356218339496,0.10992186657870695,-0.026284780762028448,-0.0254013040318182
1426,sp500,26,hrp,0.0012680895128122454,0.0012389971992187501,0.009420941727922733,0.00939225950123074,2.1367605837914634,2.0941149233422345,-0.01943635011356624,-0.018952443664550782
1426,sp500,26,schur,0.0011549817837790185,0.0011404466118164066,0.009392938257161547,0.009201803446267164,1.9519735901761301,1.9674435360623481,-0.01987383715688531,-0.01879893719482422
1427,reit,12,hrp,0.0031772694606369985,0.0027719185233869834,0.03296585957275265,0.02814892522583847,1.529994658116036,1.563215719657421,-0.05964459074509649,-0.05163020125411765
1427,reit,12,schur,0.003162458497416675,0.00277362688759934,0.03263543231292917,0.028132184977886384,1.5382812096065432,1.565109922326686,-0.059550809115788896,-0.052100854419262654
1428,reit,13,hrp,6.111288588237076e-05,5.1300166728413506e-05,0.014802423855005195,0.014390621446018974,0.06553906287106508,0.05658997447274794,-0.031699080736659876,-0.031308994695319114
1428,reit,13,schur,-2.025903380657923e-05,-0.0001998380569544018,0.015021541503265526,0.014996910686789324,-0.021409400057779707,-0.21153228644088265,-0.031992240504634555,-0.03238683628381037
1429,reit,17,hrp,0.0008372912903201748,0.0006476497672412879,0.011074204166616638,0.011582877730513017,1.2002295582298446,0.8876137315731232,-0.02261331570866238,-0.024143133967133214
1429,reit,17,schur,0.0008394204252482571,0.0007008058172437796,0.010884367917536495,0.010905551241046457,1.2242682574465773,1.0201178475760406,-0.022316286617634695,-0.022368245850000208
1430,sp500,40,hrp,0.0004257021268002887,0.00041033946972656246,0.008010658834961099,0.007368910962998548,0.8436024926109474,0.883975552530352,-0.01991712898084281,-0.0183047248273577
1430,sp500,40,schur,0.00040362801612421726,0.00033214923730468746,0.008344638197260038,0.007913055929169794,0.7678458868548853,0.6663298891861965,-0.02058295223995772,-0.019867440734863278
1431,sp500,31,hrp,0.00043226805924675917,0.0003789219882812502,0.007486531534392231,0.00730289348421385,0.9165850267747289,0.8236735338835969,-0.01805865570957762,-0.017162577828543527
1431,sp500,31,schur,0.0004279789265929741,0.0003806602416992191,0.007370416631127799,0.007199729965700423,0.9217870816359366,0.8393084226857342,-0.01771831955218865,-0.016928870056152342
1432,sp500,18,hrp,-0.0007727380065935706,-0.0006971718085937497,0.012299737065615574,0.012086518825474374,-0.9973250240136201,-0.9156697242235703,-0.028929090660150886,-0.028605582754952567
1432,sp500,18,schur,-0.0007660463971358811,-0.000727716694824219,0.012164723321154994,0.01207091096216208,-0.9996618284119575,-0.957023412126921,-0.02830881526220182,-0.02802948040771484
1433,reit,24,hrp,0.0019556155001610254,0.0017336431710810308,0.008349574846815548,0.007761474935665018,3.718085556508985,3.545812153611863,-0.014505960149332777,-0.01480087882439746
1433,reit,24,schur,0.0019832568676262058,0.0017004085385305802,0.008521179703279555,0.007678971718731082,3.6947028278352523,3.515203559759528,-0.014860750444009788,-0.014407467062955192
1434,sp500,20,hrp,0.00022193435880404712,0.0002375281782226563,0.009397672976477207,0.009160292666663954,0.37489054295409024,0.41162908990957753,-0.0188460835064408,-0.01858280407714844
1434,sp500,20,schur,0.00034802028061946456,0.00046964915429687485,0.00876079954197428,0.00819485002161168,0.6306103291014338,0.9097725003711216,-0.016886009168365506,-0.015397172049386159
1435,reit,18,hrp,0.000763946149714628,0.0004707847401749318,0.018918056001576124,0.01863293656440996,0.6410420374128809,0.40108954567885796,-0.035618047286927135,-0.03615570089134941
1435,reit,18,schur,0.0006582471705476841,0.0002789894964815038,0.018710890521696524,0.01849185020753394,0.5584635255478534,0.2395012346969339,-0.03463165278378002,-0.03517453300209094
1436,reit,19,hrp,0.0012649736039878803,0.0013712804677434016,0.00948273577463142,0.008479971205539632,2.11762026323661,2.567037321777199,-0.01945692657896723,-0.017122978316649076
1436,reit,19,schur,0.0012039258662820292,0.0012137784588918978,0.01024267515777577,0.009637661169749514,1.8658924880901608,1.9992543164112884,-0.021868244443279793,-0.02000419265408588
1437,reit,23,hrp,0.00010324634423707871,-0.0006220621174443061,0.024991139600435912,0.02442248727146082,0.06558263968637405,-0.4043376035777811,-0.05457524614501735,-0.05215066762747061
1437,reit,23,schur,0.0002273688554693033,-0.0004456193217502068,0.025790786036372564,0.025486792505912625,0.1399479907137658,-0.2775550288211771,-0.05610671916107611,-0.05436832602886349
1438,sp500,12,hrp,0.0006616164835294967,0.00043809020751953116,0.007733310142611476,0.007931207736297042,1.3581294269382473,0.8768483535778729,-0.018105592479572354,-0.01935162564522879
1438,sp500,12,schur,0.0006011343360783661,0.000381275623046875,0.007615038072628401,0.007840591661464353,1.2531403856183114,0.7719523141432184,-0.017850557973275383,-0.019098691231863838
1439,sp500,38,hrp,0.0013783064882967322,0.0013110462944335936,0.01101702779637854,0.010880538364231307,1.9860108910637155,1.9127927329958614,-0.023634290503266653,-0.022791083862304693
1439,sp500,38,schur,0.0010128455074981404,0.0008885586933593751,0.009731647407924024,0.009570814556638706,1.6521790507044685,1.4737963925647621,-0.022623411829272133,-0.02211379323032924
1440,sp500,33,hrp,-0.00011595750026600542,-0.00014959864697265606,0.00598459744346768,0.005817560688413462,-0.3075843057996454,-0.40821317135515905,-0.013247937853476447,-0.012743683864048548
1440,sp500,33,schur,-9.591337830123757e-05,-0.00013718526806640632,0.006097671453707832,0.005939335160804004,-0.24969821511274784,-0.3666653856216881,-0.01331198671498572,-0.012883807364327567
1441,reit,23,hrp,-0.0009052880804918425,-0.0011086026071336023,0.021586420325307006,0.020340085067224616,-0.6657427465297097,-0.8652137269572103,-0.05275159242893469,-0.0506974817187598
1441,reit,23,schur,-0.0007221356064959192,-0.0008239019696641204,0.02129512095255668,0.0200061442101398,-0.5383180208958477,-0.6537510757288436,-0.05131940852578085,-0.048792765419464035
1442,sp500,13,hrp,-0.00014596137241593143,-0.00036293901953125005,0.008171024683351761,0.00816310582301393,-0.2835709160598158,-0.7057948831588949,-0.017311417287754947,-0.017686987801688057
1442,sp500,13,schur,8.136383028477675e-05,-7.906146289062522e-05,0.00835356910361705,0.008175108439618613,0.15461783435009224,-0.1535223445481157,-0.017435697463902944,-0.01704630100795201
1443,reit,14,hrp,0.0004306012465658119,0.0005614304642126851,0.008123816743375555,0.007733209407021562,0.84142504586397,1.1524881651958907,-0.016596274027216962,-0.014280352044932417
1443,reit,14,schur,0.00027745985538061755,0.000305380293661064,0.008500448485633808,0.008216510411057094,0.518153679101786,0.5900025231439597,-0.017678167699002434,-0.016017479288995478
1444,reit,12,hrp,0.0022786549168441715,0.002043709049030037,0.016239829101102242,0.014459485932365585,2.227395693454085,2.243708768568029,-0.0327722089112767,-0.02686316642832513
1444,reit,12,schur,0.0022974531485922293,0.0020555776683470776,0.016962588880520504,0.014799549642803604,2.150080883105448,2.204883571035789,-0.034919440802550966,-0.028118221924359275
1445,reit,17,hrp,0.0014490716859058808,0.001561358888682159,0.0088417525395281,0.008812504009832,2.6016674606118406,2.81257221931313,-0.020092749095526986,-0.01879093041454056
1445,reit,17,schur,0.0013691577550238167,0.0014403898111054133,0.009080425251398211,0.008941574979610574,2.393577938335472,2.557209377452785,-0.020899885530005022,-0.020120546261622775
1446,sp500,15,hrp,-3.9360953010726225e-05,-8.79007314453124e-05,0.007899350046980978,0.007709036131912924,-0.07909964167698677,-0.18100587789612294,-0.017008626238792957,-0.016488710893903462
1446,sp500,15,schur,-8.894673805128986e-06,-5.950570410156254e-05,0.007556516236721617,0.007439989676237184,-0.018685670071388622,-0.12696573637356617,-0.016022657832018724,-0.015788258021763393
1447,sp500,28,hrp,6.24597386125978e-05,6.082879150390638e-05,0.00925554509037261,0.009143727328274958,0.10712687391794415,0.10560541610264568,-0.022513214452513714,-0.021927744480678014
1447,sp500,28,schur,-6.244982108926961e-05,-6.791928466796876e-05,0.009616109945354515,0.009682150721615336,-0.10309368151671616,-0.11135802878321692,-0.022684740405495913,-0.022462448032924104
1448,sp500,21,hrp,0.00010439141763251597,0.00017208812646484346,0.012539153439990933,0.011558158743621854,0.13215903197304846,0.23635376342149228,-0.019469817152378468,-0.018494379865373885
1448,sp500,21,schur,7.100851003714229e-06,9.604841015624984e-05,0.012924840512653253,0.012049907882143334,0.008721385382369207,0.1265338505067643,-0.01981034763240452,-0.019559395577566967
1449,reit,21,hrp,0.0006440917289865168,0.0006542286131499821,0.006568886423305536,0.006466220772498816,1.5565254990855002,1.6061247568340904,-0.013967333608661786,-0.013611619750384685
1449,reit,21,schur,-0.003025540863156822,-0.003760391595590885,0.025716459162375648,0.031035393739021665,-1.867635506466944,-1.9234286655706168,-0.05139424140969969,-0.061553995681213294
1450,sp500,28,hrp,0.00023522465516461415,0.00010144813330078115,0.006706546605101485,0.0066375315088389375,0.5567806888777238,0.2426262215055438,-0.013571305475543265,-0.013302644653320315
1450,sp500,28,schur,0.0002572660282857822,0.0001394037705078124,0.006768315772832203,0.006622683146723281,0.6033955457825797,0.33414949839858576,-0.014014817342909266,-0.013668455479213169
1451,reit,24,hrp,0.0014402234570438973,0.001280956518026723,0.016886582966654896,0.014858076195416866,1.353905561790999,1.3685859497872293,-0.03330332385369039,-0.030171718513884168
1451,reit,24,schur,0.0014387616764768478,0.001304399586450966,0.01675780064494964,0.014446202340419387,1.3629254837789182,1.4333664314041017,-0.03280585457009481,-0.02902599761479762
1452,sp500,23,hrp,1.864268174758818e-05,-3.866912304687496e-05,0.00862271339524995,0.008251115278856053,0.03432137709873047,-0.07439640306165132,-0.023053102641779667,-0.02172320491245815
1452,sp500,23,schur,-5.9466850048126164e-05,-0.00011982714746093734,0.00850759992338428,0.008158845983201896,-0.1109604338920002,-0.2331453490961626,-0.022470687750246483,-0.0211363856375558
1453,reit,23,hrp,0.0012776880852228643,0.0012874908407644826,0.005659687429174662,0.0056637073796231155,3.5837084315127576,3.6086404380901707,-0.012407420804475152,-0.012041015537420277
1453,reit,23,schur,0.0012234216983517613,0.001182519701727417,0.005556601104914522,0.005490693591257559,3.495161341924868,3.4188610227894203,-0.012145864255451496,-0.011575031029957045
1454,reit,25,hrp,0.0005858502382976934,0.0005883845564980618,0.017910277111777496,0.016462290404328343,0.5192596495487037,0.5673764124664954,-0.035961938246167266,-0.03357220481017558
1454,reit,25,schur,0.0006157611879386503,0.0006907270052748627,0.018081380266546227,0.016850865474551665,0.5406061748412846,0.6507055257975616,-0.03633799627574298,-0.034147179271375935
1455,reit,25,hrp,0.0006704915409014404,0.0005336951068903983,0.010280773465068734,0.01000964664851401,1.035303742130949,0.8463982266388902,-0.022728282887265944,-0.021963449333155076
1455,reit,25,schur,0.0006999765647762314,0.0006149517851137175,0.010299505108831503,0.009939301731538803,1.0788657674725757,0.9821672803493218,-0.02288043809317974,-0.022001403479773887
1456,sp500,26,hrp,0.000979564391345856,0.0009833468833007812,0.00802600838450727,0.0076675897416098125,1.937464040788884,2.035861119385943,-0.015268298456601609,-0.014149724766322546
1456,sp500,26,schur,0.0009556874213748773,0.0009459500195312499,0.007800260006506075,0.007522220161164701,1.944943819278994,1.9962844352501912,-0.014785084625670703,-0.013925122924804688
1457,sp500,37,hrp,-4.5512794496920904e-05,-7.934595751953135e-05,0.00977279837329305,0.00949266468629822,-0.0739290003400734,-0.13268961544885668,-0.027118198780636763,-0.02622733696637835
1457,sp500,37,schur,-5.338180387615648e-05,-7.136922216796869e-05,0.00992017796904643,0.009611519525875762,-0.0854228490857871,-0.11787431484410883,-0.026985387500117773,-0.025944593069893974
1458,sp500,19,hrp,0.0012476871650316168,0.0012750824321289065,0.005318244424466506,0.004979125771667159,3.7242402069686813,4.065232939947508,-0.009657573182824456,-0.008936782148088728
1458,sp500,19,schur,0.0012954792685168988,0.0013501576616210937,0.005442560047206858,0.00508059794611,3.7785703162554127,4.218615337723756,-0.009670940939945425,-0.008841597359793526
1459,reit,16,hrp,-0.0001729520531026169,-7.6202738612534e-05,0.01613769870043857,0.016278043543318636,-0.17013136621585045,-0.07431365878373396,-0.030594321923219026,-0.030610952335039205
1459,reit,16,schur,-0.00024369021144856582,-0.00021308445928287995,0.015659986619378174,0.015524676015330042,-0.24702844725390388,-0.21788608804143877,-0.030484440989657715,-0.030634517382844235
1460,sp500,39,hrp,0.0007236651234166836,0.0006421794755859375,0.006235995926133645,0.006176217941434511,1.8421801153149533,1.6505705001811886,-0.016857011748314076,-0.016580551818847655
1460,sp500,39,schur,0.0008377106835404573,0.0008028987763671877,0.005903793882193075,0.005846470353043748,2.2524913811320246,2.180054318537392,-0.015552843983427548,-0.015293058846609935
1461,reit,18,hrp,0.00037075903780942363,0.0002716620422823756,0.0066486174158036536,0.006472761343175051,0.8852392751987741,0.6662537051142207,-0.014802324782845268,-0.014857518996390146
1461,reit,18,schur,0.00035041530376676,0.00027018693673372044,0.006699057600957238,0.006553816067371687,0.8303661242371096,0.6544408034164856,-0.01459279886511442,-0.014504568331946983
1462,reit,24,hrp,0.00038743910903427917,0.0005041739613456513,0.008610114231770686,0.008737380349007109,0.7143232968287813,0.9160083681510796,-0.019117052324864048,-0.018694625302219964
1462,reit,24,schur,0.0016260910610149885,0.0028163868192922345,0.013347172938201673,0.020066057443004853,1.9339972186666565,2.228078676871849,-0.022975371069533592,-0.032920738348592556
1463,sp500,27,hrp,-0.00026216152131126804,-0.00028417685400390625,0.010546308376074356,0.009784509125789813,-0.3946106053338212,-0.46105202073344986,-0.024776656180482446,-0.023212698521205357
1463,sp500,27,schur,-0.00029230479374811895,-0.0003383392368164061,0.010706680261995788,0.009917008203970826,-0.4333924834019788,-0.5415916540433062,-0.02496805309441238,-0.02345272726004464
1464,reit,19,hrp,0.0014585002300474218,0.0011990490309248495,0.014421142994594578,0.013414365437085017,1.6054880936756664,1.41894995800391,-0.02759184431981025,-0.026227783850503845
1464,reit,19,schur,0.0014771530166928632,0.0013252181732055159,0.014570258819770195,0.013264029573597418,1.6093795912212074,1.5860328264878158,-0.027719296903897385,-0.024518978026129144
1465,reit,23,hrp,0.0023171189113029246,0.0024822882990818283,0.013053900849965014,0.011724282305584,2.8177877867773296,3.360982284744928,-0.022241241173111263,-0.01825975335065849
1465,reit,23,schur,0.002553059191632949,0.0034192135110026035,0.012184964367334608,0.013855697654973126,3.3261121657096537,3.917401572181944,-0.01971256361529483,-0.018563390440717035
1466,reit,25,hrp,0.0006514601308577908,0.0004912962417990332,0.00841939370853975,0.008243562040937236,1.2283080385527543,0.9460820475948875,-0.019846225759161236,-0.019489241954091456
1466,reit,25,schur,0.0007763650646869421,0.0005294503142190439,0.00827451524137514,0.008141026952626506,1.489442337955395,1.032395940566193,-0.01952457832610528,-0.019678750021907686
1467,sp500,26,hrp,-0.0004878298450553071,-0.0006076312026367188,0.008415246611666408,0.008349618450951862,-0.9202414462878815,-1.155243962677059,-0.02396433525070235,-0.02373727493722098
1467,sp500,26,schur,-0.0004857475035476193,-0.0006007132729492187,0.008409502127095382,0.008372041279539357,-0.9169392491500746,-1.1390325559169325,-0.02389125881542644,-0.023931562779017857
1468,reit,21,hrp,-0.002548258083552182,-0.00284530894018881,0.05853239041868446,0.05163665671917877,-0.6911103869768103,-0.8747250891739845,-0.12133870836278796,-0.10492983710059892
1468,reit,21,schur,-0.002458951235349495,-0.0026113483987831683,0.05880161637553417,0.051553652945090504,-0.66383618571513,-0.8040918214372549,-0.12049534808102748,-0.10228238067755895
1469,sp500,12,hrp,-0.0010689543565241158,-0.0011763534155273439,0.013115748451411753,0.012694071615211055,-1.2937976360491106,-1.4710828892806902,-0.03109111694169217,-0.030965244053431918
1469,sp500,12,schur,-0.0010457453396539884,-0.001143312332519531,0.013392484921163107,0.012936458704186556,-1.2395528326742833,-1.4029744176005106,-0.031862976226663675,-0.0315009762311663
1470,reit,12,hrp,0.0009927293691159719,0.00117506395278584,0.023971899680966344,0.021458468992991156,0.6573984702488195,0.8692867123045896,-0.05311014206125903,-0.04813829424786611
1470,reit,12,schur,0.000972550589415704,0.0011345006405437013,0.0242179074675151,0.02187726113093707,0.6374936398963599,0.8232127063320969,-0.05357565106607874,-0.049152910170613406
1471,reit,24,hrp,0.001519058799541457,0.001295789284314147,0.009994622529607899,0.00891399625257063,2.412728523902754,2.3076089112213394,-0.019067810960623575,-0.018429210012197075
1471,reit,24,schur,0.0014614491006622722,0.0011241564648781907,0.00986655188294273,0.008855851807458773,2.351356940097378,2.0151004141384883,-0.01873741406026997,-0.018273087970377522
1472,reit,12,hrp,0.00022815301840899125,0.00024958307634650285,0.005649931158992714,0.005628208447455802,0.641037347810677,0.7039555385640994,-0.01133263912831424,-0.011513832280710979
1472,reit,12,schur,0.0002457542503703052,0.0002804796978920972,0.005864336424794544,0.005676486884250779,0.665246244094576,0.7843719647980419,-0.01153351868035191,-0.01133617450029735
1473,reit,15,hrp,0.00047168009152595607,0.00019069289081675414,0.01175775442099455,0.009263924867754915,0.6368298788395537,0.32676817208129705,-0.02197577793169921,-0.017578325601523084
1473,reit,15,schur,0.0005517638362545767,0.0002682759839680441,0.011990698958477902,0.009474350167556942,0.7304811328632763,0.44950304163834137,-0.02198544331192709,-0.01789170622261832
1474,sp500,22,hrp,-0.000753541913360043,-0.0008934328300781252,0.010261348656647424,0.01013110724199434,-1.165744136716135,-1.3999265973984651,-0.02560589994313541,-0.025977831516810823
1474,sp500,22,schur,-0.0005391034049383698,-0.0005901229716796872,0.010076975212448356,0.009972195262795991,-0.8492629049953934,-0.93940316140968,-0.02529832060177657,-0.02555551829310826
1475,sp500,31,hrp,0.00019820558870643263,0.000392357705078125,0.014243407546959325,0.013466707239145696,0.22090333136286158,0.4625099042470595,-0.02765326230565556,-0.026043193246024
1475,sp500,31,schur,7.012580952388171e-05,0.0002155422011718753,0.014514499635180932,0.013953386193830538,0.07669659601805334,0.24521835205523704,-0.02808340879179842,-0.026688470145089287
1476,reit,13,hrp,0.000460628603369904,0.0005393639953077703,0.00747354159063739,0.007655113315228503,0.978418638472448,1.1184861195100202,-0.016499815462342114,-0.016926093274986422
1476,reit,13,schur,0.00045885323088561207,0.000508195671534108,0.007394563117917539,0.007424368482790838,0.985057414083218,1.0866050363922346,-0.01636275138405806,-0.01626341488712305
1477,reit,12,hrp,-0.00012528149672079284,-5.442099846799011e-05,0.007137863623238188,0.006923244998942788,-0.27862427894143393,-0.12478347486022753,-0.014355385406655303,-0.013924410980668775
1477,reit,12,schur,-0.00020312676455910722,-0.00019660775602109708,0.007293465730339778,0.007158591886447553,-0.442113192971317,-0.4359867721274063,-0.014648954794638994,-0.014818148950340783
1478,sp500,15,hrp,-0.0009086343503113898,-0.0011478373271484378,0.015909162565157065,0.015153660928744279,-0.9066550852449404,-1.202438985855087,-0.02874575410031826,-0.027865862269810273
1478,sp500,15,schur,-0.0008426190659760669,-0.0010782437475585936,0.0156387707471953,0.015127710754798424,-0.8553206135849339,-1.1314725096176759,-0.02756988097910626,-0.0286666224016462
1479,sp500,18,hrp,-0.0032333266608968237,-0.002984234269042969,0.024985978818250716,0.024561096509219924,-2.0542509015302475,-1.928792159636789,-0.08185601880227525,-0.07964358995710101
1479,sp500,18,schur,-0.003103251679369093,-0.0028621312109375,0.02490403245773417,0.02462390062194504,-1.9780970523199783,-1.8451554495865956,-0.08196767056564867,-0.08068554299490793
1480,reit,13,hrp,-0.0022944903537462234,-0.0021856823830701012,0.016556488249531195,0.01692462209884964,-2.1999777139289263,-2.0500683548987078,-0.042704797052470704,-0.044033561972396974
1480,reit,13,schur,-0.0028054105481424623,-0.0029192947463045128,0.019872780679236486,0.022701743489753973,-2.2409803909054733,-2.041357195117222,-0.05031022995150627,-0.0539316915521474
1481,sp500,29,hrp,0.0016966215359946622,0.0016449394926757812,0.007583430901945715,0.007459478335690574,3.5515629096744927,3.5005939746852026,-0.015473159011862319,-0.01488447038922991
1481,sp500,29,schur,0.0017235007140997518,0.0016821031791992187,0.00763758789118592,0.007538341462707249,3.582246912703325,3.542232768623324,-0.015467211362877263,-0.01521865216936384
1482,reit,18,hrp,0.001190880433475541,0.001082259585242404,0.008555338271163565,0.007982920444381808,2.2096894605388138,2.152136980332177,-0.01902503832860556,-0.017840856195234036
1482,reit,18,schur,0.0012865349691052212,0.001392922177684894,0.008538889980136057,0.007793034261142829,2.3917756915657176,2.8373998273275722,-0.018708005084269664,-0.017090394050113544
1483,sp500,28,hrp,-0.0015433740886900717,-0.0014302688989257812,0.012445829494341906,0.012199466873610038,-1.968555339989795,-1.8611317299579675,-0.0297624140960435,-0.02945763601248605
1483,sp500,28,schur,-0.0015325403341080448,-0.001468096568847656,0.012458391765055471,0.012162448565729586,-1.9527659787993534,-1.9161692980520872,-0.02928806314256988,-0.02910914242989676
1484,reit,13,hrp,-0.00028991302394817964,-0.00016195219062820618,0.016715721478381046,0.015532895055176335,-0.2753232389751037,-0.16551398274266962,-0.034263939882252285,-0.031341131505917476
1484,reit,13,schur,-0.00029017212249327117,-0.00020001959179895618,0.01701732256522419,0.01612851462494142,-0.2706853339278592,-0.19686949835628076,-0.035055357874411934,-0.03281909986254762
1485,sp500,25,hrp,-0.0001512798806542975,-0.0004060021484374997,0.011802916771662869,0.010946018542878423,-0.20346611790387784,-0.5888062653917722,-0.02146280946850741,-0.020565371372767854
1485,sp500,25,schur,-4.6671729606645954e-05,-0.00026081116210937503,0.011312589464123017,0.01049529351820275,-0.0654925860368477,-0.39448623684189643,-0.020839495195198534,-0.020116105512346542
1486,reit,18,hrp,0.000633901445540467,0.0005515068104813737,0.009621543408089598,0.009277748147216056,1.0458689481446315,0.9436448438169694,-0.023299130735143694,-0.022263767144628268
1486,reit,18,schur,0.0008513155631893986,0.000846899005499934,0.009476528090033999,0.009059556597076239,1.4260724472331265,1.4839694173535227,-0.02225977500541059,-0.02035636932221801
1487,sp500,23,hrp,0.00020881499556960664,0.0001296644184570313,0.009990703317083438,0.009834823190133781,0.33179198546725464,0.20929291670964043,-0.027343095366044536,-0.026819178754534042
1487,sp500,23,schur,0.00015577414060786353,8.321679589843776e-05,0.00991556165778634,0.009772706094593731,0.24938958636977027,0.13517501379030616,-0.02696096810232009,-0.026333963361467632
1488,sp500,32,hrp,0.0007408982156974588,0.00071915476953125,0.0050446002848885466,0.00494729083066488,2.3314819587418825,2.3075716461447024,-0.009790847642381936,-0.009705373203822545
1488,sp500,32,schur,0.0007731438072584553,0.0007663522915039063,0.005178241134020351,0.005086226375629259,2.3701633687043606,2.391845069695269,-0.010015013569889725,-0.009756012268066407
1489,reit,14,hrp,0.0003672179459699638,0.0005923999915633186,0.01312791252214013,0.01266739159924736,0.44404654297837665,0.7423831696083797,-0.02385479523574195,-0.02371127437166471
1489,reit,14,schur,0.0017468054035577908,0.002682480663518194,0.03079052071516819,0.0501158040112507,0.900591333818076,0.8496932501550291,-0.04876519950356082,-0.08396419173416025
1490,sp500,12,hrp,0.0008755467989676066,0.0006381039931640622,0.011863162012499788,0.012245435513086902,1.1715994886487229,0.8272132786319073,-0.025228509623017426,-0.025957190054757256
1490,sp500,12,schur,0.0008178256341090796,0.0005824231752929689,0.011940063799438285,0.012417905978942372,1.0873124030215588,0.7445443131420856,-0.025420373686633163,-0.026141815438406806
1491,reit,25,hrp,-0.0006264124677727441,-0.0005436846198185546,0.01019140432180486,0.009717076828319262,-0.9757232009710528,-0.888201866325719,-0.023375678748238822,-0.02257434645093725
1491,reit,25,schur,-0.0006741167535141544,-0.0006435242960255665,0.010385023902382702,0.010029229569797671,-1.0304522942955208,-1.0185858672766877,-0.02412560198716541,-0.023400327430203476
1492,sp500,17,hrp,0.00033157136718185275,0.00032678322949218755,0.005785889117540324,0.0056474263272836426,0.9097188296679298,0.918564076190863,-0.013307921683424302,-0.01293611261858259
1492,sp500,17,schur,0.00040047202084358,0.00040231507519531253,0.0059155318801689715,0.005771827148414247,1.0746787227132546,1.1065046928352535,-0.013701884855539814,-0.013387181971958704
1493,reit,25,hrp,-0.0006570985932494381,-0.00046243733466884575,0.008614149756031036,0.008437789448786334,-1.2109281917495391,-0.8700104632224241,-0.0236153661535585,-0.02277353251986112
1493,reit,25,schur,-0.0007726421940968992,-0.0006107357649391463,0.008677728934382166,0.00848044032021387,-1.413424489384263,-1.1432342353381704,-0.0237887983812596,-0.022907061743513004
1494,sp500,30,hrp,6.59884685471633e-05,-9.238726562499828e-06,0.006800567978585736,0.006787721695497223,0.15403631966350242,-0.02160669574727809,-0.01974446936495369,-0.019546520071847096
1494,sp500,30,schur,3.905729257269763e-05,-1.519520751953117e-05,0.006795663411672966,0.006767591062449155,0.09123690515926423,-0.03564288076426618,-0.01965384850922639,-0.01937824755859375
1495,sp500,27,hrp,0.0009453671531259948,0.0008813953164062501,0.007950631866315611,0.007704812804112098,1.8875529091598453,1.8159710351717702,-0.019019856169118766,-0.01805177464076451
1495,sp500,27,schur,0.000964543814218099,0.0009455909165039065,0.007945406741109969,0.007745111474450319,1.9271081852936869,1.9380986951503116,-0.018828279393184127,-0.01813071883719308
1496,reit,20,hrp,0.0010056812297327127,0.0008899123275122729,0.010191728717327679,0.009727338894284893,1.566436375541231,1.4522903331546122,-0.023765930545756483,-0.02320470918890071
1496,reit,20,schur,0.001050789779954879,0.000964827309286689,0.010450583621551376,0.01002593251605957,1.5961568494044667,1.527654279184864,-0.024158138713802395,-0.0235157974093402
1497,reit,21,hrp,-0.0005030374145168411,-0.0005338859361882242,0.009559326897918774,0.008784624763209474,-0.8353591711120808,-0.9647738773394375,-0.022055482310151215,-0.020807325732260913
1497,reit,21,schur,-0.0005321754703424268,-0.0005642883402879546,0.00968246422037616,0.008961833081516705,-0.8725076073579483,-0.9995499375330793,-0.022412758319836332,-0.020997267426471938
1498,reit,14,hrp,0.0014075245560119737,0.0010037506742511563,0.017364557927236842,0.015385254130783767,1.286745089058607,1.0356701188581574,-0.035226164895639546,-0.03235980490471391
1498,reit,14,schur,0.001490240081963384,0.0010774175146750563,0.01733644752970863,0.015365334821543718,1.3645718284206845,1.1131207364327744,-0.03522346865747899,-0.0318887148180156
1499,reit,17,hrp,-0.0005321021832535517,-0.0001558108545379962,0.008845109352598586,0.008827889427070742,-0.9549752249585142,-0.2801825573899053,-0.02347306301203373,-0.022853468370368186
1499,reit,17,schur,-0.0006954407243287126,-0.0004049277296031516,0.00919553914157604,0.009205583056515202,-1.2005581270431387,-0.6982749913221712,-0.023957729771623353,-0.023691921339539353
